language	book	k	kmer	count	frequency
dutch	camera_obscura	2	PR	398	0.0010938483398515335
dutch	camera_obscura	2	RO	2287	0.006285505410151902
dutch	camera_obscura	2	OD	709	0.0019485891280269778
dutch	camera_obscura	2	DU	276	0.0007585480949724202
dutch	camera_obscura	2	UC	486	0.001335704254190566
dutch	camera_obscura	2	CE	1311	0.0036031034511189958
dutch	camera_obscura	2	ED	5114	0.014055126658293322
dutch	camera_obscura	2	DB	749	0.00205852363454472
dutch	camera_obscura	2	BY	188	0.0005166921806333876
dutch	camera_obscura	2	YR	68	0.0001868886610801615
dutch	camera_obscura	2	OG	305	0.0008382506121977832
dutch	camera_obscura	2	GE	1028	0.002825316817505971
dutch	camera_obscura	2	ER	5928	0.016292293865929373
dutch	camera_obscura	2	RF	316	0.0008684826014901622
dutch	camera_obscura	2	FR	668	0.0018359062588462923
dutch	camera_obscura	2	RA	1850	0.00508447092644557
dutch	camera_obscura	2	AN	6119	0.01681723113455159
dutch	camera_obscura	2	NK	235	0.0006458652257917346
dutch	camera_obscura	2	KA	454	0.0012477566489763722
dutch	camera_obscura	2	ND	5128	0.014093603735574532
dutch	camera_obscura	2	DT	2112	0.005804541944136781
dutch	camera_obscura	2	TH	12966	0.03563527028772609
dutch	camera_obscura	2	HE	13282	0.03650375288921625
dutch	camera_obscura	2	EO	858	0.002358095164805567
dutch	camera_obscura	2	ON	2959	0.00813240511964997
dutch	camera_obscura	2	NL	322	0.0008849727774678236
dutch	camera_obscura	2	LI	1878	0.005161425081007989
dutch	camera_obscura	2	IN	7078	0.019452910928314457
dutch	camera_obscura	2	NE	2284	0.006277260322163071
dutch	camera_obscura	2	DI	1617	0.004444102425979723
dutch	camera_obscura	2	IS	3760	0.010333843612667754
dutch	camera_obscura	2	ST	4053	0.011139113872910214
dutch	camera_obscura	2	TR	1037	0.002850052081472463
dutch	camera_obscura	2	RI	1571	0.004317677743484319
dutch	camera_obscura	2	IB	211	0.0005799045218810894
dutch	camera_obscura	2	BU	544	0.001495109288641292
dutch	camera_obscura	2	UT	1367	0.0037570117602438347
dutch	camera_obscura	2	TE	2418	0.0066455409189975076
dutch	camera_obscura	2	DP	219	0.0006018914231846377
dutch	camera_obscura	2	OO	1455	0.0039988676745828676
dutch	camera_obscura	2	OF	2616	0.00718971672626033
dutch	camera_obscura	2	RE	4664	0.012818363459968724
dutch	camera_obscura	2	EA	4180	0.011488155931104044
dutch	camera_obscura	2	AD	2222	0.006106861837060571
dutch	camera_obscura	2	NG	3574	0.009822648157360253
dutch	camera_obscura	2	GT	546	0.001500606013967179
dutch	camera_obscura	2	AM	997	0.002740117574954721
dutch	camera_obscura	2	MA	1668	0.004584268921789844
dutch	camera_obscura	2	AT	4135	0.011364479611271586
dutch	camera_obscura	2	HT	1354	0.0037212830456255686
dutch	camera_obscura	2	TT	1931	0.005307088302143998
dutch	camera_obscura	2	TP	112	0.0003078166182496778
dutch	camera_obscura	2	PW	40	0.00010993450651774205
dutch	camera_obscura	2	WW	127	0.00034904205819383103
dutch	camera_obscura	2	WP	11	3.0231989292379064e-05
dutch	camera_obscura	2	PG	10	2.7483626629435513e-05
dutch	camera_obscura	2	GD	110	0.00030231989292379063
dutch	camera_obscura	2	PN	7	1.923853864060486e-05
dutch	camera_obscura	2	ET	2971	0.008165385471605292
dutch	camera_obscura	2	TI	2307	0.006340472663410773
dutch	camera_obscura	2	IL	1197	0.003289790107543431
dutch	camera_obscura	2	LL	1572	0.0043204261061472625
dutch	camera_obscura	2	LU	271	0.0007448062816577025
dutch	camera_obscura	2	US	958	0.002632931431099922
dutch	camera_obscura	2	IO	902	0.002479023121975083
dutch	camera_obscura	2	NA	1144	0.003144126886407423
dutch	camera_obscura	2	AG	777	0.002135477789107139
dutch	camera_obscura	2	GA	916	0.002517500199256293
dutch	camera_obscura	2	AI	1305	0.0035866132751413344
dutch	camera_obscura	2	NS	974	0.002676905233707019
dutch	camera_obscura	2	HA	5021	0.01379952893063957
dutch	camera_obscura	2	TS	1026	0.0028198200921800837
dutch	camera_obscura	2	SA	2213	0.006082126573094079
dutch	camera_obscura	2	AV	1512	0.00415552434637065
dutch	camera_obscura	2	VA	137	0.0003765256848232665
dutch	camera_obscura	2	EB	763	0.0020970007118259297
dutch	camera_obscura	2	BA	651	0.0017891840935762519
dutch	camera_obscura	2	AC	1460	0.004012609487897585
dutch	camera_obscura	2	CK	1110	0.003050682555867342
dutch	camera_obscura	2	KG	15	4.122543994415327e-05
dutch	camera_obscura	2	GR	584	0.0016050437951590341
dutch	camera_obscura	2	OU	3521	0.009676984936224244
dutch	camera_obscura	2	UN	1367	0.0037570117602438347
dutch	camera_obscura	2	DO	1356	0.003726779770951456
dutch	camera_obscura	2	FM	93	0.0002555977276537503
dutch	camera_obscura	2	MO	1101	0.00302594729190085
dutch	camera_obscura	2	NT	3709	0.010193677116857633
dutch	camera_obscura	2	TA	2047	0.005625898371045449
dutch	camera_obscura	2	DG	296	0.0008135153482312912
dutch	camera_obscura	2	GO	759	0.0020860072611741556
dutch	camera_obscura	2	OR	2423	0.006659282732312225
dutch	camera_obscura	2	RG	224	0.0006156332364993556
dutch	camera_obscura	2	ES	3928	0.01079556854004227
dutch	camera_obscura	2	SH	2840	0.007805349962759686
dutch	camera_obscura	2	TO	3682	0.010119471324958156
dutch	camera_obscura	2	TC	368	0.0010113974599632268
dutch	camera_obscura	2	CL	469	0.0012889820889205256
dutch	camera_obscura	2	LE	2233	0.00613709382635295
dutch	camera_obscura	2	AR	2553	0.0070165698784948865
dutch	camera_obscura	2	RC	253	0.0006953357537247185
dutch	camera_obscura	2	CU	179	0.0004919569166668957
dutch	camera_obscura	2	AS	4178	0.011482659205778158
dutch	camera_obscura	2	CA	967	0.002657666695066414
dutch	camera_obscura	2	ME	2020	0.005551692579145974
dutch	camera_obscura	2	OS	932	0.00256147400186339
dutch	camera_obscura	2	SL	742	0.002039285095904115
dutch	camera_obscura	2	EN	3710	0.010196425479520576
dutch	camera_obscura	2	DE	1851	0.005087219289108514
dutch	camera_obscura	2	EE	1918	0.005271359587525732
dutch	camera_obscura	2	DW	787	0.002162961415736575
dutch	camera_obscura	2	WI	1561	0.004290194116854884
dutch	camera_obscura	2	LD	1205	0.0033117770088469793
dutch	camera_obscura	2	PA	659	0.0018111709948798003
dutch	camera_obscura	2	AL	1634	0.004490824591249763
dutch	camera_obscura	2	LP	77	0.00021162392504665346
dutch	camera_obscura	2	PI	495	0.001360439518157058
dutch	camera_obscura	2	IT	3363	0.009242743635479164
dutch	camera_obscura	2	GB	141	0.00038751913547504076
dutch	camera_obscura	2	BE	1492	0.004100557093111779
dutch	camera_obscura	2	AU	578	0.0015885536191813728
dutch	camera_obscura	2	IF	688	0.0018908735121051633
dutch	camera_obscura	2	FU	261	0.0007173226550282669
dutch	camera_obscura	2	UL	1104	0.0030341923798896807
dutch	camera_obscura	2	LS	286	0.0007860317216018557
dutch	camera_obscura	2	EW	2185	0.0060051724185316594
dutch	camera_obscura	2	WA	3062	0.008415486473933155
dutch	camera_obscura	2	SM	470	0.0012917304515834692
dutch	camera_obscura	2	AP	562	0.0015445798165742758
dutch	camera_obscura	2	IC	1101	0.00302594729190085
dutch	camera_obscura	2	CT	398	0.0010938483398515335
dutch	camera_obscura	2	TU	550	0.0015115994646189533
dutch	camera_obscura	2	UR	1151	0.0031633654250480276
dutch	camera_obscura	2	FE	655	0.0018001775442280262
dutch	camera_obscura	2	EC	1341	0.0036855543310073025
dutch	camera_obscura	2	CO	1204	0.003309028646184036
dutch	camera_obscura	2	YJ	8	2.198690130354841e-05
dutch	camera_obscura	2	JA	46	0.00012642468249540335
dutch	camera_obscura	2	SO	1418	0.0038971782560539557
dutch	camera_obscura	2	OL	975	0.0026796535963699627
dutch	camera_obscura	2	IV	385	0.0010581196252332672
dutch	camera_obscura	2	VE	1857	0.005103709465086175
dutch	camera_obscura	2	RW	285	0.0007832833589389122
dutch	camera_obscura	2	WO	1089	0.0029929669399455273
dutch	camera_obscura	2	DF	583	0.0016022954324960905
dutch	camera_obscura	2	SP	720	0.001978821117319357
dutch	camera_obscura	2	IE	656	0.0018029259068909698
dutch	camera_obscura	2	YL	87	0.00023910755167608897
dutch	camera_obscura	2	RR	630	0.0017314684776544374
dutch	camera_obscura	2	PH	169	0.00046447329003746016
dutch	camera_obscura	2	HP	20	5.4967253258871025e-05
dutch	camera_obscura	2	PU	182	0.0005002020046557264
dutch	camera_obscura	2	UB	135	0.0003710289594973794
dutch	camera_obscura	2	BL	619	0.0017012364883620583
dutch	camera_obscura	2	YD	148	0.0004067576741156456
dutch	camera_obscura	2	DA	2440	0.006706004897582265
dutch	camera_obscura	2	AY	725	0.001992562930634075
dutch	camera_obscura	2	YP	67	0.00018414029841721795
dutch	camera_obscura	2	OM	1657	0.004554036932497465
dutch	camera_obscura	2	MP	361	0.000992158921322622
dutch	camera_obscura	2	NY	236	0.0006486135884546781
dutch	camera_obscura	2	YF	197	0.0005414274445998796
dutch	camera_obscura	2	FO	1419	0.0038999266187168995
dutch	camera_obscura	2	RP	141	0.00038751913547504076
dutch	camera_obscura	2	PF	27	7.420579189947588e-05
dutch	camera_obscura	2	FC	86	0.00023635918901314542
dutch	camera_obscura	2	RS	1067	0.0029325029613607692
dutch	camera_obscura	2	NC	754	0.0020722654478594377
dutch	camera_obscura	2	YN	62	0.00017039848510250018
dutch	camera_obscura	2	WY	25	6.870906657358879e-05
dutch	camera_obscura	2	YO	895	0.0024597845833344784
dutch	camera_obscura	2	RK	208	0.0005716594338922587
dutch	camera_obscura	2	KC	40	0.00010993450651774205
dutch	camera_obscura	2	OP	395	0.0010856032518627029
dutch	camera_obscura	2	PY	29	7.970251722536299e-05
dutch	camera_obscura	2	IG	840	0.0023086246368725833
dutch	camera_obscura	2	GH	1571	0.004317677743484319
dutch	camera_obscura	2	TB	365	0.0010031523719743962
dutch	camera_obscura	2	YA	621	0.0017067332136879454
dutch	camera_obscura	2	LR	44	0.00012092795716951626
dutch	camera_obscura	2	SR	177	0.0004864601913410086
dutch	camera_obscura	2	SE	2114	0.005810038669462668
dutch	camera_obscura	2	RV	87	0.00023910755167608897
dutch	camera_obscura	2	EU	169	0.00046447329003746016
dutch	camera_obscura	2	NI	1195	0.003284293382217544
dutch	camera_obscura	2	DS	1401	0.0038504560907839155
dutch	camera_obscura	2	RY	473	0.0012999755395723
dutch	camera_obscura	2	EP	925	0.002542235463222785
dutch	camera_obscura	2	SS	1742	0.004787647758847667
dutch	camera_obscura	2	SG	229	0.0006293750498140733
dutch	camera_obscura	2	RD	660	0.0018139193575427439
dutch	camera_obscura	2	CI	278	0.0007640448202983073
dutch	camera_obscura	2	TY	321	0.00088222441480488
dutch	camera_obscura	2	YC	136	0.000373777322160323
dutch	camera_obscura	2	YE	600	0.0016490175977661309
dutch	camera_obscura	2	EV	549	0.0015088511019560097
dutch	camera_obscura	2	YW	361	0.000992158921322622
dutch	camera_obscura	2	WE	1106	0.003039689105215568
dutch	camera_obscura	2	EK	232	0.0006376201378029039
dutch	camera_obscura	2	PO	621	0.0017067332136879454
dutch	camera_obscura	2	NU	166	0.00045622820204862955
dutch	camera_obscura	2	RT	1441	0.003960390597301657
dutch	camera_obscura	2	TL	812	0.002231670482310164
dutch	camera_obscura	2	EG	662	0.001819416082868631
dutch	camera_obscura	2	GI	623	0.0017122299390138324
dutch	camera_obscura	2	IR	1069	0.0029379996866866565
dutch	camera_obscura	2	RL	464	0.0012752402756058079
dutch	camera_obscura	2	LB	76	0.0002088755623837099
dutch	camera_obscura	2	EY	1056	0.0029022709720683904
dutch	camera_obscura	2	LT	448	0.0012312664729987111
dutch	camera_obscura	2	CH	1216	0.0033420089981393585
dutch	camera_obscura	2	PT	299	0.0008217604362201218
dutch	camera_obscura	2	II	23	6.321234124770168e-05
dutch	camera_obscura	2	FY	47	0.0001291730451583469
dutch	camera_obscura	2	UH	66	0.0001813919357542744
dutch	camera_obscura	2	EI	1097	0.003014953841249076
dutch	camera_obscura	2	FT	1326	0.003644328891063149
dutch	camera_obscura	2	AK	481	0.0013219624408758483
dutch	camera_obscura	2	KS	200	0.0005496725325887103
dutch	camera_obscura	2	RU	435	0.0011955377583804448
dutch	camera_obscura	2	EF	1220	0.0033530024487911326
dutch	camera_obscura	2	TW	1311	0.0036031034511189958
dutch	camera_obscura	2	DM	345	0.0009481851187155252
dutch	camera_obscura	2	OA	367	0.0010086490973002834
dutch	camera_obscura	2	LY	1271	0.0034931689446012536
dutch	camera_obscura	2	YT	524	0.001440142035382421
dutch	camera_obscura	2	HR	401	0.001102093427840364
dutch	camera_obscura	2	UG	662	0.001819416082868631
dutch	camera_obscura	2	MI	951	0.0026136928924593173
dutch	camera_obscura	2	ID	1671	0.004592514009778674
dutch	camera_obscura	2	DN	589	0.0016187856084737518
dutch	camera_obscura	2	FD	71	0.00019513374906899214
dutch	camera_obscura	2	PD	14	3.847707728120972e-05
dutch	camera_obscura	2	EM	1599	0.004394631898046739
dutch	camera_obscura	2	MB	285	0.0007832833589389122
dutch	camera_obscura	2	SC	564	0.001550076541900163
dutch	camera_obscura	2	LW	158	0.0004342413007450811
dutch	camera_obscura	2	DH	1766	0.004853608462758311
dutch	camera_obscura	2	EL	1835	0.005043245486501416
dutch	camera_obscura	2	LO	1744	0.004793144484173554
dutch	camera_obscura	2	OK	877	0.0024103140554014944
dutch	camera_obscura	2	KE	1358	0.0037322764962773427
dutch	camera_obscura	2	DL	390	0.001071861438547985
dutch	camera_obscura	2	IK	408	0.001121331966480969
dutch	camera_obscura	2	HI	5167	0.01420078987942933
dutch	camera_obscura	2	FF	310	0.000851992425512501
dutch	camera_obscura	2	FI	1018	0.0027978331908765355
dutch	camera_obscura	2	LF	457	0.001256001736965203
dutch	camera_obscura	2	GL	419	0.001151563955773348
dutch	camera_obscura	2	OW	1674	0.004600759097767505
dutch	camera_obscura	2	GW	172	0.00047271837802629084
dutch	camera_obscura	2	RM	400	0.0010993450651774206
dutch	camera_obscura	2	MT	437	0.0012010344837063318
dutch	camera_obscura	2	HB	66	0.0001813919357542744
dutch	camera_obscura	2	FS	178	0.0004892085540039522
dutch	camera_obscura	2	HO	1445	0.003971384047953432
dutch	camera_obscura	2	FP	43	0.00011817959450657271
dutch	camera_obscura	2	PL	429	0.0011790475824027835
dutch	camera_obscura	2	LA	1433	0.003938403695998109
dutch	camera_obscura	2	AW	803	0.002206935218343672
dutch	camera_obscura	2	WH	1505	0.004136285807730045
dutch	camera_obscura	2	TM	327	0.0008987145907825413
dutch	camera_obscura	2	OT	1834	0.005040497123838473
dutch	camera_obscura	2	EH	1756	0.004826124836128876
dutch	camera_obscura	2	FA	1281	0.0035206525712306895
dutch	camera_obscura	2	CN	3	8.245087988830655e-06
dutch	camera_obscura	2	UM	257	0.0007063292043764927
dutch	camera_obscura	2	NF	262	0.0007200710176912104
dutch	camera_obscura	2	KY	63	0.00017314684776544373
dutch	camera_obscura	2	YH	387	0.0010636163505591545
dutch	camera_obscura	2	HY	162	0.0004452347513968553
dutch	camera_obscura	2	NW	394	0.0010828548891997592
dutch	camera_obscura	2	GG	153	0.00042049948743036334
dutch	camera_obscura	2	NO	1811	0.004977284782590772
dutch	camera_obscura	2	HC	44	0.00012092795716951626
dutch	camera_obscura	2	SN	501	0.0013769296941347191
dutch	camera_obscura	2	WL	148	0.0004067576741156456
dutch	camera_obscura	2	UD	275	0.0007557997323094767
dutch	camera_obscura	2	DD	721	0.0019815694799823007
dutch	camera_obscura	2	DJ	35	9.61926932030243e-05
dutch	camera_obscura	2	JU	109	0.0002995715302608471
dutch	camera_obscura	2	AB	708	0.0019458407653640344
dutch	camera_obscura	2	BO	460	0.0012642468249540336
dutch	camera_obscura	2	OV	499	0.001371432968808832
dutch	camera_obscura	2	KI	633	0.001739713565643268
dutch	camera_obscura	2	GM	81	0.00022261737569842765
dutch	camera_obscura	2	OC	361	0.000992158921322622
dutch	camera_obscura	2	FW	121	0.00033255188221616974
dutch	camera_obscura	2	CR	438	0.0012037828463692755
dutch	camera_obscura	2	SI	1651	0.004537546756519803
dutch	camera_obscura	2	OH	511	0.0014044133207641548
dutch	camera_obscura	2	GU	194	0.000533182356611049
dutch	camera_obscura	2	NX	25	6.870906657358879e-05
dutch	camera_obscura	2	XI	56	0.0001539083091248389
dutch	camera_obscura	2	YI	338	0.0009289465800749203
dutch	camera_obscura	2	MY	190	0.0005221889059592748
dutch	camera_obscura	2	YS	474	0.0013027239022352433
dutch	camera_obscura	2	SD	273	0.0007503030069835895
dutch	camera_obscura	2	KN	330	0.0009069596787713719
dutch	camera_obscura	2	HU	395	0.0010856032518627029
dutch	camera_obscura	2	TF	386	0.0010608679878962109
dutch	camera_obscura	2	WS	223	0.0006128848738364119
dutch	camera_obscura	2	SF	583	0.0016022954324960905
dutch	camera_obscura	2	PE	990	0.002720879036314116
dutch	camera_obscura	2	WB	37	0.0001016894185289114
dutch	camera_obscura	2	DC	366	0.0010059007346373398
dutch	camera_obscura	2	NJ	14	3.847707728120972e-05
dutch	camera_obscura	2	JO	86	0.00023635918901314542
dutch	camera_obscura	2	OY	123	0.00033804860754205684
dutch	camera_obscura	2	EX	274	0.000753051369646533
dutch	camera_obscura	2	XP	118	0.00032430679422733907
dutch	camera_obscura	2	DV	62	0.00017039848510250018
dutch	camera_obscura	2	BR	636	0.0017479586536320987
dutch	camera_obscura	2	LH	192	0.0005276856312851619
dutch	camera_obscura	2	UX	10	2.7483626629435513e-05
dutch	camera_obscura	2	XE	38	0.00010443778119185495
dutch	camera_obscura	2	SV	131	0.0003600355088456052
dutch	camera_obscura	2	VO	197	0.0005414274445998796
dutch	camera_obscura	2	OI	460	0.0012642468249540336
dutch	camera_obscura	2	DR	485	0.0013329558915276224
dutch	camera_obscura	2	YB	171	0.00046997001536334726
dutch	camera_obscura	2	TJ	24	6.596070391064524e-05
dutch	camera_obscura	2	JE	25	6.870906657358879e-05
dutch	camera_obscura	2	NH	1117	0.003069921094507947
dutch	camera_obscura	2	PP	409	0.0011240803291439126
dutch	camera_obscura	2	RH	664	0.0018249128081945182
dutch	camera_obscura	2	CS	8	2.198690130354841e-05
dutch	camera_obscura	2	SY	82	0.00022536573836137122
dutch	camera_obscura	2	NN	251	0.0006898390283988314
dutch	camera_obscura	2	SW	756	0.002077762173185325
dutch	camera_obscura	2	RN	463	0.0012724919129428643
dutch	camera_obscura	2	BI	346	0.0009509334813784688
dutch	camera_obscura	2	IM	1852	0.005089967651771457
dutch	camera_obscura	2	OJ	10	2.7483626629435513e-05
dutch	camera_obscura	2	OB	248	0.0006815939404100007
dutch	camera_obscura	2	SB	487	0.0013384526168535094
dutch	camera_obscura	2	WZ	3	8.245087988830655e-06
dutch	camera_obscura	2	ZE	154	0.0004232478500933069
dutch	camera_obscura	2	PS	214	0.00058814960986992
dutch	camera_obscura	2	IA	239	0.0006568586764435088
dutch	camera_obscura	2	GC	77	0.00021162392504665346
dutch	camera_obscura	2	AF	462	0.0012697435502799206
dutch	camera_obscura	2	WM	43	0.00011817959450657271
dutch	camera_obscura	2	EQ	75	0.00020612719972076636
dutch	camera_obscura	2	QU	361	0.000992158921322622
dutch	camera_obscura	2	UE	224	0.0006156332364993556
dutch	camera_obscura	2	GS	407	0.0011185836038180253
dutch	camera_obscura	2	NM	145	0.00039851258612681495
dutch	camera_obscura	2	SK	232	0.0006376201378029039
dutch	camera_obscura	2	YK	22	6.046397858475813e-05
dutch	camera_obscura	2	WN	359	0.000986662195996735
dutch	camera_obscura	2	MH	294	0.0008080186229054041
dutch	camera_obscura	2	RB	222	0.0006101365111734684
dutch	camera_obscura	2	VI	1229	0.0033777377127576246
dutch	camera_obscura	2	YM	145	0.00039851258612681495
dutch	camera_obscura	2	SU	566	0.00155557326722605
dutch	camera_obscura	2	UP	440	0.0012092795716951625
dutch	camera_obscura	2	NB	201	0.0005524208952516538
dutch	camera_obscura	2	KW	114	0.0003133133435755649
dutch	camera_obscura	2	HH	418	0.0011488155931104044
dutch	camera_obscura	2	HF	66	0.0001813919357542744
dutch	camera_obscura	2	AQ	31	8.519924255125009e-05
dutch	camera_obscura	2	UI	270	0.0007420579189947588
dutch	camera_obscura	2	FH	507	0.0013934198701123805
dutch	camera_obscura	2	KT	165	0.00045347983938568597
dutch	camera_obscura	2	CW	5	1.3741813314717756e-05
dutch	camera_obscura	2	TN	208	0.0005716594338922587
dutch	camera_obscura	2	MM	96	0.00026384281564258095
dutch	camera_obscura	2	XT	52	0.00014291485847306467
dutch	camera_obscura	2	DK	55	0.00015115994646189531
dutch	camera_obscura	2	IZ	116	0.00031881006890145197
dutch	camera_obscura	2	ZZ	59	0.00016215339711366953
dutch	camera_obscura	2	ZA	21	5.771561592181458e-05
dutch	camera_obscura	2	BW	2	5.496725325887102e-06
dutch	camera_obscura	2	BB	62	0.00017039848510250018
dutch	camera_obscura	2	TD	343	0.0009426883933896382
dutch	camera_obscura	2	GY	33	9.06959678771372e-05
dutch	camera_obscura	2	DY	336	0.0009234498547490333
dutch	camera_obscura	2	AZ	94	0.0002583460903166938
dutch	camera_obscura	2	SQ	63	0.00017314684776544373
dutch	camera_obscura	2	UA	169	0.00046447329003746016
dutch	camera_obscura	2	YG	60	0.00016490175977661308
dutch	camera_obscura	2	XC	64	0.00017589521042838728
dutch	camera_obscura	2	WD	44	0.00012092795716951626
dutch	camera_obscura	2	EJ	44	0.00012092795716951626
dutch	camera_obscura	2	HS	167	0.00045897656471157307
dutch	camera_obscura	2	IH	108	0.00029682316759790353
dutch	camera_obscura	2	MS	484	0.001330207528864679
dutch	camera_obscura	2	IP	282	0.0007750382709500815
dutch	camera_obscura	2	OE	103	0.0002830813542831858
dutch	camera_obscura	2	UY	17	4.6722165270040374e-05
dutch	camera_obscura	2	YY	44	0.00012092795716951626
dutch	camera_obscura	2	TV	21	5.771561592181458e-05
dutch	camera_obscura	2	MW	155	0.0004259962127562505
dutch	camera_obscura	2	GN	72	0.0001978821117319357
dutch	camera_obscura	2	RQ	14	3.847707728120972e-05
dutch	camera_obscura	2	FL	324	0.0008904695027937106
dutch	camera_obscura	2	FN	18	4.947052793298392e-05
dutch	camera_obscura	2	NQ	21	5.771561592181458e-05
dutch	camera_obscura	2	LM	185	0.000508447092644557
dutch	camera_obscura	2	MU	379	0.0010416294492556059
dutch	camera_obscura	2	KP	18	4.947052793298392e-05
dutch	camera_obscura	2	TQ	28	7.695415456241944e-05
dutch	camera_obscura	2	LN	45	0.0001236763198324598
dutch	camera_obscura	2	IU	20	5.4967253258871025e-05
dutch	camera_obscura	2	KB	46	0.00012642468249540335
dutch	camera_obscura	2	KF	54	0.00014841158379895177
dutch	camera_obscura	2	WT	245	0.00067334885242117
dutch	camera_obscura	2	LG	52	0.00014291485847306467
dutch	camera_obscura	2	YQ	13	3.572871461826617e-05
dutch	camera_obscura	2	UW	80	0.0002198690130354841
dutch	camera_obscura	2	TK	48	0.00013192140782129048
dutch	camera_obscura	2	KD	30	8.245087988830654e-05
dutch	camera_obscura	2	UF	50	0.00013741813314717757
dutch	camera_obscura	2	WR	49	0.00013466977048423403
dutch	camera_obscura	2	XU	24	6.596070391064524e-05
dutch	camera_obscura	2	LC	51	0.00014016649581012112
dutch	camera_obscura	2	NR	76	0.0002088755623837099
dutch	camera_obscura	2	FG	47	0.0001291730451583469
dutch	camera_obscura	2	HM	119	0.0003270551568902826
dutch	camera_obscura	2	NP	106	0.00029132644227201644
dutch	camera_obscura	2	KH	163	0.0004479831140597989
dutch	camera_obscura	2	OQ	8	2.198690130354841e-05
dutch	camera_obscura	2	LV	55	0.00015115994646189531
dutch	camera_obscura	2	MG	40	0.00010993450651774205
dutch	camera_obscura	2	NV	76	0.0002088755623837099
dutch	camera_obscura	2	BT	45	0.0001236763198324598
dutch	camera_obscura	2	KL	118	0.00032430679422733907
dutch	camera_obscura	2	UO	33	9.06959678771372e-05
dutch	camera_obscura	2	SJ	39	0.0001071861438547985
dutch	camera_obscura	2	CC	99	0.00027208790363141157
dutch	camera_obscura	2	TG	118	0.00032430679422733907
dutch	camera_obscura	2	HW	131	0.0003600355088456052
dutch	camera_obscura	2	AO	23	6.321234124770168e-05
dutch	camera_obscura	2	UU	9	2.473526396649196e-05
dutch	camera_obscura	2	FK	5	1.3741813314717756e-05
dutch	camera_obscura	2	AH	198	0.0005441758072628231
dutch	camera_obscura	2	MF	115	0.0003160617062385084
dutch	camera_obscura	2	MK	10	2.7483626629435513e-05
dutch	camera_obscura	2	KR	14	3.847707728120972e-05
dutch	camera_obscura	2	MC	51	0.00014016649581012112
dutch	camera_obscura	2	HL	56	0.0001539083091248389
dutch	camera_obscura	2	OX	54	0.00014841158379895177
dutch	camera_obscura	2	LK	76	0.0002088755623837099
dutch	camera_obscura	2	KO	254	0.0006980841163876621
dutch	camera_obscura	2	MN	62	0.00017039848510250018
dutch	camera_obscura	2	YU	40	0.00010993450651774205
dutch	camera_obscura	2	ML	60	0.00016490175977661308
dutch	camera_obscura	2	CF	5	1.3741813314717756e-05
dutch	camera_obscura	2	GP	30	8.245087988830654e-05
dutch	camera_obscura	2	LQ	4	1.0993450651774205e-05
dutch	camera_obscura	2	XH	23	6.321234124770168e-05
dutch	camera_obscura	2	HG	25	6.870906657358879e-05
dutch	camera_obscura	2	GF	150	0.0004122543994415327
dutch	camera_obscura	2	FB	96	0.00026384281564258095
dutch	camera_obscura	2	MQ	14	3.847707728120972e-05
dutch	camera_obscura	2	HD	66	0.0001813919357542744
dutch	camera_obscura	2	OZ	32	8.794760521419364e-05
dutch	camera_obscura	2	YZ	6	1.649017597766131e-05
dutch	camera_obscura	2	CQ	14	3.847707728120972e-05
dutch	camera_obscura	2	PV	5	1.3741813314717756e-05
dutch	camera_obscura	2	DQ	30	8.245087988830654e-05
dutch	camera_obscura	2	KQ	6	1.649017597766131e-05
dutch	camera_obscura	2	UZ	18	4.947052793298392e-05
dutch	camera_obscura	2	ZL	44	0.00012092795716951626
dutch	camera_obscura	2	VY	32	8.794760521419364e-05
dutch	camera_obscura	2	PB	32	8.794760521419364e-05
dutch	camera_obscura	2	BC	1	2.748362662943551e-06
dutch	camera_obscura	2	CD	4	1.0993450651774205e-05
dutch	camera_obscura	2	RJ	11	3.0231989292379064e-05
dutch	camera_obscura	2	AE	13	3.572871461826617e-05
dutch	camera_obscura	2	AJ	16	4.397380260709682e-05
dutch	camera_obscura	2	KU	26	7.145742923653233e-05
dutch	camera_obscura	2	FJ	15	4.122543994415327e-05
dutch	camera_obscura	2	PQ	2	5.496725325887102e-06
dutch	camera_obscura	2	WF	54	0.00014841158379895177
dutch	camera_obscura	2	IW	95	0.0002610944529796374
dutch	camera_obscura	2	PM	12	3.298035195532262e-05
dutch	camera_obscura	2	UK	107	0.00029407480493496
dutch	camera_obscura	2	AX	16	4.397380260709682e-05
dutch	camera_obscura	2	XO	8	2.198690130354841e-05
dutch	camera_obscura	2	WJ	4	1.0993450651774205e-05
dutch	camera_obscura	2	KJ	2	5.496725325887102e-06
dutch	camera_obscura	2	UV	21	5.771561592181458e-05
dutch	camera_obscura	2	PK	1	2.748362662943551e-06
dutch	camera_obscura	2	BS	34	9.344433054008075e-05
dutch	camera_obscura	2	HJ	10	2.7483626629435513e-05
dutch	camera_obscura	2	MD	50	0.00013741813314717757
dutch	camera_obscura	2	MR	19	5.221889059592748e-05
dutch	camera_obscura	2	GQ	9	2.473526396649196e-05
dutch	camera_obscura	2	XA	16	4.397380260709682e-05
dutch	camera_obscura	2	CY	18	4.947052793298392e-05
dutch	camera_obscura	2	IX	35	9.61926932030243e-05
dutch	camera_obscura	2	BJ	12	3.298035195532262e-05
dutch	camera_obscura	2	MJ	6	1.649017597766131e-05
dutch	camera_obscura	2	VD	3	8.245087988830655e-06
dutch	camera_obscura	2	BD	5	1.3741813314717756e-05
dutch	camera_obscura	2	EZ	5	1.3741813314717756e-05
dutch	camera_obscura	2	ZI	48	0.00013192140782129048
dutch	camera_obscura	2	KM	21	5.771561592181458e-05
dutch	camera_obscura	2	YV	11	3.0231989292379064e-05
dutch	camera_obscura	2	XD	1	2.748362662943551e-06
dutch	camera_obscura	2	NZ	8	2.198690130354841e-05
dutch	camera_obscura	2	IQ	16	4.397380260709682e-05
dutch	camera_obscura	2	WU	18	4.947052793298392e-05
dutch	camera_obscura	2	XB	7	1.923853864060486e-05
dutch	camera_obscura	2	BH	9	2.473526396649196e-05
dutch	camera_obscura	2	HN	23	6.321234124770168e-05
dutch	camera_obscura	2	PC	16	4.397380260709682e-05
dutch	camera_obscura	2	GK	8	2.198690130354841e-05
dutch	camera_obscura	2	WC	21	5.771561592181458e-05
dutch	camera_obscura	2	AA	29	7.970251722536299e-05
dutch	camera_obscura	2	GJ	7	1.923853864060486e-05
dutch	camera_obscura	2	CG	3	8.245087988830655e-06
dutch	camera_obscura	2	PJ	2	5.496725325887102e-06
dutch	camera_obscura	2	XF	4	1.0993450651774205e-05
dutch	camera_obscura	2	CP	5	1.3741813314717756e-05
dutch	camera_obscura	2	LJ	7	1.923853864060486e-05
dutch	camera_obscura	2	WG	12	3.298035195532262e-05
dutch	camera_obscura	2	WK	6	1.649017597766131e-05
dutch	camera_obscura	2	XQ	3	8.245087988830655e-06
dutch	camera_obscura	2	IY	2	5.496725325887102e-06
dutch	camera_obscura	2	WV	5	1.3741813314717756e-05
dutch	camera_obscura	2	GV	14	3.847707728120972e-05
dutch	camera_obscura	2	RX	18	4.947052793298392e-05
dutch	camera_obscura	2	FQ	4	1.0993450651774205e-05
dutch	camera_obscura	2	FV	12	3.298035195532262e-05
dutch	camera_obscura	2	BM	2	5.496725325887102e-06
dutch	camera_obscura	2	BV	1	2.748362662943551e-06
dutch	camera_obscura	2	CB	2	5.496725325887102e-06
dutch	camera_obscura	2	WQ	2	5.496725325887102e-06
dutch	camera_obscura	2	HK	6	1.649017597766131e-05
dutch	camera_obscura	2	VU	3	8.245087988830655e-06
dutch	camera_obscura	2	IJ	2	5.496725325887102e-06
dutch	camera_obscura	2	JI	2	5.496725325887102e-06
dutch	camera_obscura	2	ZH	2	5.496725325887102e-06
dutch	camera_obscura	2	XV	7	1.923853864060486e-05
dutch	camera_obscura	2	VT	1	2.748362662943551e-06
dutch	camera_obscura	2	XW	3	8.245087988830655e-06
dutch	camera_obscura	2	CM	3	8.245087988830655e-06
dutch	camera_obscura	2	CV	1	2.748362662943551e-06
dutch	camera_obscura	2	ZY	12	3.298035195532262e-05
dutch	camera_obscura	2	XS	5	1.3741813314717756e-05
dutch	camera_obscura	2	MV	2	5.496725325887102e-06
dutch	camera_obscura	2	KV	3	8.245087988830655e-06
dutch	camera_obscura	2	KK	1	2.748362662943551e-06
dutch	camera_obscura	2	HQ	4	1.0993450651774205e-05
dutch	camera_obscura	2	XM	1	2.748362662943551e-06
dutch	camera_obscura	2	XX	8	2.198690130354841e-05
dutch	camera_obscura	2	XN	2	5.496725325887102e-06
dutch	camera_obscura	2	ZO	1	2.748362662943551e-06
dutch	camera_obscura	2	BN	1	2.748362662943551e-06
dutch	max_havelaar	2	MA	2583	0.004398377555503336
dutch	max_havelaar	2	AX	113	0.00019241837544400965
dutch	max_havelaar	2	XH	18	3.065071467249711e-05
dutch	max_havelaar	2	HA	2711	0.004616338193174426
dutch	max_havelaar	2	AV	827	0.0014082300574530617
dutch	max_havelaar	2	VE	5886	0.010022783697906556
dutch	max_havelaar	2	EL	7533	0.012827324090440042
dutch	max_havelaar	2	LA	3119	0.005311087725751028
dutch	max_havelaar	2	AA	9070	0.015444554559974934
dutch	max_havelaar	2	AR	5697	0.009700951193845337
dutch	max_havelaar	2	RO	2979	0.005072693278298272
dutch	max_havelaar	2	OF	1383	0.0023549965773368617
dutch	max_havelaar	2	FD	896	0.0015257244636976341
dutch	max_havelaar	2	DE	16288	0.027735491143646276
dutch	max_havelaar	2	EK	2734	0.00465550299525595
dutch	max_havelaar	2	KO	1529	0.0026036079296804493
dutch	max_havelaar	2	FF	376	0.0006402593731588286
dutch	max_havelaar	2	FI	344	0.000585769213741056
dutch	max_havelaar	2	IV	114	0.00019412119292581506
dutch	max_havelaar	2	EI	3382	0.005758928723465846
dutch	max_havelaar	2	IL	714	0.0012158116820090521
dutch	max_havelaar	2	LI	2068	0.0035214265523735573
dutch	max_havelaar	2	IN	7485	0.012745588851313383
dutch	max_havelaar	2	NG	5946	0.01012495274681488
dutch	max_havelaar	2	GE	10836	0.01845173023284326
dutch	max_havelaar	2	EN	29724	0.050614546829183565
dutch	max_havelaar	2	ND	11292	0.019228215004546523
dutch	max_havelaar	2	ER	15332	0.02610759763104032
dutch	max_havelaar	2	RN	913	0.0015546723608883257
dutch	max_havelaar	2	NE	4782	0.0081428731979934
dutch	max_havelaar	2	ED	4518	0.007693329382796776
dutch	max_havelaar	2	RL	820	0.0013963103350804241
dutch	max_havelaar	2	AN	10748	0.018301882294444387
dutch	max_havelaar	2	DS	862	0.0014678286693162507
dutch	max_havelaar	2	SC	3007	0.005120372167788823
dutch	max_havelaar	2	CH	6281	0.010695396603219687
dutch	max_havelaar	2	HE	6379	0.010862272716436616
dutch	max_havelaar	2	EH	2099	0.0035742138943095246
dutch	max_havelaar	2	LM	325	0.0005534156815867534
dutch	max_havelaar	2	AT	5156	0.008779726936188618
dutch	max_havelaar	2	TS	1837	0.003128075714076511
dutch	max_havelaar	2	AP	442	0.0007526453269579847
dutch	max_havelaar	2	PP	298	0.0005074396095780078
dutch	max_havelaar	2	PY	51	8.684369157207516e-05
dutch	max_havelaar	2	YD	1005	0.001711331569214422
dutch	max_havelaar	2	DO	2078	0.003538454727191611
dutch	max_havelaar	2	OO	7481	0.012738777581386161
dutch	max_havelaar	2	OR	4560	0.007764847717032602
dutch	max_havelaar	2	RM	1047	0.0017828499034502488
dutch	max_havelaar	2	MU	110	0.00018730992299859347
dutch	max_havelaar	2	UL	601	0.0010233933065650425
dutch	max_havelaar	2	LT	678	0.001154510252664058
dutch	max_havelaar	2	TA	2115	0.0036014589740184107
dutch	max_havelaar	2	TU	844	0.0014371779546437536
dutch	max_havelaar	2	IA	123	0.0002094465502620636
dutch	max_havelaar	2	DI	5183	0.008825703008197364
dutch	max_havelaar	2	IE	8519	0.014506302127500162
dutch	max_havelaar	2	EP	1064	0.0018117978006409405
dutch	max_havelaar	2	PV	144	0.0002452057173799769
dutch	max_havelaar	2	RE	5318	0.009055583368241091
dutch	max_havelaar	2	EE	9544	0.016251690046350693
dutch	max_havelaar	2	RD	4332	0.007376605331180972
dutch	max_havelaar	2	NA	3171	0.0053996342348049085
dutch	max_havelaar	2	AG	1131	0.001925886571921902
dutch	max_havelaar	2	DA	5266	0.00896703685918721
dutch	max_havelaar	2	AC	915	0.0015580779958519367
dutch	max_havelaar	2	HT	2266	0.0038585844137710257
dutch	max_havelaar	2	TE	9536	0.01623806750649625
dutch	max_havelaar	2	NI	4692	0.007989619624630915
dutch	max_havelaar	2	IS	2967	0.005052259468516607
dutch	max_havelaar	2	SV	720	0.0012260285868998845
dutch	max_havelaar	2	VA	4187	0.00712969679631919
dutch	max_havelaar	2	EV	3340	0.00568741038923002
dutch	max_havelaar	2	HU	711	0.001210703229563636
dutch	max_havelaar	2	UB	115	0.00019582401040762044
dutch	max_havelaar	2	BE	4001	0.006812972744703386
dutch	max_havelaar	2	RT	2020	0.0034396913132468984
dutch	max_havelaar	2	EB	2632	0.004481815612111801
dutch	max_havelaar	2	BA	751	0.0012788159288358518
dutch	max_havelaar	2	ON	4132	0.007036041834819893
dutch	max_havelaar	2	ES	3814	0.006494545875605777
dutch	max_havelaar	2	SS	662	0.0011272651729551716
dutch	max_havelaar	2	SE	1402	0.0023873501094911643
dutch	max_havelaar	2	NW	2106	0.0035861336166821624
dutch	max_havelaar	2	WY	504	0.0008582200108299191
dutch	max_havelaar	2	YN	2304	0.00392329147807963
dutch	max_havelaar	2	NB	1679	0.0028590305519512584
dutch	max_havelaar	2	RG	1159	0.001973565461412453
dutch	max_havelaar	2	TR	1469	0.0025014388807721257
dutch	max_havelaar	2	OU	1825	0.0031076419042948464
dutch	max_havelaar	2	UW	943	0.0016057568853424878
dutch	max_havelaar	2	WE	3375	0.005747009001093209
dutch	max_havelaar	2	EG	3383	0.005760631540947652
dutch	max_havelaar	2	GA	1014	0.0017266569265506708
dutch	max_havelaar	2	AD	1896	0.0032285419455030293
dutch	max_havelaar	2	RH	1046	0.0017811470859684434
dutch	max_havelaar	2	LD	1746	0.00297311932323222
dutch	max_havelaar	2	DH	801	0.0013639568029261216
dutch	max_havelaar	2	AF	688	0.001171538427482112
dutch	max_havelaar	2	FT	814	0.0013860934301895918
dutch	max_havelaar	2	TI	2873	0.0048921946252269005
dutch	max_havelaar	2	IG	2643	0.00450054660441166
dutch	max_havelaar	2	EF	1107	0.0018850189523585725
dutch	max_havelaar	2	VO	2860	0.00487005799796343
dutch	max_havelaar	2	OL	1004	0.0017096287517326168
dutch	max_havelaar	2	LL	1255	0.0021370359396657708
dutch	max_havelaar	2	LE	3684	0.006273179602971076
dutch	max_havelaar	2	EM	2902	0.004941576332199257
dutch	max_havelaar	2	MO	1240	0.00211149367743869
dutch	max_havelaar	2	OE	4645	0.007909587202986061
dutch	max_havelaar	2	VR	835	0.001421852597307505
dutch	max_havelaar	2	WJ	4	6.811269927221581e-06
dutch	max_havelaar	2	JA	828	0.0014099328749348672
dutch	max_havelaar	2	AI	255	0.0004342184578603758
dutch	max_havelaar	2	SO	908	0.0015461582734792988
dutch	max_havelaar	2	UV	205	0.00034907758377010603
dutch	max_havelaar	2	NT	4598	0.007829554781341208
dutch	max_havelaar	2	DU	710	0.0012090004120818307
dutch	max_havelaar	2	UP	30	5.1084524454161855e-05
dutch	max_havelaar	2	PL	520	0.0008854650905388055
dutch	max_havelaar	2	DR	760	0.0012941412861721003
dutch	max_havelaar	2	SF	24	4.086761956332949e-05
dutch	max_havelaar	2	FE	477	0.0008122439388211735
dutch	max_havelaar	2	MM	394	0.0006709100878313257
dutch	max_havelaar	2	ME	4492	0.007649056128269835
dutch	max_havelaar	2	SD	1222	0.002080842962766193
dutch	max_havelaar	2	PO	414	0.0007049664374674336
dutch	max_havelaar	2	ET	7233	0.012316478845898423
dutch	max_havelaar	2	SA	709	0.0012072975946000252
dutch	max_havelaar	2	NS	2843	0.004841110100772738
dutch	max_havelaar	2	UT	312	0.0005312790543232833
dutch	max_havelaar	2	UR	1063	0.0018100949831591352
dutch	max_havelaar	2	IR	121	0.0002060409152984528
dutch	max_havelaar	2	GN	235	0.0004001621082242679
dutch	max_havelaar	2	TD	2535	0.0043166423163766765
dutch	max_havelaar	2	SL	777	0.0013230891833627921
dutch	max_havelaar	2	VI	463	0.000788404494075898
dutch	max_havelaar	2	EC	564	0.0009603890597382429
dutch	max_havelaar	2	CE	117	0.00019922964537123124
dutch	max_havelaar	2	IF	115	0.00019582401040762044
dutch	max_havelaar	2	IC	1081	0.0018407456978316323
dutch	max_havelaar	2	CI	157	0.00026734234464344703
dutch	max_havelaar	2	MP	136	0.00023158317752553374
dutch	max_havelaar	2	LO	1214	0.0020672204229117497
dutch	max_havelaar	2	OI	308	0.0005244677843960617
dutch	max_havelaar	2	AU	252	0.00042911000541495957
dutch	max_havelaar	2	UC	228	0.0003882423858516301
dutch	max_havelaar	2	CU	12	2.0433809781664744e-05
dutch	max_havelaar	2	UN	727	0.0012379483092725223
dutch	max_havelaar	2	EQ	7	1.1919722372637767e-05
dutch	max_havelaar	2	QU	29	4.9381706972356464e-05
dutch	max_havelaar	2	UA	79	0.00013452258106262622
dutch	max_havelaar	2	AL	3949	0.0067244262356495055
dutch	max_havelaar	2	IT	2350	0.004001621082242679
dutch	max_havelaar	2	ST	5462	0.009300789085621068
dutch	max_havelaar	2	OP	2347	0.003996512629797263
dutch	max_havelaar	2	LU	376	0.0006402593731588286
dutch	max_havelaar	2	US	679	0.0011562130701458634
dutch	max_havelaar	2	SR	107	0.0001822014705531773
dutch	max_havelaar	2	RA	2484	0.004229798624804602
dutch	max_havelaar	2	MB	270	0.0004597607200874567
dutch	max_havelaar	2	BL	595	0.0010131764016742101
dutch	max_havelaar	2	RI	2528	0.004304722594004039
dutch	max_havelaar	2	SN	471	0.0008020270339303411
dutch	max_havelaar	2	TQ	2	3.4056349636107903e-06
dutch	max_havelaar	2	UE	121	0.0002060409152984528
dutch	max_havelaar	2	CT	13	2.2136627263470138e-05
dutch	max_havelaar	2	TN	692	0.0011783496974093334
dutch	max_havelaar	2	SU	220	0.00037461984599718694
dutch	max_havelaar	2	UF	103	0.0001753902006259557
dutch	max_havelaar	2	TM	1146	0.0019514288341489828
dutch	max_havelaar	2	PA	794	0.0013520370805534837
dutch	max_havelaar	2	AS	1788	0.003044637657468047
dutch	max_havelaar	2	TO	2990	0.005091424270598131
dutch	max_havelaar	2	UJ	23	3.916480208152409e-05
dutch	max_havelaar	2	JO	167	0.000284370519461501
dutch	max_havelaar	2	RS	1998	0.0034022293286471795
dutch	max_havelaar	2	CO	72	0.00012260285868998845
dutch	max_havelaar	2	OM	2147	0.0036559491334361835
dutch	max_havelaar	2	BO	698	0.0011885666023001657
dutch	max_havelaar	2	NH	2513	0.004279180331776958
dutch	max_havelaar	2	EU	1132	0.0019275893894037074
dutch	max_havelaar	2	RV	1131	0.001925886571921902
dutch	max_havelaar	2	AM	1205	0.0020518950655755014
dutch	max_havelaar	2	OS	318	0.0005414959592141157
dutch	max_havelaar	2	SP	841	0.0014320695021983374
dutch	max_havelaar	2	FA	195	0.0003320494089520521
dutch	max_havelaar	2	MI	952	0.0016210822426787363
dutch	max_havelaar	2	SB	398	0.0006777213577585473
dutch	max_havelaar	2	BR	836	0.0014235554147893105
dutch	max_havelaar	2	RC	51	8.684369157207516e-05
dutch	max_havelaar	2	UI	2235	0.0038057970718350584
dutch	max_havelaar	2	TV	1424	0.002424812094090883
dutch	max_havelaar	2	OT	1159	0.001973565461412453
dutch	max_havelaar	2	IQ	4	6.811269927221581e-06
dutch	max_havelaar	2	LV	323	0.0005500100466231426
dutch	max_havelaar	2	IP	264	0.00044954381519662434
dutch	max_havelaar	2	PT	364	0.0006198255633771639
dutch	max_havelaar	2	IO	117	0.00019922964537123124
dutch	max_havelaar	2	EO	1014	0.0017266569265506708
dutch	max_havelaar	2	BI	299	0.0005091424270598132
dutch	max_havelaar	2	NL	1014	0.0017266569265506708
dutch	max_havelaar	2	NV	2719	0.004629960733028869
dutch	max_havelaar	2	HI	1049	0.0017862555384138596
dutch	max_havelaar	2	IM	256	0.00043592127534218116
dutch	max_havelaar	2	EX	60	0.00010216904890832371
dutch	max_havelaar	2	XI	13	2.2136627263470138e-05
dutch	max_havelaar	2	NC	138	0.00023498881248914453
dutch	max_havelaar	2	RU	997	0.001697709029359979
dutch	max_havelaar	2	SI	1086	0.0018492597852406592
dutch	max_havelaar	2	II	35	5.959861186318883e-05
dutch	max_havelaar	2	LY	1601	0.0027262107883704377
dutch	max_havelaar	2	YA	131	0.00022306909011650676
dutch	max_havelaar	2	PI	264	0.00044954381519662434
dutch	max_havelaar	2	PE	1464	0.0024929247933630984
dutch	max_havelaar	2	LH	232	0.0003950536557788517
dutch	max_havelaar	2	SQ	6	1.0216904890832372e-05
dutch	max_havelaar	2	UX	21	3.57591671179133e-05
dutch	max_havelaar	2	XP	12	2.0433809781664744e-05
dutch	max_havelaar	2	GI	839	0.0014286638672347267
dutch	max_havelaar	2	EA	1004	0.0017096287517326168
dutch	max_havelaar	2	XG	3	5.108452445416186e-06
dutch	max_havelaar	2	NO	3221	0.005484775108895178
dutch	max_havelaar	2	XD	20	3.40563496361079e-05
dutch	max_havelaar	2	GO	965	0.0016432188699422063
dutch	max_havelaar	2	GU	137	0.00023328599500733915
dutch	max_havelaar	2	ID	2018	0.0034362856782832875
dutch	max_havelaar	2	UG	505	0.0008599228283117246
dutch	max_havelaar	2	GL	153	0.0002605310747162255
dutch	max_havelaar	2	RR	276	0.00046997762497828907
dutch	max_havelaar	2	TC	43	7.3221151717632e-05
dutch	max_havelaar	2	CA	30	5.1084524454161855e-05
dutch	max_havelaar	2	SY	19	3.235353215430251e-05
dutch	max_havelaar	2	YT	319	0.0005431987766959211
dutch	max_havelaar	2	EZ	2674	0.004553333946347627
dutch	max_havelaar	2	ZP	2	3.4056349636107903e-06
dutch	max_havelaar	2	PR	752	0.0012805187463176572
dutch	max_havelaar	2	LS	1464	0.0024929247933630984
dutch	max_havelaar	2	HO	2128	0.003623595601281881
dutch	max_havelaar	2	TP	161	0.0002741536145706686
dutch	max_havelaar	2	UM	194	0.00033034659147024667
dutch	max_havelaar	2	RF	154	0.00026223389219803085
dutch	max_havelaar	2	OY	8	1.3622539854443161e-05
dutch	max_havelaar	2	YO	164	0.0002792620670160848
dutch	max_havelaar	2	SH	639	0.0010881003708736476
dutch	max_havelaar	2	FO	162	0.00027585643205247403
dutch	max_havelaar	2	DQ	1	1.7028174818053952e-06
dutch	max_havelaar	2	SM	550	0.0009365496149929673
dutch	max_havelaar	2	XL	4	6.811269927221581e-06
dutch	max_havelaar	2	RP	320	0.0005449015941777264
dutch	max_havelaar	2	TB	814	0.0013860934301895918
dutch	max_havelaar	2	AB	146	0.0002486113523435877
dutch	max_havelaar	2	BU	280	0.00047678889490551066
dutch	max_havelaar	2	ZS	1	1.7028174818053952e-06
dutch	max_havelaar	2	UD	750	0.0012771131113540465
dutch	max_havelaar	2	NR	620	0.001055746838719345
dutch	max_havelaar	2	RY	747	0.0012720046589086303
dutch	max_havelaar	2	MY	1021	0.0017385766489233085
dutch	max_havelaar	2	RB	1100	0.0018730992299859346
dutch	max_havelaar	2	TJ	378	0.0006436650081224394
dutch	max_havelaar	2	JE	719	0.0012243257694180792
dutch	max_havelaar	2	NM	1909	0.0032506785727664995
dutch	max_havelaar	2	TH	2141	0.003645732228545351
dutch	max_havelaar	2	HY	1639	0.002790917852679043
dutch	max_havelaar	2	GD	1035	0.0017624160936685841
dutch	max_havelaar	2	DG	370	0.0006300424682679962
dutch	max_havelaar	2	YH	287	0.0004887086172781484
dutch	max_havelaar	2	NK	1520	0.0025882825723442006
dutch	max_havelaar	2	KL	566	0.0009637946947018537
dutch	max_havelaar	2	UK	461	0.0007849988591122871
dutch	max_havelaar	2	KJ	89	0.00015155075588068018
dutch	max_havelaar	2	SG	486	0.000827569296157422
dutch	max_havelaar	2	ZO	2310	0.003933508382970463
dutch	max_havelaar	2	YZ	495	0.0008428946534936706
dutch	max_havelaar	2	ZE	3424	0.005830447057701673
dutch	max_havelaar	2	RK	984	0.0016755724020965088
dutch	max_havelaar	2	KE	3575	0.006087572497454288
dutch	max_havelaar	2	YM	187	0.0003184268690976089
dutch	max_havelaar	2	IK	3040	0.005176565144688401
dutch	max_havelaar	2	KH	672	0.0011442933477732256
dutch	max_havelaar	2	BB	362	0.0006164199284135531
dutch	max_havelaar	2	BH	22	3.74619845997187e-05
dutch	max_havelaar	2	RZ	1088	0.00185266542020427
dutch	max_havelaar	2	ZY	1761	0.002998661585459301
dutch	max_havelaar	2	NZ	2391	0.0040714365989967
dutch	max_havelaar	2	ZU	377	0.000641962190640634
dutch	max_havelaar	2	KN	445	0.0007577537794034009
dutch	max_havelaar	2	DM	412	0.0007015608025038228
dutch	max_havelaar	2	HB	97	0.00016517329573512333
dutch	max_havelaar	2	ZW	179	0.00030480432924316576
dutch	max_havelaar	2	WA	4070	0.006930467150947958
dutch	max_havelaar	2	WM	27	4.597607200874567e-05
dutch	max_havelaar	2	DD	1154	0.001965051374003426
dutch	max_havelaar	2	SZ	523	0.0008905735429842217
dutch	max_havelaar	2	ZI	1381	0.002351590942373251
dutch	max_havelaar	2	HV	108	0.00018390428803498267
dutch	max_havelaar	2	TZ	1079	0.0018373400628680214
dutch	max_havelaar	2	NU	691	0.0011766468799275281
dutch	max_havelaar	2	DB	226	0.0003848367508880193
dutch	max_havelaar	2	BT	203	0.0003456719488064952
dutch	max_havelaar	2	KG	312	0.0005312790543232833
dutch	max_havelaar	2	UZ	96	0.00016347047825331795
dutch	max_havelaar	2	LF	409	0.0006964523500584066
dutch	max_havelaar	2	KA	863	0.0014695314867980561
dutch	max_havelaar	2	KT	1203	0.0020484894306118905
dutch	max_havelaar	2	WI	911	0.001551266725924715
dutch	max_havelaar	2	TG	1285	0.002188120464119933
dutch	max_havelaar	2	WT	31	5.2787341935967254e-05
dutch	max_havelaar	2	KB	358	0.0006096086584863315
dutch	max_havelaar	2	OG	1117	0.0019020471271766265
dutch	max_havelaar	2	OD	647	0.0011017229107280907
dutch	max_havelaar	2	KR	382	0.000650476278049661
dutch	max_havelaar	2	HM	103	0.0001753902006259557
dutch	max_havelaar	2	MJ	13	2.2136627263470138e-05
dutch	max_havelaar	2	AZ	93	0.00015836202580790177
dutch	max_havelaar	2	YI	161	0.0002741536145706686
dutch	max_havelaar	2	LG	473	0.000805432668893952
dutch	max_havelaar	2	HL	84	0.0001430366684716532
dutch	max_havelaar	2	GT	634	0.0010795862834646205
dutch	max_havelaar	2	MH	194	0.00033034659147024667
dutch	max_havelaar	2	PU	151	0.00025712543975261467
dutch	max_havelaar	2	YF	184	0.0003133184166521927
dutch	max_havelaar	2	GH	639	0.0010881003708736476
dutch	max_havelaar	2	GR	822	0.0013997159700440348
dutch	max_havelaar	2	AE	97	0.00016517329573512333
dutch	max_havelaar	2	EJ	218	0.00037121421103357617
dutch	max_havelaar	2	JU	175	0.00029799305931594417
dutch	max_havelaar	2	GS	473	0.000805432668893952
dutch	max_havelaar	2	KI	815	0.001387796247671397
dutch	max_havelaar	2	AK	1453	0.002474193801063239
dutch	max_havelaar	2	WO	1247	0.002123413399811328
dutch	max_havelaar	2	PD	479	0.0008156495737847843
dutch	max_havelaar	2	EW	1866	0.0031774574210488675
dutch	max_havelaar	2	HR	459	0.0007815932241486764
dutch	max_havelaar	2	YV	435	0.0007407256045853469
dutch	max_havelaar	2	FZ	101	0.00017198456566234493
dutch	max_havelaar	2	LK	608	0.0010353130289376803
dutch	max_havelaar	2	OK	722	0.0012294342218634954
dutch	max_havelaar	2	GG	703	0.0011970806897091929
dutch	max_havelaar	2	UU	275	0.00046827480749648366
dutch	max_havelaar	2	DV	550	0.0009365496149929673
dutch	max_havelaar	2	OV	1147	0.0019531316516307883
dutch	max_havelaar	2	NP	540	0.0009195214401749134
dutch	max_havelaar	2	XT	10	1.702817481805395e-05
dutch	max_havelaar	2	TW	1473	0.002508250150699347
dutch	max_havelaar	2	GY	67	0.00011408877128096148
dutch	max_havelaar	2	YL	179	0.00030480432924316576
dutch	max_havelaar	2	IZ	149	0.0002537198047890039
dutch	max_havelaar	2	FW	100	0.00017028174818053951
dutch	max_havelaar	2	KM	387	0.000658990365458688
dutch	max_havelaar	2	FS	234	0.0003984592907424625
dutch	max_havelaar	2	YK	1605	0.002733022058297659
dutch	max_havelaar	2	KS	382	0.000650476278049661
dutch	max_havelaar	2	MD	793	0.0013503342630716785
dutch	max_havelaar	2	ZA	1007	0.001714737204178033
dutch	max_havelaar	2	DW	582	0.00099103977441074
dutch	max_havelaar	2	FR	151	0.00025712543975261467
dutch	max_havelaar	2	WD	96	0.00016347047825331795
dutch	max_havelaar	2	LN	145	0.0002469085348617823
dutch	max_havelaar	2	PG	211	0.0003592944886609384
dutch	max_havelaar	2	KW	731	0.001244759579199744
dutch	max_havelaar	2	DZ	445	0.0007577537794034009
dutch	max_havelaar	2	KU	421	0.0007168861598400714
dutch	max_havelaar	2	UH	113	0.00019241837544400965
dutch	max_havelaar	2	CK	29	4.9381706972356464e-05
dutch	max_havelaar	2	NN	1751	0.002981633410641247
dutch	max_havelaar	2	OC	714	0.0012158116820090521
dutch	max_havelaar	2	HH	109	0.00018560710551678808
dutch	max_havelaar	2	TT	1387	0.002361807847264083
dutch	max_havelaar	2	KP	32	5.4490159417772645e-05
dutch	max_havelaar	2	SW	498	0.0008480031059390868
dutch	max_havelaar	2	BD	35	5.959861186318883e-05
dutch	max_havelaar	2	TY	419	0.0007134805248764606
dutch	max_havelaar	2	GK	182	0.00030991278168858194
dutch	max_havelaar	2	GJ	70	0.00011919722372637767
dutch	max_havelaar	2	LW	316	0.0005380903242505049
dutch	max_havelaar	2	KD	622	0.0010591524736829558
dutch	max_havelaar	2	NJ	362	0.0006164199284135531
dutch	max_havelaar	2	KZ	389	0.0006623960004222987
dutch	max_havelaar	2	GW	309	0.0005261706018778672
dutch	max_havelaar	2	BY	717	0.0012209201344544683
dutch	max_havelaar	2	LP	88	0.0001498479383988748
dutch	max_havelaar	2	PH	171	0.0002911817893887226
dutch	max_havelaar	2	SJ	209	0.0003558888536973276
dutch	max_havelaar	2	FV	118	0.00020093246285303663
dutch	max_havelaar	2	SK	197	0.00033545504391566285
dutch	max_havelaar	2	KK	614	0.0010455299338285127
dutch	max_havelaar	2	UO	51	8.684369157207516e-05
dutch	max_havelaar	2	FM	115	0.00019582401040762044
dutch	max_havelaar	2	MV	166	0.0002826677019796956
dutch	max_havelaar	2	VU	100	0.00017028174818053951
dutch	max_havelaar	2	BV	17	2.8947897190691717e-05
dutch	max_havelaar	2	YW	197	0.00033545504391566285
dutch	max_havelaar	2	RW	818	0.0013929047001168132
dutch	max_havelaar	2	GV	617	0.0010506383862739289
dutch	max_havelaar	2	WG	27	4.597607200874567e-05
dutch	max_havelaar	2	EY	57	9.706059646290753e-05
dutch	max_havelaar	2	VL	223	0.0003797282984426031
dutch	max_havelaar	2	AW	105	0.0001787958355895665
dutch	max_havelaar	2	TL	331	0.0005636325864775858
dutch	max_havelaar	2	MN	233	0.00039675647326065707
dutch	max_havelaar	2	DT	753	0.0012822215637994627
dutch	max_havelaar	2	FH	152	0.0002588282572344201
dutch	max_havelaar	2	DL	91	0.00015495639084429097
dutch	max_havelaar	2	PN	77	0.00013111694609901542
dutch	max_havelaar	2	DN	222	0.00037802548096079776
dutch	max_havelaar	2	DK	145	0.0002469085348617823
dutch	max_havelaar	2	WZ	18	3.065071467249711e-05
dutch	max_havelaar	2	YE	237	0.00040356774318787866
dutch	max_havelaar	2	FL	91	0.00015495639084429097
dutch	max_havelaar	2	GB	186	0.00031672405161580354
dutch	max_havelaar	2	KV	451	0.0007679706842942332
dutch	max_havelaar	2	PW	69	0.00011749440624457227
dutch	max_havelaar	2	NF	136	0.00023158317752553374
dutch	max_havelaar	2	DJ	265	0.00045124663267842976
dutch	max_havelaar	2	YS	267	0.0004546522676420405
dutch	max_havelaar	2	LB	151	0.00025712543975261467
dutch	max_havelaar	2	BN	20	3.40563496361079e-05
dutch	max_havelaar	2	PZ	151	0.00025712543975261467
dutch	max_havelaar	2	HZ	106	0.0001804986530713719
dutch	max_havelaar	2	IJ	100	0.00017028174818053951
dutch	max_havelaar	2	JK	28	4.7678889490551066e-05
dutch	max_havelaar	2	TK	377	0.000641962190640634
dutch	max_havelaar	2	WB	15	2.5542262227080928e-05
dutch	max_havelaar	2	MZ	147	0.0002503141698253931
dutch	max_havelaar	2	MT	419	0.0007134805248764606
dutch	max_havelaar	2	OA	113	0.00019241837544400965
dutch	max_havelaar	2	OH	60	0.00010216904890832371
dutch	max_havelaar	2	GM	278	0.0004733832599418999
dutch	max_havelaar	2	LJ	46	7.832960416304818e-05
dutch	max_havelaar	2	GZ	235	0.0004001621082242679
dutch	max_havelaar	2	FG	160	0.0002724507970888632
dutch	max_havelaar	2	KF	15	2.5542262227080928e-05
dutch	max_havelaar	2	FK	45	7.662678668124278e-05
dutch	max_havelaar	2	PM	162	0.00027585643205247403
dutch	max_havelaar	2	MG	163	0.0002775592495342794
dutch	max_havelaar	2	WH	44	7.49239691994374e-05
dutch	max_havelaar	2	HN	110	0.00018730992299859347
dutch	max_havelaar	2	LZ	270	0.0004597607200874567
dutch	max_havelaar	2	YG	280	0.00047678889490551066
dutch	max_havelaar	2	OZ	106	0.0001804986530713719
dutch	max_havelaar	2	HW	94	0.00016006484328970715
dutch	max_havelaar	2	YB	133	0.00022647472508011756
dutch	max_havelaar	2	JI	85	0.00014473948595345858
dutch	max_havelaar	2	OW	44	7.49239691994374e-05
dutch	max_havelaar	2	MW	98	0.00016687611321692872
dutch	max_havelaar	2	BM	16	2.7245079708886322e-05
dutch	max_havelaar	2	ML	43	7.3221151717632e-05
dutch	max_havelaar	2	MS	239	0.00040697337815148943
dutch	max_havelaar	2	HD	168	0.0002860733369433064
dutch	max_havelaar	2	NY	28	4.7678889490551066e-05
dutch	max_havelaar	2	YU	36	6.130142934499422e-05
dutch	max_havelaar	2	OB	66	0.00011238595379915609
dutch	max_havelaar	2	RJ	91	0.00015495639084429097
dutch	max_havelaar	2	PK	25	4.257043704513488e-05
dutch	max_havelaar	2	VY	49	8.343805660846436e-05
dutch	max_havelaar	2	YP	113	0.00019241837544400965
dutch	max_havelaar	2	IU	20	3.40563496361079e-05
dutch	max_havelaar	2	FN	87	0.00014814512091706938
dutch	max_havelaar	2	KY	12	2.0433809781664744e-05
dutch	max_havelaar	2	AO	53	9.024932653568595e-05
dutch	max_havelaar	2	LC	4	6.811269927221581e-06
dutch	max_havelaar	2	IB	52	8.854650905388055e-05
dutch	max_havelaar	2	WL	8	1.3622539854443161e-05
dutch	max_havelaar	2	FU	43	7.3221151717632e-05
dutch	max_havelaar	2	AJ	42	7.15183342358266e-05
dutch	max_havelaar	2	AH	283	0.00048189734735092684
dutch	max_havelaar	2	BG	25	4.257043704513488e-05
dutch	max_havelaar	2	WN	15	2.5542262227080928e-05
dutch	max_havelaar	2	PJ	75	0.00012771131113540463
dutch	max_havelaar	2	HK	30	5.1084524454161855e-05
dutch	max_havelaar	2	YJ	12	2.0433809781664744e-05
dutch	max_havelaar	2	NQ	5	8.514087409026975e-06
dutch	max_havelaar	2	MK	28	4.7678889490551066e-05
dutch	max_havelaar	2	DP	65	0.00011068313631735069
dutch	max_havelaar	2	PS	133	0.00022647472508011756
dutch	max_havelaar	2	YR	52	8.854650905388055e-05
dutch	max_havelaar	2	TF	40	6.81126992722158e-05
dutch	max_havelaar	2	WK	30	5.1084524454161855e-05
dutch	max_havelaar	2	HG	90	0.00015325357336248556
dutch	max_havelaar	2	ZV	8	1.3622539854443161e-05
dutch	max_havelaar	2	PB	62	0.00010557468387193451
dutch	max_havelaar	2	BJ	18	3.065071467249711e-05
dutch	max_havelaar	2	IH	48	8.173523912665897e-05
dutch	max_havelaar	2	WV	43	7.3221151717632e-05
dutch	max_havelaar	2	WR	39	6.640988179041042e-05
dutch	max_havelaar	2	HJ	15	2.5542262227080928e-05
dutch	max_havelaar	2	MF	11	1.873099229985935e-05
dutch	max_havelaar	2	WS	62	0.00010557468387193451
dutch	max_havelaar	2	HS	95	0.00016176766077151254
dutch	max_havelaar	2	IW	38	6.470706430860502e-05
dutch	max_havelaar	2	DY	23	3.916480208152409e-05
dutch	max_havelaar	2	BS	15	2.5542262227080928e-05
dutch	max_havelaar	2	DF	18	3.065071467249711e-05
dutch	max_havelaar	2	CY	7	1.1919722372637767e-05
dutch	max_havelaar	2	BW	9	1.5325357336248556e-05
dutch	max_havelaar	2	FB	65	0.00011068313631735069
dutch	max_havelaar	2	CC	10	1.702817481805395e-05
dutch	max_havelaar	2	LR	34	5.7895794381383434e-05
dutch	max_havelaar	2	PF	7	1.1919722372637767e-05
dutch	max_havelaar	2	OJ	16	2.7245079708886322e-05
dutch	max_havelaar	2	FJ	28	4.7678889490551066e-05
dutch	max_havelaar	2	AY	22	3.74619845997187e-05
dutch	max_havelaar	2	JV	8	1.3622539854443161e-05
dutch	max_havelaar	2	HF	7	1.1919722372637767e-05
dutch	max_havelaar	2	JN	18	3.065071467249711e-05
dutch	max_havelaar	2	GP	42	7.15183342358266e-05
dutch	max_havelaar	2	FP	23	3.916480208152409e-05
dutch	max_havelaar	2	HP	12	2.0433809781664744e-05
dutch	max_havelaar	2	ZH	2	3.4056349636107903e-06
dutch	max_havelaar	2	BZ	7	1.1919722372637767e-05
dutch	max_havelaar	2	MR	27	4.597607200874567e-05
dutch	max_havelaar	2	JZ	6	1.0216904890832372e-05
dutch	max_havelaar	2	WF	4	6.811269927221581e-06
dutch	max_havelaar	2	CL	66	0.00011238595379915609
dutch	max_havelaar	2	JY	13	2.2136627263470138e-05
dutch	max_havelaar	2	WU	13	2.2136627263470138e-05
dutch	max_havelaar	2	FY	13	2.2136627263470138e-05
dutch	max_havelaar	2	WW	21	3.57591671179133e-05
dutch	max_havelaar	2	CR	4	6.811269927221581e-06
dutch	max_havelaar	2	XN	10	1.702817481805395e-05
dutch	max_havelaar	2	MC	2	3.4056349636107903e-06
dutch	max_havelaar	2	XO	8	1.3622539854443161e-05
dutch	max_havelaar	2	XK	4	6.811269927221581e-06
dutch	max_havelaar	2	XV	5	8.514087409026975e-06
dutch	max_havelaar	2	XW	10	1.702817481805395e-05
dutch	max_havelaar	2	ZN	102	0.0001736873831441503
dutch	max_havelaar	2	JG	3	5.108452445416186e-06
dutch	max_havelaar	2	IY	1	1.7028174818053952e-06
dutch	max_havelaar	2	XE	19	3.235353215430251e-05
dutch	max_havelaar	2	XB	6	1.0216904890832372e-05
dutch	max_havelaar	2	XS	4	6.811269927221581e-06
dutch	max_havelaar	2	XA	11	1.873099229985935e-05
dutch	max_havelaar	2	XM	8	1.3622539854443161e-05
dutch	max_havelaar	2	GC	1	1.7028174818053952e-06
dutch	max_havelaar	2	WP	6	1.0216904890832372e-05
dutch	max_havelaar	2	JS	4	6.811269927221581e-06
dutch	max_havelaar	2	JH	4	6.811269927221581e-06
dutch	max_havelaar	2	JD	8	1.3622539854443161e-05
dutch	max_havelaar	2	JM	3	5.108452445416186e-06
dutch	max_havelaar	2	XR	1	1.7028174818053952e-06
dutch	max_havelaar	2	XZ	6	1.0216904890832372e-05
dutch	max_havelaar	2	ZD	4	6.811269927221581e-06
dutch	max_havelaar	2	JL	2	3.4056349636107903e-06
dutch	max_havelaar	2	XC	30	5.1084524454161855e-05
dutch	max_havelaar	2	ZZ	15	2.5542262227080928e-05
dutch	max_havelaar	2	MQ	2	3.4056349636107903e-06
dutch	max_havelaar	2	MX	1	1.7028174818053952e-06
dutch	max_havelaar	2	VB	3	5.108452445416186e-06
dutch	max_havelaar	2	KC	1	1.7028174818053952e-06
dutch	max_havelaar	2	JW	2	3.4056349636107903e-06
dutch	max_havelaar	2	ZL	6	1.0216904890832372e-05
dutch	max_havelaar	2	BC	8	1.3622539854443161e-05
dutch	max_havelaar	2	GF	8	1.3622539854443161e-05
dutch	max_havelaar	2	YC	2	3.4056349636107903e-06
dutch	max_havelaar	2	XJ	3	5.108452445416186e-06
dutch	max_havelaar	2	VW	2	3.4056349636107903e-06
dutch	max_havelaar	2	SX	1	1.7028174818053952e-06
dutch	max_havelaar	2	BK	4	6.811269927221581e-06
dutch	max_havelaar	2	JF	1	1.7028174818053952e-06
dutch	max_havelaar	2	CZ	1	1.7028174818053952e-06
dutch	max_havelaar	2	CQ	1	1.7028174818053952e-06
dutch	max_havelaar	2	FC	1	1.7028174818053952e-06
dutch	max_havelaar	2	DC	5	8.514087409026975e-06
dutch	max_havelaar	2	ZJ	1	1.7028174818053952e-06
dutch	max_havelaar	2	ZT	5	8.514087409026975e-06
dutch	max_havelaar	2	BF	1	1.7028174818053952e-06
dutch	max_havelaar	2	YY	1	1.7028174818053952e-06
dutch	max_havelaar	2	CD	1	1.7028174818053952e-06
dutch	max_havelaar	2	JT	2	3.4056349636107903e-06
dutch	max_havelaar	2	JB	1	1.7028174818053952e-06
dutch	max_havelaar	2	ZB	2	3.4056349636107903e-06
dutch	max_havelaar	2	VZ	1	1.7028174818053952e-06
dutch	max_havelaar	2	CS	1	1.7028174818053952e-06
dutch	max_havelaar	2	TX	1	1.7028174818053952e-06
dutch	max_havelaar	2	IX	5	8.514087409026975e-06
dutch	max_havelaar	2	CV	3	5.108452445416186e-06
dutch	max_havelaar	2	VH	1	1.7028174818053952e-06
dutch	max_havelaar	2	UY	7	1.1919722372637767e-05
dutch	max_havelaar	2	VV	2	3.4056349636107903e-06
dutch	max_havelaar	2	CG	1	1.7028174818053952e-06
dutch	max_havelaar	2	VD	3	5.108452445416186e-06
dutch	max_havelaar	2	JR	1	1.7028174818053952e-06
dutch	max_havelaar	2	ZG	2	3.4056349636107903e-06
dutch	max_havelaar	2	VK	2	3.4056349636107903e-06
dutch	max_havelaar	2	HC	1	1.7028174818053952e-06
dutch	max_havelaar	2	QI	1	1.7028174818053952e-06
dutch	max_havelaar	2	QS	1	1.7028174818053952e-06
dutch	max_havelaar	2	ZR	1	1.7028174818053952e-06
dutch	max_havelaar	2	VG	3	5.108452445416186e-06
dutch	max_havelaar	2	OX	2	3.4056349636107903e-06
dutch	max_havelaar	2	XX	3	5.108452445416186e-06
dutch	max_havelaar	2	AQ	2	3.4056349636107903e-06
dutch	max_havelaar	2	VM	2	3.4056349636107903e-06
dutch	max_havelaar	2	VS	1	1.7028174818053952e-06
dutch	max_havelaar	2	JJ	1	1.7028174818053952e-06
dutch	max_havelaar	2	YQ	1	1.7028174818053952e-06
dutch	max_havelaar	2	VN	1	1.7028174818053952e-06
dutch	max_havelaar	2	ZX	1	1.7028174818053952e-06
dutch	max_havelaar	2	GQ	1	1.7028174818053952e-06
dutch	max_havelaar	2	QO	1	1.7028174818053952e-06
dutch	max_havelaar	2	VT	1	1.7028174818053952e-06
dutch	max_havelaar	2	ZM	1	1.7028174818053952e-06
dutch	sara_burgerhart	2	PR	126	0.002094275646566053
dutch	sara_burgerhart	2	RO	278	0.004620703410677482
dutch	sara_burgerhart	2	OD	182	0.003025064822817632
dutch	sara_burgerhart	2	DU	54	0.0008975467056711655
dutch	sara_burgerhart	2	UC	38	0.0006316069410278571
dutch	sara_burgerhart	2	CE	172	0.002858852469915564
dutch	sara_burgerhart	2	ED	663	0.011019878997407088
dutch	sara_burgerhart	2	DB	131	0.0021773818230170867
dutch	sara_burgerhart	2	BY	53	0.0008809254703809588
dutch	sara_burgerhart	2	YJ	9	0.00014959111761186092
dutch	sara_burgerhart	2	JU	29	0.0004820158234159963
dutch	sara_burgerhart	2	UL	158	0.0026261551758526695
dutch	sara_burgerhart	2	LI	185	0.0030749285286882522
dutch	sara_burgerhart	2	IE	143	0.0023768366464995676
dutch	sara_burgerhart	2	ET	629	0.010454756997540057
dutch	sara_burgerhart	2	TS	190	0.003158034705139286
dutch	sara_burgerhart	2	SU	248	0.004122066351971278
dutch	sara_burgerhart	2	UT	264	0.004388006116614587
dutch	sara_burgerhart	2	TH	2612	0.04341466657802008
dutch	sara_burgerhart	2	HE	2424	0.04028987434346121
dutch	sara_burgerhart	2	ER	931	0.0154743700551825
dutch	sara_burgerhart	2	RL	63	0.0010471378232830265
dutch	sara_burgerhart	2	LA	181	0.003008443587527425
dutch	sara_burgerhart	2	AN	1281	0.02129180240675487
dutch	sara_burgerhart	2	ND	1054	0.017518781995877933
dutch	sara_burgerhart	2	DD	66	0.0010970015291536467
dutch	sara_burgerhart	2	DA	285	0.004737052057708929
dutch	sara_burgerhart	2	AV	160	0.002659397646433083
dutch	sara_burgerhart	2	VI	88	0.0014626687055381957
dutch	sara_burgerhart	2	ID	201	0.0033408682933315603
dutch	sara_burgerhart	2	DG	56	0.000930789176251579
dutch	sara_burgerhart	2	GA	125	0.002077654411275846
dutch	sara_burgerhart	2	AR	473	0.007861844292267802
dutch	sara_burgerhart	2	RC	64	0.0010637590585732331
dutch	sara_burgerhart	2	CI	58	0.0009640316468319925
dutch	sara_burgerhart	2	IA	28	0.0004653945881257895
dutch	sara_burgerhart	2	AJ	3	4.98637058706203e-05
dutch	sara_burgerhart	2	JE	189	0.0031414134698490794
dutch	sara_burgerhart	2	EA	720	0.011967289408948874
dutch	sara_burgerhart	2	NN	41	0.0006814706468984775
dutch	sara_burgerhart	2	NI	118	0.0019613057642443987
dutch	sara_burgerhart	2	EH	229	0.0038062628814573497
dutch	sara_burgerhart	2	HO	379	0.006299448174988365
dutch	sara_burgerhart	2	OW	254	0.004221793763712519
dutch	sara_burgerhart	2	WS	37	0.0006149857057376505
dutch	sara_burgerhart	2	SE	507	0.008426966292134831
dutch	sara_burgerhart	2	DT	445	0.0073964497041420114
dutch	sara_burgerhart	2	EO	184	0.003058307293398045
dutch	sara_burgerhart	2	ON	488	0.008111162821620903
dutch	sara_burgerhart	2	NL	30	0.000498637058706203
dutch	sara_burgerhart	2	IN	883	0.014676550761252577
dutch	sara_burgerhart	2	NE	351	0.0058340535868625755
dutch	sara_burgerhart	2	DI	266	0.004421248587195
dutch	sara_burgerhart	2	IS	631	0.01048799946812047
dutch	sara_burgerhart	2	ST	724	0.0120337743501097
dutch	sara_burgerhart	2	TR	196	0.0032577621168805265
dutch	sara_burgerhart	2	RI	322	0.005352037763446579
dutch	sara_burgerhart	2	IB	27	0.00044877335283558277
dutch	sara_burgerhart	2	BU	189	0.0031414134698490794
dutch	sara_burgerhart	2	TE	329	0.005468386410478027
dutch	sara_burgerhart	2	DP	51	0.0008476829998005452
dutch	sara_burgerhart	2	OO	196	0.0032577621168805265
dutch	sara_burgerhart	2	OF	394	0.006548766704341466
dutch	sara_burgerhart	2	FR	114	0.0018948208230835715
dutch	sara_burgerhart	2	RE	775	0.012881457349910246
dutch	sara_burgerhart	2	AD	234	0.0038893690579083835
dutch	sara_burgerhart	2	NG	479	0.007961571704009043
dutch	sara_burgerhart	2	GT	121	0.002011169470115019
dutch	sara_burgerhart	2	AM	164	0.00272588258759391
dutch	sara_burgerhart	2	MA	342	0.005684462469250715
dutch	sara_burgerhart	2	AT	581	0.009656937703610133
dutch	sara_burgerhart	2	HT	204	0.0033907319992021808
dutch	sara_burgerhart	2	TT	320	0.005318795292866166
dutch	sara_burgerhart	2	TP	42	0.0006980918821886843
dutch	sara_burgerhart	2	PS	11	0.00018283358819227446
dutch	sara_burgerhart	2	SW	169	0.0028089887640449437
dutch	sara_burgerhart	2	WW	13	0.000216076058772688
dutch	sara_burgerhart	2	WP	2	3.3242470580413535e-05
dutch	sara_burgerhart	2	PG	1	1.6621235290206768e-05
dutch	sara_burgerhart	2	GD	17	0.00028256099993351506
dutch	sara_burgerhart	2	PN	2	3.3242470580413535e-05
dutch	sara_burgerhart	2	TI	318	0.005285552822285752
dutch	sara_burgerhart	2	IL	284	0.004720430822418722
dutch	sara_burgerhart	2	LL	439	0.007296722292400771
dutch	sara_burgerhart	2	LU	55	0.0009141679409613722
dutch	sara_burgerhart	2	US	437	0.007263479821820358
dutch	sara_burgerhart	2	RA	257	0.00427165746958314
dutch	sara_burgerhart	2	IO	108	0.001795093411342331
dutch	sara_burgerhart	2	NF	44	0.0007313343527690978
dutch	sara_burgerhart	2	NT	743	0.012349577820623629
dutch	sara_burgerhart	2	TC	40	0.0006648494116082707
dutch	sara_burgerhart	2	CO	155	0.002576291469982049
dutch	sara_burgerhart	2	OV	55	0.0009141679409613722
dutch	sara_burgerhart	2	VE	400	0.006648494116082707
dutch	sara_burgerhart	2	IT	400	0.006648494116082707
dutch	sara_burgerhart	2	TL	74	0.001229971411475301
dutch	sara_burgerhart	2	LE	421	0.0069975400571770496
dutch	sara_burgerhart	2	ES	867	0.014410610996609268
dutch	sara_burgerhart	2	SS	235	0.0039059902931985906
dutch	sara_burgerhart	2	SH	385	0.006399175586729606
dutch	sara_burgerhart	2	OU	558	0.009274649291935376
dutch	sara_burgerhart	2	LD	194	0.003224519646300113
dutch	sara_burgerhart	2	BE	298	0.004953128116481617
dutch	sara_burgerhart	2	EB	132	0.0021940030583072934
dutch	sara_burgerhart	2	BR	56	0.000930789176251579
dutch	sara_burgerhart	2	UG	103	0.001711987234891297
dutch	sara_burgerhart	2	GH	208	0.003457216940363008
dutch	sara_burgerhart	2	TO	757	0.012582275114686523
dutch	sara_burgerhart	2	OH	125	0.002077654411275846
dutch	sara_burgerhart	2	HI	757	0.012582275114686523
dutch	sara_burgerhart	2	IM	297	0.00493650688119141
dutch	sara_burgerhart	2	MM	20	0.00033242470580413535
dutch	sara_burgerhart	2	MO	160	0.002659397646433083
dutch	sara_burgerhart	2	OT	414	0.006881191410145602
dutch	sara_burgerhart	2	RS	198	0.0032910045874609403
dutch	sara_burgerhart	2	OR	471	0.007828601821687388
dutch	sara_burgerhart	2	SF	81	0.0013463200585067483
dutch	sara_burgerhart	2	OM	258	0.004288278704873346
dutch	sara_burgerhart	2	MT	121	0.002011169470115019
dutch	sara_burgerhart	2	EN	763	0.012682002526427764
dutch	sara_burgerhart	2	EW	355	0.005900538528023403
dutch	sara_burgerhart	2	WT	52	0.000864304235090752
dutch	sara_burgerhart	2	TA	334	0.005551492586929061
dutch	sara_burgerhart	2	ME	397	0.006598630410212087
dutch	sara_burgerhart	2	AB	100	0.0016621235290206768
dutch	sara_burgerhart	2	BO	84	0.0013961837643773685
dutch	sara_burgerhart	2	OK	57	0.0009474104115417858
dutch	sara_burgerhart	2	KO	23	0.00038228841167475564
dutch	sara_burgerhart	2	FT	194	0.003224519646300113
dutch	sara_burgerhart	2	HA	723	0.012017153114819493
dutch	sara_burgerhart	2	TM	49	0.0008144405292201316
dutch	sara_burgerhart	2	SC	131	0.0021773818230170867
dutch	sara_burgerhart	2	CA	207	0.003440595705072801
dutch	sara_burgerhart	2	EL	283	0.004703809587128516
dutch	sara_burgerhart	2	LT	127	0.0021108968818562596
dutch	sara_burgerhart	2	EI	225	0.0037397779402965226
dutch	sara_burgerhart	2	IR	152	0.0025264277641114286
dutch	sara_burgerhart	2	CH	237	0.003939232763779004
dutch	sara_burgerhart	2	DR	75	0.0012465926467655076
dutch	sara_burgerhart	2	NW	74	0.001229971411475301
dutch	sara_burgerhart	2	WI	263	0.00437138488132438
dutch	sara_burgerhart	2	HF	21	0.00034904594109434213
dutch	sara_burgerhart	2	FO	274	0.004554218469516654
dutch	sara_burgerhart	2	RT	231	0.0038395053520377635
dutch	sara_burgerhart	2	TY	48	0.0007978192939299248
dutch	sara_burgerhart	2	YF	55	0.0009141679409613722
dutch	sara_burgerhart	2	FI	129	0.002144139352436673
dutch	sara_burgerhart	2	IV	109	0.0018117146466325377
dutch	sara_burgerhart	2	NS	170	0.0028256099993351504
dutch	sara_burgerhart	2	SP	94	0.0015623961172794361
dutch	sara_burgerhart	2	PH	55	0.0009141679409613722
dutch	sara_burgerhart	2	DE	245	0.004072202646100658
dutch	sara_burgerhart	2	LP	15	0.0002493185293531015
dutch	sara_burgerhart	2	AH	17	0.00028256099993351506
dutch	sara_burgerhart	2	NR	16	0.0002659397646433083
dutch	sara_burgerhart	2	RY	98	0.0016288810584402633
dutch	sara_burgerhart	2	YA	123	0.0020444119406954325
dutch	sara_burgerhart	2	AL	331	0.00550162888105844
dutch	sara_burgerhart	2	EM	371	0.006166478292666711
dutch	sara_burgerhart	2	MU	43	0.000714713117478891
dutch	sara_burgerhart	2	MP	62	0.0010305165879928196
dutch	sara_burgerhart	2	PA	149	0.0024765640582408086
dutch	sara_burgerhart	2	NY	51	0.0008476829998005452
dutch	sara_burgerhart	2	SM	58	0.0009640316468319925
dutch	sara_burgerhart	2	SA	520	0.00864304235090752
dutch	sara_burgerhart	2	NM	36	0.0005983644704474437
dutch	sara_burgerhart	2	RN	83	0.0013795625290871619
dutch	sara_burgerhart	2	NU	20	0.00033242470580413535
dutch	sara_burgerhart	2	UR	192	0.0031912771757196994
dutch	sara_burgerhart	2	YR	23	0.00038228841167475564
dutch	sara_burgerhart	2	RH	58	0.0009640316468319925
dutch	sara_burgerhart	2	HY	73	0.001213350176185094
dutch	sara_burgerhart	2	YM	28	0.0004653945881257895
dutch	sara_burgerhart	2	TN	26	0.000432152117545376
dutch	sara_burgerhart	2	RF	40	0.0006648494116082707
dutch	sara_burgerhart	2	FA	94	0.0015623961172794361
dutch	sara_burgerhart	2	AI	234	0.0038893690579083835
dutch	sara_burgerhart	2	YT	130	0.00216076058772688
dutch	sara_burgerhart	2	TF	66	0.0010970015291536467
dutch	sara_burgerhart	2	NA	161	0.0026760188817232895
dutch	sara_burgerhart	2	TU	80	0.0013296988232165414
dutch	sara_burgerhart	2	OL	125	0.002077654411275846
dutch	sara_burgerhart	2	RB	31	0.0005152582939964098
dutch	sara_burgerhart	2	TB	62	0.0010305165879928196
dutch	sara_burgerhart	2	LS	102	0.0016953659996010904
dutch	sara_burgerhart	2	BI	28	0.0004653945881257895
dutch	sara_burgerhart	2	RD	187	0.0031081709992686656
dutch	sara_burgerhart	2	DS	281	0.0046705671165481015
dutch	sara_burgerhart	2	AC	119	0.0019779269995346053
dutch	sara_burgerhart	2	CL	29	0.0004820158234159963
dutch	sara_burgerhart	2	AU	78	0.0012964563526361278
dutch	sara_burgerhart	2	NP	34	0.0005651219998670301
dutch	sara_burgerhart	2	FU	57	0.0009474104115417858
dutch	sara_burgerhart	2	LY	122	0.002027790705405226
dutch	sara_burgerhart	2	YI	65	0.00108038029386344
dutch	sara_burgerhart	2	DH	227	0.0037730204108769364
dutch	sara_burgerhart	2	SO	321	0.005335416528156373
dutch	sara_burgerhart	2	YB	40	0.0006648494116082707
dutch	sara_burgerhart	2	UN	225	0.0037397779402965226
dutch	sara_burgerhart	2	NC	83	0.0013795625290871619
dutch	sara_burgerhart	2	LO	205	0.0034073532344923874
dutch	sara_burgerhart	2	HW	23	0.00038228841167475564
dutch	sara_burgerhart	2	PE	172	0.002858852469915564
dutch	sara_burgerhart	2	RV	61	0.001013895352702613
dutch	sara_burgerhart	2	VO	8	0.00013296988232165414
dutch	sara_burgerhart	2	UM	18	0.00029918223522372184
dutch	sara_burgerhart	2	EC	189	0.0031414134698490794
dutch	sara_burgerhart	2	OP	97	0.0016122598231500566
dutch	sara_burgerhart	2	PY	2	3.3242470580413535e-05
dutch	sara_burgerhart	2	IG	104	0.001728608470181504
dutch	sara_burgerhart	2	YH	59	0.0009806528821221993
dutch	sara_burgerhart	2	WA	306	0.005086097998803271
dutch	sara_burgerhart	2	EU	56	0.000930789176251579
dutch	sara_burgerhart	2	IC	161	0.0026760188817232895
dutch	sara_burgerhart	2	AG	77	0.0012798351173459212
dutch	sara_burgerhart	2	GE	119	0.0019779269995346053
dutch	sara_burgerhart	2	SV	12	0.0001994548234824812
dutch	sara_burgerhart	2	SI	204	0.0033907319992021808
dutch	sara_burgerhart	2	GS	59	0.0009806528821221993
dutch	sara_burgerhart	2	SJ	29	0.0004820158234159963
dutch	sara_burgerhart	2	PL	139	0.002310351705338741
dutch	sara_burgerhart	2	WO	145	0.0024100791170799814
dutch	sara_burgerhart	2	FF	46	0.0007645768233495113
dutch	sara_burgerhart	2	UI	62	0.0010305165879928196
dutch	sara_burgerhart	2	UP	87	0.0014460474702479888
dutch	sara_burgerhart	2	PO	97	0.0016122598231500566
dutch	sara_burgerhart	2	VA	53	0.0008809254703809588
dutch	sara_burgerhart	2	NO	283	0.004703809587128516
dutch	sara_burgerhart	2	OI	70	0.0011634864703144738
dutch	sara_burgerhart	2	EF	188	0.0031247922345588723
dutch	sara_burgerhart	2	FE	117	0.0019446845289541918
dutch	sara_burgerhart	2	EE	297	0.00493650688119141
dutch	sara_burgerhart	2	FJ	13	0.000216076058772688
dutch	sara_burgerhart	2	RU	85	0.0014128049996675752
dutch	sara_burgerhart	2	MY	55	0.0009141679409613722
dutch	sara_burgerhart	2	YS	105	0.0017452297054717106
dutch	sara_burgerhart	2	EP	232	0.00385612658732797
dutch	sara_burgerhart	2	BL	95	0.001579017352569643
dutch	sara_burgerhart	2	EK	55	0.0009141679409613722
dutch	sara_burgerhart	2	KI	102	0.0016953659996010904
dutch	sara_burgerhart	2	GF	15	0.0002493185293531015
dutch	sara_burgerhart	2	AS	465	0.0077288744099461475
dutch	sara_burgerhart	2	FG	38	0.0006316069410278571
dutch	sara_burgerhart	2	GR	89	0.0014792899408284023
dutch	sara_burgerhart	2	OS	161	0.0026760188817232895
dutch	sara_burgerhart	2	YD	39	0.0006482281763180639
dutch	sara_burgerhart	2	EV	111	0.0018449571172129513
dutch	sara_burgerhart	2	CU	27	0.00044877335283558277
dutch	sara_burgerhart	2	EJ	45	0.0007479555880593046
dutch	sara_burgerhart	2	JA	12	0.0001994548234824812
dutch	sara_burgerhart	2	SD	53	0.0008809254703809588
dutch	sara_burgerhart	2	TW	160	0.002659397646433083
dutch	sara_burgerhart	2	OB	64	0.0010637590585732331
dutch	sara_burgerhart	2	DM	84	0.0013961837643773685
dutch	sara_burgerhart	2	DC	67	0.0011136227644438534
dutch	sara_burgerhart	2	HR	59	0.0009806528821221993
dutch	sara_burgerhart	2	LK	12	0.0001994548234824812
dutch	sara_burgerhart	2	GO	192	0.0031912771757196994
dutch	sara_burgerhart	2	FC	14	0.00023269729406289475
dutch	sara_burgerhart	2	AA	12	0.0001994548234824812
dutch	sara_burgerhart	2	EY	257	0.00427165746958314
dutch	sara_burgerhart	2	EG	93	0.0015457748819892295
dutch	sara_burgerhart	2	IF	76	0.0012632138820557143
dutch	sara_burgerhart	2	PI	46	0.0007645768233495113
dutch	sara_burgerhart	2	FM	20	0.00033242470580413535
dutch	sara_burgerhart	2	NJ	41	0.0006814706468984775
dutch	sara_burgerhart	2	HM	25	0.0004155308822551692
dutch	sara_burgerhart	2	GG	29	0.0004820158234159963
dutch	sara_burgerhart	2	DV	8	0.00013296988232165414
dutch	sara_burgerhart	2	AX	6	9.97274117412406e-05
dutch	sara_burgerhart	2	XG	5	8.310617645103384e-05
dutch	sara_burgerhart	2	BA	45	0.0007479555880593046
dutch	sara_burgerhart	2	RR	40	0.0006648494116082707
dutch	sara_burgerhart	2	CK	64	0.0010637590585732331
dutch	sara_burgerhart	2	KE	164	0.00272588258759391
dutch	sara_burgerhart	2	HU	38	0.0006316069410278571
dutch	sara_burgerhart	2	SB	85	0.0014128049996675752
dutch	sara_burgerhart	2	WE	242	0.004022338940230038
dutch	sara_burgerhart	2	RM	66	0.0010970015291536467
dutch	sara_burgerhart	2	HV	4	6.648494116082707e-05
dutch	sara_burgerhart	2	RG	44	0.0007313343527690978
dutch	sara_burgerhart	2	GI	90	0.0014959111761186092
dutch	sara_burgerhart	2	DJ	47	0.0007811980586397181
dutch	sara_burgerhart	2	IP	62	0.0010305165879928196
dutch	sara_burgerhart	2	PP	30	0.000498637058706203
dutch	sara_burgerhart	2	RK	21	0.00034904594109434213
dutch	sara_burgerhart	2	KA	19	0.00031580347051392857
dutch	sara_burgerhart	2	MI	99	0.0016455022937304701
dutch	sara_burgerhart	2	FW	10	0.00016621235290206768
dutch	sara_burgerhart	2	AP	44	0.0007313343527690978
dutch	sara_burgerhart	2	HL	20	0.00033242470580413535
dutch	sara_burgerhart	2	DL	52	0.000864304235090752
dutch	sara_burgerhart	2	WN	56	0.000930789176251579
dutch	sara_burgerhart	2	AK	73	0.001213350176185094
dutch	sara_burgerhart	2	GJ	4	6.648494116082707e-05
dutch	sara_burgerhart	2	JO	33	0.0005485007645768233
dutch	sara_burgerhart	2	OJ	19	0.00031580347051392857
dutch	sara_burgerhart	2	IK	26	0.000432152117545376
dutch	sara_burgerhart	2	RJ	6	9.97274117412406e-05
dutch	sara_burgerhart	2	YW	90	0.0014959111761186092
dutch	sara_burgerhart	2	MW	29	0.0004820158234159963
dutch	sara_burgerhart	2	WH	357	0.0059337809986038164
dutch	sara_burgerhart	2	NQ	4	6.648494116082707e-05
dutch	sara_burgerhart	2	QU	25	0.0004155308822551692
dutch	sara_burgerhart	2	AY	207	0.003440595705072801
dutch	sara_burgerhart	2	GW	19	0.00031580347051392857
dutch	sara_burgerhart	2	NK	25	0.0004155308822551692
dutch	sara_burgerhart	2	RW	59	0.0009806528821221993
dutch	sara_burgerhart	2	NH	129	0.002144139352436673
dutch	sara_burgerhart	2	DW	133	0.0022106242935975
dutch	sara_burgerhart	2	MH	30	0.000498637058706203
dutch	sara_burgerhart	2	UB	24	0.0003989096469649624
dutch	sara_burgerhart	2	AW	86	0.001429426234957782
dutch	sara_burgerhart	2	DK	13	0.000216076058772688
dutch	sara_burgerhart	2	DF	80	0.0013296988232165414
dutch	sara_burgerhart	2	NB	44	0.0007313343527690978
dutch	sara_burgerhart	2	WU	1	1.6621235290206768e-05
dutch	sara_burgerhart	2	CR	40	0.0006648494116082707
dutch	sara_burgerhart	2	OC	48	0.0007978192939299248
dutch	sara_burgerhart	2	UE	23	0.00038228841167475564
dutch	sara_burgerhart	2	OA	92	0.0015291536466990226
dutch	sara_burgerhart	2	CT	29	0.0004820158234159963
dutch	sara_burgerhart	2	YO	104	0.001728608470181504
dutch	sara_burgerhart	2	YE	80	0.0013296988232165414
dutch	sara_burgerhart	2	DN	64	0.0010637590585732331
dutch	sara_burgerhart	2	OY	32	0.0005318795292866166
dutch	sara_burgerhart	2	TK	4	6.648494116082707e-05
dutch	sara_burgerhart	2	PT	41	0.0006814706468984775
dutch	sara_burgerhart	2	FP	11	0.00018283358819227446
dutch	sara_burgerhart	2	DO	243	0.0040389601755202445
dutch	sara_burgerhart	2	YC	26	0.000432152117545376
dutch	sara_burgerhart	2	AF	53	0.0008809254703809588
dutch	sara_burgerhart	2	OG	46	0.0007645768233495113
dutch	sara_burgerhart	2	HD	12	0.0001994548234824812
dutch	sara_burgerhart	2	GC	8	0.00013296988232165414
dutch	sara_burgerhart	2	MS	52	0.000864304235090752
dutch	sara_burgerhart	2	GM	12	0.0001994548234824812
dutch	sara_burgerhart	2	EX	19	0.00031580347051392857
dutch	sara_burgerhart	2	XC	3	4.98637058706203e-05
dutch	sara_burgerhart	2	TJ	32	0.0005318795292866166
dutch	sara_burgerhart	2	YK	6	9.97274117412406e-05
dutch	sara_burgerhart	2	KN	38	0.0006316069410278571
dutch	sara_burgerhart	2	KB	3	4.98637058706203e-05
dutch	sara_burgerhart	2	SL	53	0.0008809254703809588
dutch	sara_burgerhart	2	SN	36	0.0005983644704474437
dutch	sara_burgerhart	2	HB	14	0.00023269729406289475
dutch	sara_burgerhart	2	LJ	1	1.6621235290206768e-05
dutch	sara_burgerhart	2	MB	53	0.0008809254703809588
dutch	sara_burgerhart	2	TG	26	0.000432152117545376
dutch	sara_burgerhart	2	MF	17	0.00028256099993351506
dutch	sara_burgerhart	2	MD	7	0.00011634864703144737
dutch	sara_burgerhart	2	FS	16	0.0002659397646433083
dutch	sara_burgerhart	2	SK	44	0.0007313343527690978
dutch	sara_burgerhart	2	FL	19	0.00031580347051392857
dutch	sara_burgerhart	2	KS	13	0.000216076058772688
dutch	sara_burgerhart	2	LN	13	0.000216076058772688
dutch	sara_burgerhart	2	AZ	9	0.00014959111761186092
dutch	sara_burgerhart	2	ZZ	1	1.6621235290206768e-05
dutch	sara_burgerhart	2	ZL	1	1.6621235290206768e-05
dutch	sara_burgerhart	2	GL	19	0.00031580347051392857
dutch	sara_burgerhart	2	GY	2	3.3242470580413535e-05
dutch	sara_burgerhart	2	HS	18	0.00029918223522372184
dutch	sara_burgerhart	2	LB	36	0.0005983644704474437
dutch	sara_burgerhart	2	FD	10	0.00016621235290206768
dutch	sara_burgerhart	2	UD	33	0.0005485007645768233
dutch	sara_burgerhart	2	HP	6	9.97274117412406e-05
dutch	sara_burgerhart	2	SR	17	0.00028256099993351506
dutch	sara_burgerhart	2	RP	20	0.00033242470580413535
dutch	sara_burgerhart	2	SG	39	0.0006482281763180639
dutch	sara_burgerhart	2	MN	9	0.00014959111761186092
dutch	sara_burgerhart	2	KT	14	0.00023269729406289475
dutch	sara_burgerhart	2	LH	28	0.0004653945881257895
dutch	sara_burgerhart	2	WB	1	1.6621235290206768e-05
dutch	sara_burgerhart	2	LV	13	0.000216076058772688
dutch	sara_burgerhart	2	KH	7	0.00011634864703144737
dutch	sara_burgerhart	2	HJ	3	4.98637058706203e-05
dutch	sara_burgerhart	2	ZA	6	9.97274117412406e-05
dutch	sara_burgerhart	2	GB	11	0.00018283358819227446
dutch	sara_burgerhart	2	TD	33	0.0005485007645768233
dutch	sara_burgerhart	2	WF	5	8.310617645103384e-05
dutch	sara_burgerhart	2	HH	41	0.0006814706468984775
dutch	sara_burgerhart	2	MQ	1	1.6621235290206768e-05
dutch	sara_burgerhart	2	ZE	5	8.310617645103384e-05
dutch	sara_burgerhart	2	WJ	1	1.6621235290206768e-05
dutch	sara_burgerhart	2	HC	6	9.97274117412406e-05
dutch	sara_burgerhart	2	MG	5	8.310617645103384e-05
dutch	sara_burgerhart	2	IH	17	0.00028256099993351506
dutch	sara_burgerhart	2	KW	7	0.00011634864703144737
dutch	sara_burgerhart	2	SY	12	0.0001994548234824812
dutch	sara_burgerhart	2	FH	43	0.000714713117478891
dutch	sara_burgerhart	2	WD	9	0.00014959111761186092
dutch	sara_burgerhart	2	PU	34	0.0005651219998670301
dutch	sara_burgerhart	2	UW	7	0.00011634864703144737
dutch	sara_burgerhart	2	IW	13	0.000216076058772688
dutch	sara_burgerhart	2	YL	15	0.0002493185293531015
dutch	sara_burgerhart	2	HN	12	0.0001994548234824812
dutch	sara_burgerhart	2	LM	13	0.000216076058772688
dutch	sara_burgerhart	2	FB	6	9.97274117412406e-05
dutch	sara_burgerhart	2	ML	5	8.310617645103384e-05
dutch	sara_burgerhart	2	KJ	2	3.3242470580413535e-05
dutch	sara_burgerhart	2	LF	40	0.0006648494116082707
dutch	sara_burgerhart	2	WR	9	0.00014959111761186092
dutch	sara_burgerhart	2	IX	3	4.98637058706203e-05
dutch	sara_burgerhart	2	XT	4	6.648494116082707e-05
dutch	sara_burgerhart	2	OE	27	0.00044877335283558277
dutch	sara_burgerhart	2	LC	15	0.0002493185293531015
dutch	sara_burgerhart	2	AO	2	3.3242470580413535e-05
dutch	sara_burgerhart	2	YN	12	0.0001994548234824812
dutch	sara_burgerhart	2	GU	23	0.00038228841167475564
dutch	sara_burgerhart	2	YU	15	0.0002493185293531015
dutch	sara_burgerhart	2	YG	13	0.000216076058772688
dutch	sara_burgerhart	2	AE	2	3.3242470580413535e-05
dutch	sara_burgerhart	2	UH	9	0.00014959111761186092
dutch	sara_burgerhart	2	CC	11	0.00018283358819227446
dutch	sara_burgerhart	2	NV	11	0.00018283358819227446
dutch	sara_burgerhart	2	LW	9	0.00014959111761186092
dutch	sara_burgerhart	2	OX	4	6.648494116082707e-05
dutch	sara_burgerhart	2	XO	1	1.6621235290206768e-05
dutch	sara_burgerhart	2	UK	4	6.648494116082707e-05
dutch	sara_burgerhart	2	YY	6	9.97274117412406e-05
dutch	sara_burgerhart	2	UF	9	0.00014959111761186092
dutch	sara_burgerhart	2	EQ	10	0.00016621235290206768
dutch	sara_burgerhart	2	YP	24	0.0003989096469649624
dutch	sara_burgerhart	2	XP	8	0.00013296988232165414
dutch	sara_burgerhart	2	PF	4	6.648494116082707e-05
dutch	sara_burgerhart	2	DY	22	0.0003656671763845489
dutch	sara_burgerhart	2	KY	4	6.648494116082707e-05
dutch	sara_burgerhart	2	FN	3	4.98637058706203e-05
dutch	sara_burgerhart	2	KG	2	3.3242470580413535e-05
dutch	sara_burgerhart	2	HG	7	0.00011634864703144737
dutch	sara_burgerhart	2	PW	5	8.310617645103384e-05
dutch	sara_burgerhart	2	PB	7	0.00011634864703144737
dutch	sara_burgerhart	2	GN	8	0.00013296988232165414
dutch	sara_burgerhart	2	SQ	2	3.3242470580413535e-05
dutch	sara_burgerhart	2	KL	4	6.648494116082707e-05
dutch	sara_burgerhart	2	PV	1	1.6621235290206768e-05
dutch	sara_burgerhart	2	FY	10	0.00016621235290206768
dutch	sara_burgerhart	2	WG	1	1.6621235290206768e-05
dutch	sara_burgerhart	2	LG	9	0.00014959111761186092
dutch	sara_burgerhart	2	BS	12	0.0001994548234824812
dutch	sara_burgerhart	2	BB	10	0.00016621235290206768
dutch	sara_burgerhart	2	VY	2	3.3242470580413535e-05
dutch	sara_burgerhart	2	WM	3	4.98637058706203e-05
dutch	sara_burgerhart	2	IZ	4	6.648494116082707e-05
dutch	sara_burgerhart	2	YQ	1	1.6621235290206768e-05
dutch	sara_burgerhart	2	HQ	3	4.98637058706203e-05
dutch	sara_burgerhart	2	UA	12	0.0001994548234824812
dutch	sara_burgerhart	2	NX	1	1.6621235290206768e-05
dutch	sara_burgerhart	2	XI	1	1.6621235290206768e-05
dutch	sara_burgerhart	2	BT	11	0.00018283358819227446
dutch	sara_burgerhart	2	UY	7	0.00011634864703144737
dutch	sara_burgerhart	2	XA	6	9.97274117412406e-05
dutch	sara_burgerhart	2	MC	8	0.00013296988232165414
dutch	sara_burgerhart	2	GV	1	1.6621235290206768e-05
dutch	sara_burgerhart	2	LR	7	0.00011634864703144737
dutch	sara_burgerhart	2	MJ	6	9.97274117412406e-05
dutch	sara_burgerhart	2	CY	5	8.310617645103384e-05
dutch	sara_burgerhart	2	KU	1	1.6621235290206768e-05
dutch	sara_burgerhart	2	WK	3	4.98637058706203e-05
dutch	sara_burgerhart	2	WL	4	6.648494116082707e-05
dutch	sara_burgerhart	2	MK	1	1.6621235290206768e-05
dutch	sara_burgerhart	2	UO	5	8.310617645103384e-05
dutch	sara_burgerhart	2	YV	3	4.98637058706203e-05
dutch	sara_burgerhart	2	XE	5	8.310617645103384e-05
dutch	sara_burgerhart	2	PM	2	3.3242470580413535e-05
dutch	sara_burgerhart	2	RQ	1	1.6621235290206768e-05
dutch	sara_burgerhart	2	PJ	1	1.6621235290206768e-05
dutch	sara_burgerhart	2	WY	3	4.98637058706203e-05
dutch	sara_burgerhart	2	PD	1	1.6621235290206768e-05
dutch	sara_burgerhart	2	KC	1	1.6621235290206768e-05
dutch	sara_burgerhart	2	GP	4	6.648494116082707e-05
dutch	sara_burgerhart	2	KF	4	6.648494116082707e-05
dutch	sara_burgerhart	2	MR	1	1.6621235290206768e-05
dutch	sara_burgerhart	2	KD	1	1.6621235290206768e-05
dutch	sara_burgerhart	2	KR	1	1.6621235290206768e-05
dutch	sara_burgerhart	2	DQ	1	1.6621235290206768e-05
dutch	sara_burgerhart	2	WC	2	3.3242470580413535e-05
dutch	sara_burgerhart	2	IU	2	3.3242470580413535e-05
dutch	sara_burgerhart	2	AQ	1	1.6621235290206768e-05
dutch	sara_burgerhart	2	HK	1	1.6621235290206768e-05
dutch	sara_burgerhart	2	MV	1	1.6621235290206768e-05
dutch	sara_burgerhart	2	GK	1	1.6621235290206768e-05
dutch	sara_burgerhart	2	GQ	1	1.6621235290206768e-05
dutch	sara_burgerhart	2	TV	1	1.6621235290206768e-05
dutch	sara_burgerhart	2	ZI	1	1.6621235290206768e-05
dutch	sara_burgerhart	2	UJ	1	1.6621235290206768e-05
english	alice	2	IL	352	0.0032567865139431175
english	alice	2	LL	696	0.006439555152569346
english	alice	2	LU	22	0.00020354915712144484
english	alice	2	US	463	0.004283784533964953
english	alice	2	ST	947	0.008761865990636738
english	alice	2	TR	197	0.0018226901796783922
english	alice	2	RA	485	0.004487333691086398
english	alice	2	AT	1225	0.011333987157898632
english	alice	2	TI	824	0.00762384115763957
english	alice	2	IO	184	0.0017024111322884476
english	alice	2	ON	1081	0.01000166540219463
english	alice	2	NA	452	0.00418200995540423
english	alice	2	AL	1051	0.009724098369756295
english	alice	2	LI	917	0.008484298958198406
english	alice	2	IC	641	0.005930682259765734
english	alice	2	CE	709	0.00655983419995929
english	alice	2	ES	1182	0.010936141078070354
english	alice	2	SA	1006	0.009307747821098795
english	alice	2	AD	480	0.004441072519013342
english	alice	2	DV	49	0.0004533594863159453
english	alice	2	VE	698	0.0064580596213985675
english	alice	2	EN	1055	0.009761107307414741
english	alice	2	NT	1055	0.009761107307414741
english	alice	2	TU	235	0.0021742750874336153
english	alice	2	UR	523	0.004838918598841621
english	alice	2	RE	1187	0.01098240225014341
english	alice	2	SI	446	0.004126496548916564
english	alice	2	IN	2040	0.0188745582058067
english	alice	2	NW	124	0.0011472770674117799
english	alice	2	WO	282	0.0026091301049203383
english	alice	2	ND	1298	0.012009400270165244
english	alice	2	DE	474	0.004385559112525675
english	alice	2	ER	2012	0.01861549564219759
english	alice	2	RL	95	0.0008789622693880572
english	alice	2	LA	375	0.003469587905479173
english	alice	2	AN	1624	0.015025628689328472
english	alice	2	DB	164	0.001517366443996225
english	alice	2	BY	76	0.0007031698155104458
english	alice	2	YL	60	0.0005551340648766677
english	alice	2	LE	752	0.006957680279787569
english	alice	2	EW	603	0.005579097352010511
english	alice	2	WI	408	0.0037749116411613403
english	alice	2	IS	642	0.005939934494180344
english	alice	2	SC	99	0.0009159712070465017
english	alice	2	CA	319	0.0029514627782609502
english	alice	2	AR	733	0.006781887825909957
english	alice	2	RR	100	0.0009252234414611129
english	alice	2	RO	426	0.00394145186062434
english	alice	2	OL	219	0.002026239336799837
english	alice	2	LT	161	0.0014896097407523917
english	alice	2	TH	3676	0.034011213708110506
english	alice	2	HE	3796	0.035121481837863844
english	alice	2	EM	509	0.004709387317037065
english	alice	2	MI	201	0.001859699117336837
english	alice	2	NN	73	0.0006754131122666124
english	alice	2	NI	349	0.0032290298106992838
english	alice	2	IU	7	6.47656409022779e-05
english	alice	2	UM	85	0.0007864399252419459
english	alice	2	MF	20	0.00018504468829222257
english	alice	2	FU	108	0.000999241316778002
english	alice	2	UL	349	0.0032290298106992838
english	alice	2	LC	26	0.00024055809477988935
english	alice	2	CR	111	0.0010269980200218352
english	alice	2	RU	88	0.0008141966284857794
english	alice	2	ME	585	0.00541255713254751
english	alice	2	ED	1204	0.011139690235191799
english	alice	2	DI	451	0.004172757720989619
english	alice	2	IT	1366	0.012638552210358802
english	alice	2	NC	217	0.002007734867970615
english	alice	2	CO	342	0.003164264169797006
english	alice	2	TE	812	0.007512814344664236
english	alice	2	TS	585	0.00541255713254751
english	alice	2	CH	462	0.004274532299550341
english	alice	2	HA	1289	0.011926130160433744
english	alice	2	AP	165	0.0015266186784108362
english	alice	2	PT	101	0.000934475675875724
english	alice	2	RI	480	0.004441072519013342
english	alice	2	ID	757	0.007003941451860624
english	alice	2	DO	595	0.005505079476693622
english	alice	2	OW	596	0.005514331711108233
english	alice	2	WN	145	0.0013415739901186136
english	alice	2	AB	253	0.0023408153068966153
english	alice	2	BB	68	0.0006291519401935568
english	alice	2	BI	114	0.0010547547232656687
english	alice	2	HO	614	0.005680871930571233
english	alice	2	EC	443	0.00409873984567273
english	alice	2	II	16	0.00014803575063377806
english	alice	2	EP	287	0.002655391276993394
english	alice	2	PO	201	0.001859699117336837
english	alice	2	OO	493	0.004561351566403286
english	alice	2	LO	367	0.0033955700301622842
english	alice	2	OF	661	0.006115726948057956
english	alice	2	FT	321	0.002969967247090172
english	alice	2	EA	1255	0.011611554190336966
english	alice	2	RS	516	0.004774152957939343
english	alice	2	IA	53	0.0004903684239743898
english	alice	2	AC	211	0.001952221461482948
english	alice	2	AU	79	0.0007309265187542791
english	alice	2	UC	201	0.001859699117336837
english	alice	2	CU	104	0.0009622323791195574
english	alice	2	SR	34	0.0003145759700967784
english	alice	2	DA	543	0.005023963287133843
english	alice	2	NG	1158	0.010714087452119686
english	alice	2	GT	204	0.0018874558205806702
english	alice	2	TA	684	0.006328528339594012
english	alice	2	IV	96	0.0008882145038026683
english	alice	2	VT	2	1.8504468829222258e-05
english	alice	2	SE	837	0.007744120205029514
english	alice	2	DS	343	0.0031735164042116172
english	alice	2	TT	853	0.007892155955663293
english	alice	2	TL	370	0.0034233267334061175
english	alice	2	EB	243	0.002248292962750504
english	alice	2	RV	27	0.0002498103291945005
english	alice	2	VA	21	0.0001942969227068337
english	alice	2	VI	65	0.0006013952369497233
english	alice	2	EF	265	0.0024518421198719493
english	alice	2	FR	95	0.0008789622693880572
english	alice	2	OM	346	0.0032012731074554505
english	alice	2	MA	377	0.0034880923743083954
english	alice	2	RP	103	0.0009529801447049462
english	alice	2	PI	159	0.0014711052719231694
english	alice	2	RC	101	0.000934475675875724
english	alice	2	IP	22	0.00020354915712144484
english	alice	2	IG	224	0.0020725005088728927
english	alice	2	GA	387	0.0035806147184545066
english	alice	2	DP	48	0.00044410725190133416
english	alice	2	PE	289	0.0026738957458226163
english	alice	2	PP	116	0.001073259192094891
english	alice	2	AM	233	0.002155770618604393
english	alice	2	DT	842	0.00779038137710257
english	alice	2	PA	167	0.0015451231472400585
english	alice	2	RT	470	0.004348550174867231
english	alice	2	TY	125	0.001156529301826391
english	alice	2	YC	50	0.00046261172073055643
english	alice	2	EQ	99	0.0009159712070465017
english	alice	2	QU	211	0.001952221461482948
english	alice	2	UE	171	0.001582132084898503
english	alice	2	EE	569	0.005264521381913732
english	alice	2	NS	293	0.0027109046834810605
english	alice	2	OQ	15	0.00013878351621916693
english	alice	2	ET	1006	0.009307747821098795
english	alice	2	TG	52	0.0004811161895597787
english	alice	2	GR	222	0.0020539960400436704
english	alice	2	OU	1571	0.014535260265354084
english	alice	2	UN	253	0.0023408153068966153
english	alice	2	DC	58	0.0005366295960474455
english	alice	2	IX	10	9.252234414611129e-05
english	alice	2	XT	44	0.0004070983142428897
english	alice	2	MO	341	0.003155011935382395
english	alice	2	OC	136	0.0012583038803871136
english	alice	2	CK	178	0.0016468977258007808
english	alice	2	KT	119	0.0011010158953387243
english	alice	2	SS	435	0.004024721970355841
english	alice	2	TO	1258	0.0116393108935808
english	alice	2	OR	700	0.00647656409022779
english	alice	2	RY	405	0.003747154937917507
english	alice	2	RX	6	5.551340648766677e-05
english	alice	2	EL	611	0.005653115227327399
english	alice	2	OB	124	0.0011472770674117799
english	alice	2	BS	29	0.00026831479802372275
english	alice	2	RQ	11	0.00010177457856072242
english	alice	2	UA	50	0.00046261172073055643
english	alice	2	DR	138	0.0012768083492163357
english	alice	2	XI	27	0.0002498103291945005
english	alice	2	IW	51	0.00047186395514516754
english	alice	2	WH	529	0.004894432005329287
english	alice	2	OS	298	0.0027571658555541165
english	alice	2	EV	231	0.0021372661497751706
english	alice	2	WA	628	0.005810403212375788
english	alice	2	AS	964	0.008919153975685127
english	alice	2	SB	66	0.0006106474713643345
english	alice	2	BE	524	0.004848170833256231
english	alice	2	EG	307	0.0028404359652856163
english	alice	2	GI	175	0.0016191410225569476
english	alice	2	OG	86	0.000795692159656557
english	alice	2	GE	298	0.0027571658555541165
english	alice	2	TV	22	0.00020354915712144484
english	alice	2	YT	235	0.0021742750874336153
english	alice	2	IR	215	0.0019892303991413925
english	alice	2	FS	52	0.0004811161895597787
english	alice	2	GB	37	0.00034233267334061177
english	alice	2	YH	57	0.0005273773616328343
english	alice	2	BA	81	0.0007494309875835015
english	alice	2	NK	121	0.0011195203641679466
english	alice	2	KA	77	0.0007124220499250569
english	alice	2	FH	64	0.0005921430025351123
english	alice	2	AV	201	0.001859699117336837
english	alice	2	GN	30	0.00027756703243833386
english	alice	2	NO	619	0.005727133102644289
english	alice	2	OT	618	0.005717880868229677
english	alice	2	HI	838	0.007753372439444126
english	alice	2	OD	147	0.001360078458947836
english	alice	2	EO	368	0.003404822264576895
english	alice	2	TW	339	0.0031365074665531726
english	alice	2	SH	974	0.00901167631983124
english	alice	2	EH	347	0.0032105253418700614
english	alice	2	BO	203	0.001878203586166059
english	alice	2	OK	218	0.002016987102385226
english	alice	2	KH	17	0.0001572879850483892
english	alice	2	RW	106	0.0009807368479487796
english	alice	2	BU	204	0.0018874558205806702
english	alice	2	UT	614	0.005680871930571233
english	alice	2	DN	184	0.0017024111322884476
english	alice	2	OP	130	0.0012027904738994466
english	alice	2	CT	74	0.0006846653466812235
english	alice	2	SO	533	0.004931440942987732
english	alice	2	NV	25	0.00023130586036527822
english	alice	2	DW	155	0.001434096334264725
english	alice	2	EU	41	0.00037934161099905625
english	alice	2	FA	195	0.0018041857108491701
english	alice	2	UG	184	0.0017024111322884476
english	alice	2	GH	371	0.003432578967820729
english	alice	2	HT	342	0.003164264169797006
english	alice	2	TP	57	0.0005273773616328343
english	alice	2	NH	105	0.0009714846135341685
english	alice	2	NM	35	0.0003238282045113895
english	alice	2	SW	175	0.0016191410225569476
english	alice	2	WE	351	0.003247534279528506
english	alice	2	LD	352	0.0032567865139431175
english	alice	2	DF	91	0.0008419533317296127
english	alice	2	FO	342	0.003164264169797006
english	alice	2	TD	94	0.0008697100349734461
english	alice	2	AY	259	0.0023963287133842823
english	alice	2	YM	58	0.0005366295960474455
english	alice	2	RF	77	0.0007124220499250569
english	alice	2	FE	163	0.0015081142095816139
english	alice	2	LV	18	0.0001665402194630003
english	alice	2	YS	167	0.0015451231472400585
english	alice	2	SL	116	0.001073259192094891
english	alice	2	PY	17	0.0001572879850483892
english	alice	2	YA	209	0.001933716992653726
english	alice	2	UP	215	0.0019892303991413925
english	alice	2	PL	181	0.0016746544290446143
english	alice	2	SU	175	0.0016191410225569476
english	alice	2	FM	25	0.00023130586036527822
english	alice	2	AK	130	0.0012027904738994466
english	alice	2	KI	245	0.0022667974315797265
english	alice	2	AI	720	0.006661608778520013
english	alice	2	SY	43	0.0003978460798282785
english	alice	2	UB	36	0.0003330804389260006
english	alice	2	BL	106	0.0009807368479487796
english	alice	2	FG	12	0.00011102681297533354
english	alice	2	GU	63	0.0005828907681205011
english	alice	2	IE	198	0.0018319424140930034
english	alice	2	UD	84	0.0007771876908273348
english	alice	2	DD	119	0.0011010158953387243
english	alice	2	NL	115	0.0010640069576802798
english	alice	2	LY	466	0.004311541237208786
english	alice	2	AW	112	0.0010362502544364464
english	alice	2	HP	10	9.252234414611129e-05
english	alice	2	KE	366	0.003386317795747673
english	alice	2	EY	313	0.0028959493717732833
english	alice	2	YE	116	0.001073259192094891
english	alice	2	CL	66	0.0006106474713643345
english	alice	2	SN	140	0.001295312818045558
english	alice	2	GS	151	0.0013970873966062804
english	alice	2	OV	95	0.0008789622693880572
english	alice	2	YR	52	0.0004811161895597787
english	alice	2	RK	69	0.0006384041746081678
english	alice	2	EI	383	0.0035436057807960624
english	alice	2	TN	51	0.00047186395514516754
english	alice	2	RD	211	0.001952221461482948
english	alice	2	MU	128	0.0011842860050702245
english	alice	2	OH	174	0.0016098887881423364
english	alice	2	OI	187	0.001730167835532281
english	alice	2	LF	163	0.0015081142095816139
english	alice	2	HD	19	0.00017579245387761144
english	alice	2	LB	37	0.00034233267334061177
english	alice	2	AF	93	0.000860457800558835
english	alice	2	CC	16	0.00014803575063377806
english	alice	2	IM	304	0.002812679262041783
english	alice	2	LS	130	0.0012027904738994466
english	alice	2	DQ	14	0.0001295312818045558
english	alice	2	UI	88	0.0008141966284857794
english	alice	2	TC	112	0.0010362502544364464
english	alice	2	FI	251	0.0023223108380673934
english	alice	2	OA	137	0.0012675561148017245
english	alice	2	DL	122	0.0011287725985825578
english	alice	2	HU	60	0.0005551340648766677
english	alice	2	TF	81	0.0007494309875835015
english	alice	2	FL	53	0.0004903684239743898
english	alice	2	RM	117	0.001082511426509502
english	alice	2	NE	583	0.005394052663718288
english	alice	2	RB	37	0.00034233267334061177
english	alice	2	RN	113	0.0010455024888510575
english	alice	2	GW	46	0.0004256027830721119
english	alice	2	HC	18	0.0001665402194630003
english	alice	2	YW	126	0.0011657815362410022
english	alice	2	SJ	9	8.327010973150015e-05
english	alice	2	JU	102	0.0009437279102903351
english	alice	2	PD	4	3.7008937658444516e-05
english	alice	2	RG	79	0.0007309265187542791
english	alice	2	DG	86	0.000795692159656557
english	alice	2	AG	204	0.0018874558205806702
english	alice	2	IK	112	0.0010362502544364464
english	alice	2	YD	67	0.0006198997057789456
english	alice	2	FB	23	0.00021280139153605595
english	alice	2	DH	180	0.0016654021946300032
english	alice	2	FF	133	0.00123054717714328
english	alice	2	GD	26	0.00024055809477988935
english	alice	2	PW	8	7.401787531688903e-05
english	alice	2	LW	49	0.0004533594863159453
english	alice	2	SV	34	0.0003145759700967784
english	alice	2	WL	41	0.00037934161099905625
english	alice	2	YF	43	0.0003978460798282785
english	alice	2	YO	563	0.005209007975426065
english	alice	2	SG	55	0.000508872892803612
english	alice	2	GO	293	0.0027109046834810605
english	alice	2	EX	104	0.0009622323791195574
english	alice	2	KD	3	2.7756703243833385e-05
english	alice	2	DM	60	0.0005551340648766677
english	alice	2	NY	134	0.0012397994115578913
english	alice	2	PB	18	0.0001665402194630003
english	alice	2	KS	36	0.0003330804389260006
english	alice	2	WM	15	0.00013878351621916693
english	alice	2	PS	42	0.0003885938454136674
english	alice	2	NP	16	0.00014803575063377806
english	alice	2	AJ	15	0.00013878351621916693
english	alice	2	JA	6	5.551340648766677e-05
english	alice	2	TM	117	0.001082511426509502
english	alice	2	MP	77	0.0007124220499250569
english	alice	2	EJ	48	0.00044410725190133416
english	alice	2	FK	3	2.7756703243833385e-05
english	alice	2	DY	100	0.0009252234414611129
english	alice	2	YU	24	0.00022205362595066708
english	alice	2	HS	71	0.0006569086434373902
english	alice	2	PU	70	0.000647656409022779
english	alice	2	LP	24	0.00022205362595066708
english	alice	2	KN	147	0.001360078458947836
english	alice	2	MB	73	0.0006754131122666124
english	alice	2	WB	7	6.47656409022779e-05
english	alice	2	BR	59	0.0005458818304620566
english	alice	2	KM	9	8.327010973150015e-05
english	alice	2	HY	63	0.0005828907681205011
english	alice	2	YI	160	0.0014803575063377806
english	alice	2	IF	166	0.0015358709128254473
english	alice	2	HW	36	0.0003330804389260006
english	alice	2	LN	8	7.401787531688903e-05
english	alice	2	RH	154	0.0014248440998501138
english	alice	2	NB	57	0.0005273773616328343
english	alice	2	TB	132	0.001221294942728669
english	alice	2	HL	14	0.0001295312818045558
english	alice	2	SD	36	0.0003330804389260006
english	alice	2	KF	9	8.327010973150015e-05
english	alice	2	LR	26	0.00024055809477988935
english	alice	2	YG	35	0.0003238282045113895
english	alice	2	PR	88	0.0008141966284857794
english	alice	2	YP	87	0.0008049443940711682
english	alice	2	HR	85	0.0007864399252419459
english	alice	2	HH	71	0.0006569086434373902
english	alice	2	WF	12	0.00011102681297533354
english	alice	2	MT	58	0.0005366295960474455
english	alice	2	LK	61	0.0005643862992912789
english	alice	2	KW	16	0.00014803575063377806
english	alice	2	GL	77	0.0007124220499250569
english	alice	2	LH	35	0.0003238282045113895
english	alice	2	SK	51	0.00047186395514516754
english	alice	2	MW	20	0.00018504468829222257
english	alice	2	UK	47	0.00043485501748672306
english	alice	2	WP	5	4.626117207305564e-05
english	alice	2	AA	9	8.327010973150015e-05
english	alice	2	WZ	1	9.252234414611129e-06
english	alice	2	ZE	31	0.00028681926685294497
english	alice	2	SP	123	0.001138024832997169
english	alice	2	CY	8	7.401787531688903e-05
english	alice	2	OY	47	0.00043485501748672306
english	alice	2	KY	23	0.00021280139153605595
english	alice	2	KP	4	3.7008937658444516e-05
english	alice	2	WR	35	0.0003238282045113895
english	alice	2	NU	70	0.000647656409022779
english	alice	2	AH	48	0.00044410725190133416
english	alice	2	LM	32	0.00029607150126755613
english	alice	2	SM	89	0.0008234488629003904
english	alice	2	IH	34	0.0003145759700967784
english	alice	2	HM	26	0.00024055809477988935
english	alice	2	MY	74	0.0006846653466812235
english	alice	2	UW	39	0.00036083714216983404
english	alice	2	FW	34	0.0003145759700967784
english	alice	2	SF	69	0.0006384041746081678
english	alice	2	OZ	2	1.8504468829222258e-05
english	alice	2	ZI	10	9.252234414611129e-05
english	alice	2	DJ	15	0.00013878351621916693
english	alice	2	YN	31	0.00028681926685294497
english	alice	2	WD	24	0.00022205362595066708
english	alice	2	DU	100	0.0009252234414611129
english	alice	2	KO	30	0.00027756703243833386
english	alice	2	GP	19	0.00017579245387761144
english	alice	2	GF	28	0.0002590625636091116
english	alice	2	WS	54	0.000499620658389001
english	alice	2	GG	23	0.00021280139153605595
english	alice	2	XC	13	0.00012027904738994468
english	alice	2	EK	122	0.0011287725985825578
english	alice	2	MH	15	0.00013878351621916693
english	alice	2	WC	10	9.252234414611129e-05
english	alice	2	FV	6	5.551340648766677e-05
english	alice	2	YK	10	9.252234414611129e-05
english	alice	2	WT	64	0.0005921430025351123
english	alice	2	NF	63	0.0005828907681205011
english	alice	2	IB	27	0.0002498103291945005
english	alice	2	MS	60	0.0005551340648766677
english	alice	2	FY	46	0.0004256027830721119
english	alice	2	UH	15	0.00013878351621916693
english	alice	2	YB	62	0.0005736385337058899
english	alice	2	HF	14	0.0001295312818045558
english	alice	2	XE	24	0.00022205362595066708
english	alice	2	VO	63	0.0005828907681205011
english	alice	2	FC	40	0.00037008937658444515
english	alice	2	IZ	26	0.00024055809477988935
english	alice	2	GM	27	0.0002498103291945005
english	alice	2	CI	30	0.00027756703243833386
english	alice	2	TQ	19	0.00017579245387761144
english	alice	2	OX	11	0.00010177457856072242
english	alice	2	XH	1	9.252234414611129e-06
english	alice	2	GC	13	0.00012027904738994468
english	alice	2	FP	12	0.00011102681297533354
english	alice	2	NR	34	0.0003145759700967784
english	alice	2	OE	68	0.0006291519401935568
english	alice	2	LG	12	0.00011102681297533354
english	alice	2	NX	17	0.0001572879850483892
english	alice	2	SQ	22	0.00020354915712144484
english	alice	2	XP	23	0.00021280139153605595
english	alice	2	MM	19	0.00017579245387761144
english	alice	2	KG	1	9.252234414611129e-06
english	alice	2	HN	8	7.401787531688903e-05
english	alice	2	UY	3	2.7756703243833385e-05
english	alice	2	YY	31	0.00028681926685294497
english	alice	2	QH	1	9.252234414611129e-06
english	alice	2	GJ	4	3.7008937658444516e-05
english	alice	2	KU	8	7.401787531688903e-05
english	alice	2	UO	17	0.0001572879850483892
english	alice	2	FD	7	6.47656409022779e-05
english	alice	2	WQ	2	1.8504468829222258e-05
english	alice	2	NJ	7	6.47656409022779e-05
english	alice	2	MN	29	0.00026831479802372275
english	alice	2	UZ	14	0.0001295312818045558
english	alice	2	ZZ	14	0.0001295312818045558
english	alice	2	ZL	14	0.0001295312818045558
english	alice	2	PH	66	0.0006106474713643345
english	alice	2	MC	6	5.551340648766677e-05
english	alice	2	HG	7	6.47656409022779e-05
english	alice	2	PM	3	2.7756703243833385e-05
english	alice	2	FN	15	0.00013878351621916693
english	alice	2	YJ	8	7.401787531688903e-05
english	alice	2	KB	7	6.47656409022779e-05
english	alice	2	UF	14	0.0001295312818045558
english	alice	2	AQ	3	2.7756703243833385e-05
english	alice	2	KV	4	3.7008937658444516e-05
english	alice	2	MV	2	1.8504468829222258e-05
english	alice	2	NQ	9	8.327010973150015e-05
english	alice	2	GY	17	0.0001572879850483892
english	alice	2	IQ	2	1.8504468829222258e-05
english	alice	2	WY	10	9.252234414611129e-05
english	alice	2	ML	2	1.8504468829222258e-05
english	alice	2	AZ	5	4.626117207305564e-05
english	alice	2	BJ	7	6.47656409022779e-05
english	alice	2	JE	20	0.00018504468829222257
english	alice	2	WV	5	4.626117207305564e-05
english	alice	2	VU	1	9.252234414611129e-06
english	alice	2	WW	42	0.0003885938454136674
english	alice	2	TK	23	0.00021280139153605595
english	alice	2	GQ	6	5.551340648766677e-05
english	alice	2	GV	15	0.00013878351621916693
english	alice	2	DK	8	7.401787531688903e-05
english	alice	2	YV	10	9.252234414611129e-05
english	alice	2	BM	1	9.252234414611129e-06
english	alice	2	HB	11	0.00010177457856072242
english	alice	2	PF	1	9.252234414611129e-06
english	alice	2	JO	17	0.0001572879850483892
english	alice	2	XA	15	0.00013878351621916693
english	alice	2	UU	1	9.252234414611129e-06
english	alice	2	XO	4	3.7008937658444516e-05
english	alice	2	MR	5	4.626117207305564e-05
english	alice	2	AO	6	5.551340648766677e-05
english	alice	2	OJ	1	9.252234414611129e-06
english	alice	2	RJ	6	5.551340648766677e-05
english	alice	2	LJ	4	3.7008937658444516e-05
english	alice	2	BT	9	8.327010973150015e-05
english	alice	2	PV	4	3.7008937658444516e-05
english	alice	2	KC	4	3.7008937658444516e-05
english	alice	2	MQ	2	1.8504468829222258e-05
english	alice	2	KQ	1	9.252234414611129e-06
english	alice	2	CB	1	9.252234414611129e-06
english	alice	2	WU	6	5.551340648766677e-05
english	alice	2	MG	8	7.401787531688903e-05
english	alice	2	PN	2	1.8504468829222258e-05
english	alice	2	TJ	12	0.00011102681297533354
english	alice	2	PK	1	9.252234414611129e-06
english	alice	2	ZA	7	6.47656409022779e-05
english	alice	2	KJ	2	1.8504468829222258e-05
english	alice	2	AX	4	3.7008937658444516e-05
english	alice	2	KR	5	4.626117207305564e-05
english	alice	2	YQ	4	3.7008937658444516e-05
english	alice	2	HV	2	1.8504468829222258e-05
english	alice	2	LZ	1	9.252234414611129e-06
english	alice	2	GZ	1	9.252234414611129e-06
english	alice	2	BD	1	9.252234414611129e-06
english	alice	2	UV	7	6.47656409022779e-05
english	alice	2	KK	1	9.252234414611129e-06
english	alice	2	KL	25	0.00023130586036527822
english	alice	2	EZ	14	0.0001295312818045558
english	alice	2	ZY	2	1.8504468829222258e-05
english	alice	2	MD	7	6.47656409022779e-05
english	alice	2	HJ	2	1.8504468829222258e-05
english	alice	2	LQ	1	9.252234414611129e-06
english	alice	2	WG	1	9.252234414611129e-06
english	alice	2	WK	1	9.252234414611129e-06
english	alice	2	UJ	5	4.626117207305564e-05
english	alice	2	PC	5	4.626117207305564e-05
english	alice	2	FQ	2	1.8504468829222258e-05
english	alice	2	JC	1	9.252234414611129e-06
english	alice	2	VY	3	2.7756703243833385e-05
english	alice	2	CS	1	9.252234414611129e-06
english	alice	2	BH	1	9.252234414611129e-06
english	alice	2	GK	1	9.252234414611129e-06
english	alice	2	FJ	1	9.252234414611129e-06
english	alice	2	XW	1	9.252234414611129e-06
english	alice	2	HK	1	9.252234414611129e-06
english	alice	2	MK	1	9.252234414611129e-06
english	mobydick	2	MO	3201	0.0033512113461693486
english	mobydick	2	OB	1188	0.0012437485408463562
english	mobydick	2	BY	1391	0.0014562745962266679
english	mobydick	2	YD	552	0.0005779033624134585
english	mobydick	2	DI	4447	0.0046556816171243656
english	mobydick	2	IC	2922	0.0030591188858190683
english	mobydick	2	CK	2113	0.0022121554434413725
english	mobydick	2	KO	283	0.0002962801658750158
english	mobydick	2	OR	8163	0.008546060049603371
english	mobydick	2	RT	4403	0.0046096168563522786
english	mobydick	2	TH	33041	0.034591494560693985
english	mobydick	2	HE	26741	0.027995858359236035
english	mobydick	2	EW	4353	0.004557270537293088
english	mobydick	2	WH	5973	0.006253291274810846
english	mobydick	2	HA	12861	0.013464520188404872
english	mobydick	2	AL	8525	0.008925047399591908
english	mobydick	2	LE	8580	0.008982628350557017
english	mobydick	2	EB	2551	0.0026707091983998775
english	mobydick	2	YH	704	0.0007370361723533963
english	mobydick	2	ER	16012	0.01676338521551503
english	mobydick	2	RM	1558	0.0016311113018843628
english	mobydick	2	MA	4587	0.004802251310490098
english	mobydick	2	AN	15307	0.01602530211678045
english	mobydick	2	NM	543	0.0005684810249828043
english	mobydick	2	ME	5842	0.006116143918875769
english	mobydick	2	EL	5512	0.005770658213085114
english	mobydick	2	LV	253	0.0002648723744395018
english	mobydick	2	VI	1502	0.0015724834245380698
english	mobydick	2	IL	3856	0.0040369481258447385
english	mobydick	2	LL	6146	0.006434409538755645
english	mobydick	2	EC	4148	0.004342650629150409
english	mobydick	2	CO	3719	0.003893519211622558
english	mobydick	2	ON	9459	0.009902876639617579
english	mobydick	2	NT	9916	0.010381321995818576
english	mobydick	2	TE	7738	0.008101116337600257
english	mobydick	2	EN	9827	0.010288145547893217
english	mobydick	2	TS	4024	0.004212831757883617
english	mobydick	2	SE	7231	0.007570324662340069
english	mobydick	2	ET	7893	0.008263389926683745
english	mobydick	2	TY	1216	0.0012730624795195026
english	mobydick	2	YM	545	0.0005705748777451718
english	mobydick	2	OL	2654	0.0027785426156618095
english	mobydick	2	LO	3969	0.004155250806918509
english	mobydick	2	OG	515	0.0005391670863096578
english	mobydick	2	GY	126	0.00013191272402915898
english	mobydick	2	YE	1935	0.002025802547590656
english	mobydick	2	EX	776	0.0008124148717986299
english	mobydick	2	XT	229	0.00023974614129109055
english	mobydick	2	TR	2428	0.00254193725351427
english	mobydick	2	RA	4790	0.005014777365870409
english	mobydick	2	AC	2956	0.0030947143827793175
english	mobydick	2	CT	1248	0.0013065641237173843
english	mobydick	2	SS	4340	0.004543660494337699
english	mobydick	2	SU	2245	0.0023503497257576344
english	mobydick	2	UP	1562	0.001635299007409098
english	mobydick	2	PP	837	0.0008762773810508419
english	mobydick	2	PL	1290	0.001350535031727104
english	mobydick	2	LI	5025	0.005260805065448603
english	mobydick	2	IE	2027	0.0021221197746595657
english	mobydick	2	ED	10513	0.011006337045385306
english	mobydick	2	DB	1657	0.0017347570136215591
english	mobydick	2	YA	1537	0.001609125847879503
english	mobydick	2	AS	7905	0.008275953043257952
english	mobydick	2	UB	811	0.0008490572951400631
english	mobydick	2	BS	508	0.0005318386016413711
english	mobydick	2	BL	1947	0.0020383656641648614
english	mobydick	2	IB	601	0.0006292027550914648
english	mobydick	2	BR	973	0.0010186593688918388
english	mobydick	2	AR	8058	0.008436132779579072
english	mobydick	2	RI	5022	0.005257664286305051
english	mobydick	2	IA	1168	0.0012228100132226803
english	mobydick	2	NC	2837	0.002970130143418445
english	mobydick	2	CH	3931	0.0041154676044335235
english	mobydick	2	AP	2199	0.0023021911122231794
english	mobydick	2	PT	1381	0.00144580533241483
english	mobydick	2	RL	903	0.0009453745222089728
english	mobydick	2	OO	3045	0.0031878908307046757
english	mobydick	2	OM	4539	0.0047519988441932755
english	mobydick	2	MI	1983	0.0020760550138874782
english	mobydick	2	IN	19904	0.020838022691082387
english	mobydick	2	NG	10203	0.010681789867218327
english	mobydick	2	GS	1241	0.0012992356390490976
english	mobydick	2	SC	1857	0.0019441422898583195
english	mobydick	2	CA	3220	0.0033711029474118408
english	mobydick	2	RP	974	0.0010197062952730226
english	mobydick	2	PE	3514	0.0036788993034798786
english	mobydick	2	TB	1065	0.0011149765959607486
english	mobydick	2	BA	1079	0.0011296335652973219
english	mobydick	2	AG	1744	0.0018258396087845498
english	mobydick	2	GC	232	0.00024288692043464196
english	mobydick	2	ES	13352	0.013978561041566117
english	mobydick	2	SP	2521	0.002639301406964364
english	mobydick	2	PO	2639	0.0027628387199440524
english	mobydick	2	OU	8499	0.008897827313681128
english	mobydick	2	UT	4234	0.004432686297932215
english	mobydick	2	NN	790	0.0008270718411352032
english	mobydick	2	UN	3288	0.0034422939413323392
english	mobydick	2	PA	2140	0.0022404224557333353
english	mobydick	2	NE	5717	0.0059852781212277936
english	mobydick	2	RB	996	0.0010427386756590663
english	mobydick	2	RE	12034	0.012598712071165868
english	mobydick	2	EA	10190	0.010668179824262937
english	mobydick	2	AK	1088	0.001139055902727976
english	mobydick	2	KF	113	0.00011830268107376957
english	mobydick	2	FA	2064	0.0021608560507633662
english	mobydick	2	ST	12587	0.01317766235996051
english	mobydick	2	TC	1073	0.001123352007010219
english	mobydick	2	EE	5532	0.00579159674070879
english	mobydick	2	LC	341	0.0003570018959836763
english	mobydick	2	EP	2661	0.002785871100330096
english	mobydick	2	PU	616	0.0006449066508092217
english	mobydick	2	UL	2588	0.0027094454745036785
english	mobydick	2	LP	304	0.00031826561987987565
english	mobydick	2	PI	1398	0.0014636030808949545
english	mobydick	2	IT	8082	0.008461259012727484
english	mobydick	2	AB	2327	0.002436197689014706
english	mobydick	2	BO	2472	0.0025880020142863575
english	mobydick	2	OS	2986	0.003126122174214831
english	mobydick	2	SO	6183	0.006473145814859445
english	mobydick	2	MF	184	0.00019263445413781949
english	mobydick	2	FR	1686	0.0017651178786758893
english	mobydick	2	ND	11325	0.011856441266906553
english	mobydick	2	DC	770	0.0008061333135115272
english	mobydick	2	RN	1427	0.001493963945949285
english	mobydick	2	NI	3100	0.0032454717816697847
english	mobydick	2	IG	2290	0.0023974614129109056
english	mobydick	2	GH	3467	0.00362969376356424
english	mobydick	2	HT	3085	0.0032297678859520276
english	mobydick	2	TG	305	0.0003193125462610595
english	mobydick	2	GO	1953	0.0020446472224519645
english	mobydick	2	OW	4497	0.004708027936183555
english	mobydick	2	WN	1084	0.001134868197203241
english	mobydick	2	BI	664	0.0006951591171060443
english	mobydick	2	IO	2151	0.0022519386459263573
english	mobydick	2	GR	1331	0.0013934590133556398
english	mobydick	2	PH	447	0.0004679760923891593
english	mobydick	2	HI	10096	0.01056976874443166
english	mobydick	2	RW	862	0.0009024505405804369
english	mobydick	2	LB	440	0.00046064760772087266
english	mobydick	2	RR	1027	0.0010751933934757642
english	mobydick	2	RO	5557	0.005817769900238385
english	mobydick	2	WC	135	0.0001413350614598132
english	mobydick	2	NA	3798	0.003976226395736078
english	mobydick	2	TU	2114	0.0022132023698225563
english	mobydick	2	UC	1497	0.001567248792632151
english	mobydick	2	KE	2798	0.0029293000145522766
english	mobydick	2	RC	1081	0.0011317274180596894
english	mobydick	2	HO	4948	0.00518019173409745
english	mobydick	2	WD	127	0.00013295965041034278
english	mobydick	2	DE	5394	0.005647120900105425
english	mobydick	2	SH	4996	0.005230444200394272
english	mobydick	2	IP	1198	0.0012542178046581942
english	mobydick	2	PC	59	6.176865648984429e-05
english	mobydick	2	AM	2215	0.0023189419343221203
english	mobydick	2	AD	3405	0.003564784327930844
english	mobydick	2	DA	3825	0.004004493408028041
english	mobydick	2	RH	851	0.0008909343503874151
english	mobydick	2	IS	8845	0.009260063841570725
english	mobydick	2	SM	1384	0.0014489461115583812
english	mobydick	2	RK	702	0.0007349423195910287
english	mobydick	2	KC	72	7.537869944523372e-05
english	mobydick	2	PR	1792	0.0018760920750813723
english	mobydick	2	OP	1267	0.0013264557249598765
english	mobydick	2	LA	4261	0.004460953310224178
english	mobydick	2	TI	7247	0.00758707548443901
english	mobydick	2	IR	2574	0.0026947885051671052
english	mobydick	2	RG	576	0.0006030295955618697
english	mobydick	2	OI	1183	0.0012385139089404371
english	mobydick	2	GA	2294	0.0024016491184356407
english	mobydick	2	OA	1957	0.0020488349279766996
english	mobydick	2	RD	2136	0.0022362347502086002
english	mobydick	2	RY	1785	0.0018687635904130857
english	mobydick	2	YC	609	0.0006375781661409352
english	mobydick	2	HR	890	0.0009317644792535834
english	mobydick	2	TM	871	0.0009118728780110911
english	mobydick	2	DV	216	0.00022613609833570115
english	mobydick	2	VO	518	0.0005423078654532092
english	mobydick	2	OC	1076	0.0011264927861537705
english	mobydick	2	AT	10662	0.011162329076181692
english	mobydick	2	CR	1347	0.0014102098354545807
english	mobydick	2	KN	622	0.0006511882090963246
english	mobydick	2	SA	5964	0.006243868937380192
english	mobydick	2	DS	3127	0.0032737387939617475
english	mobydick	2	SQ	190	0.0001989160124249223
english	mobydick	2	QU	1569	0.0016426274920773847
english	mobydick	2	UI	577	0.0006040765219430535
english	mobydick	2	AH	1084	0.001134868197203241
english	mobydick	2	BC	34	3.559549696024925e-05
english	mobydick	2	BT	220	0.00023032380386043633
english	mobydick	2	TO	9138	0.00956681327125758
english	mobydick	2	OH	858	0.0008982628350557017
english	mobydick	2	IM	2939	0.003076916634299193
english	mobydick	2	MS	900	0.0009422337430654214
english	mobydick	2	BB	459	0.0004805392089633649
english	mobydick	2	RQ	61	6.38625092522119e-05
english	mobydick	2	UE	1267	0.0013264557249598765
english	mobydick	2	CE	3423	0.003583629002792153
english	mobydick	2	KS	818	0.0008563857798083497
english	mobydick	2	SN	1035	0.0010835688045252347
english	mobydick	2	NY	895	0.0009369991111595024
english	mobydick	2	TA	5993	0.0062742298024345226
english	mobydick	2	EM	4325	0.0045279565986199415
english	mobydick	2	EQ	736	0.0007705378165512779
english	mobydick	2	UA	613	0.0006417658716656704
english	mobydick	2	RS	3623	0.0037930142790289128
english	mobydick	2	NS	3745	0.003920739297533337
english	mobydick	2	DU	798	0.0008354472521846737
english	mobydick	2	US	3270	0.003423449266471031
english	mobydick	2	SK	568	0.0005946541845123993
english	mobydick	2	RF	581	0.0006082642274677887
english	mobydick	2	FI	2234	0.0023388335355646124
english	mobydick	2	TN	618	0.0006470005035715894
english	mobydick	2	TW	2401	0.0025136702412223073
english	mobydick	2	WA	4211	0.0044086069911649884
english	mobydick	2	HC	177	0.00018530596946953287
english	mobydick	2	ID	2371	0.0024822624497867936
english	mobydick	2	DN	877	0.000918154436298194
english	mobydick	2	TF	816	0.000854291927045982
english	mobydick	2	FO	3594	0.003762653413974583
english	mobydick	2	TL	1847	0.0019336730260464815
english	mobydick	2	OF	7597	0.00795349971785334
english	mobydick	2	FT	3774	0.003951100162587667
english	mobydick	2	AF	965	0.0010102839578423684
english	mobydick	2	FF	993	0.001039597896515515
english	mobydick	2	AV	1814	0.001899124455467416
english	mobydick	2	UR	3162	0.0033103812173031805
english	mobydick	2	EF	2775	0.0029052207077850493
english	mobydick	2	WE	2753	0.0028821883273990054
english	mobydick	2	EH	2603	0.0027251493702214356
english	mobydick	2	HY	472	0.0004941492519187543
english	mobydick	2	SB	1426	0.001492917019568101
english	mobydick	2	WF	141	0.00014761661974691602
english	mobydick	2	FE	1514	0.0015850465411122755
english	mobydick	2	EG	1837	0.0019232037622346435
english	mobydick	2	MC	92	9.631722706890974e-05
english	mobydick	2	NH	1318	0.0013798489704002505
english	mobydick	2	FW	362	0.00037898734998853615
english	mobydick	2	EO	2901	0.003037133431814208
english	mobydick	2	DT	3851	0.00403171349393882
english	mobydick	2	RU	984	0.0010301755590848608
english	mobydick	2	SI	4855	0.005082827580647356
english	mobydick	2	NP	434	0.00045436604943376984
english	mobydick	2	AI	3487	0.003650632291187916
english	mobydick	2	NW	1072	0.0011223050806290352
english	mobydick	2	WO	1859	0.001946236142620687
english	mobydick	2	OD	1787	0.0018708574431754534
english	mobydick	2	EI	3840	0.004020197303745798
english	mobydick	2	BK	8	8.375411049470412e-06
english	mobydick	2	KI	1232	0.0012898133016184434
english	mobydick	2	LS	1430	0.0014971047250928362
english	mobydick	2	AW	1190	0.0012458423936087238
english	mobydick	2	OT	4825	0.005051419789211842
english	mobydick	2	KM	75	7.851947858878511e-05
english	mobydick	2	CU	914	0.0009568907124019946
english	mobydick	2	TT	5004	0.005238819611443743
english	mobydick	2	GI	1478	0.0015473571913896588
english	mobydick	2	NK	701	0.0007338953932098449
english	mobydick	2	FU	822	0.0008605734853330848
english	mobydick	2	YN	251	0.0002627785216771342
english	mobydick	2	NX	33	3.454857057906545e-05
english	mobydick	2	XC	168	0.00017588363203887867
english	mobydick	2	EJ	184	0.00019263445413781949
english	mobydick	2	JE	244	0.0002554500370088476
english	mobydick	2	EY	1693	0.001772446363344176
english	mobydick	2	YR	401	0.00041981747885470443
english	mobydick	2	DF	1110	0.0011620882831140198
english	mobydick	2	FL	995	0.0010416917492778825
english	mobydick	2	KK	15	1.5703895717757024e-05
english	mobydick	2	VE	5756	0.006026108250093962
english	mobydick	2	LK	269	0.00028162319653844264
english	mobydick	2	OV	1104	0.001155806724826917
english	mobydick	2	MW	450	0.0004711168715327107
english	mobydick	2	BU	2661	0.002785871100330096
english	mobydick	2	CI	1202	0.0012584055101829295
english	mobydick	2	NU	510	0.0005339324544037388
english	mobydick	2	UO	333	0.0003486264849342059
english	mobydick	2	DM	920	0.0009631722706890974
english	mobydick	2	EV	2385	0.002496919419123367
english	mobydick	2	NO	5329	0.005579070685328478
english	mobydick	2	DG	454	0.0004753045770574459
english	mobydick	2	GL	962	0.001007143178698817
english	mobydick	2	YO	2221	0.0023252234926092233
english	mobydick	2	RJ	56	5.8627877346292885e-05
english	mobydick	2	JO	328	0.0003433918530282869
english	mobydick	2	HH	508	0.0005318386016413711
english	mobydick	2	LY	3844	0.004024385009270533
english	mobydick	2	HP	135	0.0001413350614598132
english	mobydick	2	LM	668	0.0006993468226307795
english	mobydick	2	DL	1128	0.0011809329579753282
english	mobydick	2	UD	624	0.0006532820618586921
english	mobydick	2	MB	654	0.0006846898532942062
english	mobydick	2	BE	4095	0.004287163530947667
english	mobydick	2	AY	2145	0.0022456570876392542
english	mobydick	2	EZ	67	7.01440675393147e-05
english	mobydick	2	ZE	287	0.00030046787139975103
english	mobydick	2	YW	755	0.0007904294177937701
english	mobydick	2	MP	1163	0.0012175753813167612
english	mobydick	2	WI	3736	0.003911316960102683
english	mobydick	2	GD	181	0.00018949367499426808
english	mobydick	2	DO	2929	0.0030664473704873547
english	mobydick	2	CL	804	0.0008417288104717764
english	mobydick	2	GU	614	0.0006428127980468542
english	mobydick	2	LW	467	0.0004889146200128354
english	mobydick	2	OE	538	0.0005632463930768853
english	mobydick	2	GN	519	0.000543354791834393
english	mobydick	2	HW	419	0.00043866215371601283
english	mobydick	2	LH	409	0.00042819288990417485
english	mobydick	2	SL	1378	0.0014426645532712786
english	mobydick	2	IF	1382	0.0014468522587960137
english	mobydick	2	CC	367	0.00038422198189445514
english	mobydick	2	GE	2387	0.0024990132718857344
english	mobydick	2	LD	2602	0.0027241024438402514
english	mobydick	2	DY	655	0.0006857367796753901
english	mobydick	2	YI	974	0.0010197062952730226
english	mobydick	2	GW	466	0.00048786769363165153
english	mobydick	2	DR	1209	0.001265733994851216
english	mobydick	2	KT	394	0.0004124889941864178
english	mobydick	2	HU	892	0.000933858332015951
english	mobydick	2	MU	903	0.0009453745222089728
english	mobydick	2	OY	545	0.0005705748777451718
english	mobydick	2	SY	434	0.00045436604943376984
english	mobydick	2	TD	561	0.0005873256998441127
english	mobydick	2	DD	1002	0.0010490202339461692
english	mobydick	2	LT	1550	0.0016227358908348923
english	mobydick	2	MT	1035	0.0010835688045252347
english	mobydick	2	OJ	66	6.90971411581309e-05
english	mobydick	2	TV	138	0.00014447584060336461
english	mobydick	2	NB	778	0.0008145087245609976
english	mobydick	2	IV	1368	0.0014321952894594404
english	mobydick	2	SV	199	0.0002083383498555765
english	mobydick	2	EU	534	0.0005590586875521501
english	mobydick	2	YF	557	0.0005831379943193774
english	mobydick	2	RV	418	0.00043761522733482905
english	mobydick	2	GT	1875	0.001962986964719628
english	mobydick	2	HV	35	3.6642423341433055e-05
english	mobydick	2	DW	1609	0.0016845045473247366
english	mobydick	2	CD	20	2.093852762367603e-05
english	mobydick	2	PY	76	7.956640496996891e-05
english	mobydick	2	YV	88	9.212952154417453e-05
english	mobydick	2	YS	1798	0.0018823736333684752
english	mobydick	2	UM	917	0.000960031491545546
english	mobydick	2	MM	662	0.0006930652643436766
english	mobydick	2	MN	193	0.0002020567915684737
english	mobydick	2	XI	99	0.00010364571173719635
english	mobydick	2	SW	2288	0.002395367560148538
english	mobydick	2	AQ	42	4.397090800971967e-05
english	mobydick	2	DK	91	9.527030068772594e-05
english	mobydick	2	FM	298	0.00031198406159277283
english	mobydick	2	EK	308	0.00032245332540461086
english	mobydick	2	DH	1506	0.0015766711300628051
english	mobydick	2	WM	103	0.00010783341726193156
english	mobydick	2	FH	692	0.0007244730557791906
english	mobydick	2	UG	1369	0.0014332422158406244
english	mobydick	2	KL	241	0.00025230925786529616
english	mobydick	2	LU	812	0.0008501042215212468
english	mobydick	2	UY	24	2.512623314841124e-05
english	mobydick	2	YT	1681	0.0017598832467699704
english	mobydick	2	VA	752	0.0007872886386502188
english	mobydick	2	MR	129	0.0001350535031727104
english	mobydick	2	GF	358	0.00037479964446380094
english	mobydick	2	AU	584	0.0006114050066113401
english	mobydick	2	SD	601	0.0006292027550914648
english	mobydick	2	WR	233	0.00024393384681582576
english	mobydick	2	WG	38	3.9783202484984456e-05
english	mobydick	2	HL	206	0.00021566683452386312
english	mobydick	2	AX	32	3.350164419788165e-05
english	mobydick	2	XO	16	1.6750822098940823e-05
english	mobydick	2	CW	35	3.6642423341433055e-05
english	mobydick	2	HB	282	0.00029523323949383204
english	mobydick	2	GB	358	0.00037479964446380094
english	mobydick	2	BW	90	9.422337430654214e-05
english	mobydick	2	GV	81	8.480103687588793e-05
english	mobydick	2	PW	164	0.00017169592651414346
english	mobydick	2	SF	1147	0.0012008245592178203
english	mobydick	2	YB	673	0.0007045814545366984
english	mobydick	2	OK	976	0.0010218001480353904
english	mobydick	2	KW	214	0.00022404224557333354
english	mobydick	2	GG	426	0.0004459906383842995
english	mobydick	2	YP	500	0.0005234631905919008
english	mobydick	2	SG	416	0.00043552137457246145
english	mobydick	2	WT	446	0.0004669291660079755
english	mobydick	2	HN	175	0.00018321211670716526
english	mobydick	2	NV	368	0.00038526890827563897
english	mobydick	2	HF	181	0.00018949367499426808
english	mobydick	2	YG	233	0.00024393384681582576
english	mobydick	2	PS	664	0.0006951591171060443
english	mobydick	2	PD	50	5.2346319059190075e-05
english	mobydick	2	GP	186	0.0001947283069001871
english	mobydick	2	AE	43	4.501783439090346e-05
english	mobydick	2	IK	880	0.0009212952154417453
english	mobydick	2	YJ	76	7.956640496996891e-05
english	mobydick	2	BN	29	3.0360865054330245e-05
english	mobydick	2	DP	515	0.0005391670863096578
english	mobydick	2	WU	48	5.025246629682248e-05
english	mobydick	2	PJ	12	1.256311657420562e-05
english	mobydick	2	HJ	19	1.9891601242492228e-05
english	mobydick	2	UH	69	7.223792030168231e-05
english	mobydick	2	NL	1059	0.001108695037673646
english	mobydick	2	AO	88	9.212952154417453e-05
english	mobydick	2	LG	143	0.00014971047250928363
english	mobydick	2	ML	111	0.00011620882831140197
english	mobydick	2	LF	898	0.0009401398903030538
english	mobydick	2	HS	585	0.0006124519329925239
english	mobydick	2	NR	304	0.00031826561987987565
english	mobydick	2	AA	122	0.0001277250185044238
english	mobydick	2	IZ	233	0.00024393384681582576
english	mobydick	2	FC	213	0.00022299531919214974
english	mobydick	2	FV	54	5.6534024583925286e-05
english	mobydick	2	YY	128	0.0001340065767915266
english	mobydick	2	FS	544	0.000569527951363988
english	mobydick	2	IX	133	0.0001392412086974456
english	mobydick	2	XW	9	9.422337430654214e-06
english	mobydick	2	LN	205	0.00021461990814267932
english	mobydick	2	NF	767	0.0008029925343679757
english	mobydick	2	MH	282	0.00029523323949383204
english	mobydick	2	YK	68	7.11909939204985e-05
english	mobydick	2	YL	433	0.00045331912305258607
english	mobydick	2	FP	154	0.00016122666270230543
english	mobydick	2	TJ	62	6.49094356333957e-05
english	mobydick	2	WL	265	0.0002774354910137074
english	mobydick	2	SR	427	0.00044703756476548325
english	mobydick	2	MD	69	7.223792030168231e-05
english	mobydick	2	TP	520	0.0005444017182155768
english	mobydick	2	II	72	7.537869944523372e-05
english	mobydick	2	JU	268	0.0002805762701572588
english	mobydick	2	OQ	50	5.2346319059190075e-05
english	mobydick	2	IW	245	0.00025649696339003137
english	mobydick	2	XE	118	0.00012353731297968859
english	mobydick	2	DJ	127	0.00013295965041034278
english	mobydick	2	JA	223	0.00023346458300398774
english	mobydick	2	VL	1	1.0469263811838015e-06
english	mobydick	2	KA	420	0.00043970908009719666
english	mobydick	2	HG	74	7.747255220760131e-05
english	mobydick	2	WS	588	0.0006155927121360754
english	mobydick	2	GJ	23	2.4079306767227436e-05
english	mobydick	2	TZ	9	9.422337430654214e-06
english	mobydick	2	ZB	6	6.28155828710281e-06
english	mobydick	2	UZ	18	1.884467486130843e-05
english	mobydick	2	ZZ	43	4.501783439090346e-05
english	mobydick	2	ZI	114	0.00011934960745495338
english	mobydick	2	TQ	52	5.444017182155768e-05
english	mobydick	2	FB	225	0.00023555843576635534
english	mobydick	2	MY	800	0.0008375411049470412
english	mobydick	2	GM	274	0.0002868578284443616
english	mobydick	2	UF	179	0.00018739982223190047
english	mobydick	2	FY	178	0.00018635289585071667
english	mobydick	2	UW	149	0.00015599203079638642
english	mobydick	2	WW	167	0.00017483670565769487
english	mobydick	2	KB	158	0.00016541436822704064
english	mobydick	2	CS	86	9.003566878180693e-05
english	mobydick	2	YU	139	0.00014552276698454842
english	mobydick	2	MV	11	1.1516190193021816e-05
english	mobydick	2	SJ	111	0.00011620882831140197
english	mobydick	2	HM	299	0.00031303098797395666
english	mobydick	2	FD	157	0.00016436744184585684
english	mobydick	2	XP	183	0.00019158752775663568
english	mobydick	2	WP	52	5.444017182155768e-05
english	mobydick	2	UV	30	3.140779143551405e-05
english	mobydick	2	IU	52	5.444017182155768e-05
english	mobydick	2	CY	151	0.00015808588355875402
english	mobydick	2	FN	107	0.00011202112278666677
english	mobydick	2	WB	161	0.00016855514737059205
english	mobydick	2	AZ	187	0.0001957752332813709
english	mobydick	2	WY	63	6.595636201457949e-05
english	mobydick	2	ZA	50	5.2346319059190075e-05
english	mobydick	2	HD	124	0.0001298188712667914
english	mobydick	2	FG	121	0.00012667809212324
english	mobydick	2	KD	54	5.6534024583925286e-05
english	mobydick	2	JR	3	3.140779143551405e-06
english	mobydick	2	PG	21	2.1985454004859834e-05
english	mobydick	2	VH	2	2.093852762367603e-06
english	mobydick	2	BJ	87	9.108259516299073e-05
english	mobydick	2	LR	220	0.00023032380386043633
english	mobydick	2	CN	10	1.0469263811838015e-05
english	mobydick	2	KY	194	0.00020310371794965749
english	mobydick	2	IH	224	0.00023451150938517154
english	mobydick	2	ZL	20	2.093852762367603e-05
english	mobydick	2	IQ	43	4.501783439090346e-05
english	mobydick	2	TK	102	0.00010678649088074776
english	mobydick	2	PB	93	9.736415345009355e-05
english	mobydick	2	KH	163	0.00017064900013295965
english	mobydick	2	CV	7	7.328484668286611e-06
english	mobydick	2	PF	84	8.794181601943933e-05
english	mobydick	2	ZY	24	2.512623314841124e-05
english	mobydick	2	MG	41	4.2923981628535864e-05
english	mobydick	2	NJ	88	9.212952154417453e-05
english	mobydick	2	FJ	50	5.2346319059190075e-05
english	mobydick	2	KG	34	3.559549696024925e-05
english	mobydick	2	WQ	12	1.256311657420562e-05
english	mobydick	2	BD	45	4.711168715327107e-05
english	mobydick	2	FK	17	1.7797748480124626e-05
english	mobydick	2	XA	104	0.00010888034364311536
english	mobydick	2	AJ	50	5.2346319059190075e-05
english	mobydick	2	MQ	14	1.4656969336573221e-05
english	mobydick	2	CQ	17	1.7797748480124626e-05
english	mobydick	2	PM	110	0.00011516190193021816
english	mobydick	2	PN	24	2.512623314841124e-05
english	mobydick	2	NQ	116	0.00012144346021732098
english	mobydick	2	CP	21	2.1985454004859834e-05
english	mobydick	2	OX	43	4.501783439090346e-05
english	mobydick	2	KP	46	4.815861353445487e-05
english	mobydick	2	DQ	90	9.422337430654214e-05
english	mobydick	2	BQ	3	3.140779143551405e-06
english	mobydick	2	CZ	9	9.422337430654214e-06
english	mobydick	2	OZ	32	3.350164419788165e-05
english	mobydick	2	CF	14	1.4656969336573221e-05
english	mobydick	2	HK	15	1.5703895717757024e-05
english	mobydick	2	KR	41	4.2923981628535864e-05
english	mobydick	2	XF	8	8.375411049470412e-06
english	mobydick	2	YQ	39	4.083012886616826e-05
english	mobydick	2	WZ	7	7.328484668286611e-06
english	mobydick	2	UK	84	8.794181601943933e-05
english	mobydick	2	MJ	12	1.256311657420562e-05
english	mobydick	2	JI	19	1.9891601242492228e-05
english	mobydick	2	VU	18	1.884467486130843e-05
english	mobydick	2	VY	48	5.025246629682248e-05
english	mobydick	2	WK	39	4.083012886616826e-05
english	mobydick	2	PK	20	2.093852762367603e-05
english	mobydick	2	KU	73	7.642562582641752e-05
english	mobydick	2	PV	3	3.140779143551405e-06
english	mobydick	2	XH	43	4.501783439090346e-05
english	mobydick	2	PQ	7	7.328484668286611e-06
english	mobydick	2	IY	4	4.187705524735206e-06
english	mobydick	2	KQ	7	7.328484668286611e-06
english	mobydick	2	GQ	25	2.6173159529595038e-05
english	mobydick	2	ZO	75	7.851947858878511e-05
english	mobydick	2	SZ	4	4.187705524735206e-06
english	mobydick	2	YZ	2	2.093852762367603e-06
english	mobydick	2	BH	65	6.80502147769471e-05
english	mobydick	2	LQ	14	1.4656969336573221e-05
english	mobydick	2	XS	7	7.328484668286611e-06
english	mobydick	2	CB	20	2.093852762367603e-05
english	mobydick	2	LJ	21	2.1985454004859834e-05
english	mobydick	2	ZU	7	7.328484668286611e-06
english	mobydick	2	NZ	10	1.0469263811838015e-05
english	mobydick	2	XU	8	8.375411049470412e-06
english	mobydick	2	ZT	1	1.0469263811838015e-06
english	mobydick	2	ZS	2	2.093852762367603e-06
english	mobydick	2	ZM	1	1.0469263811838015e-06
english	mobydick	2	XV	2	2.093852762367603e-06
english	mobydick	2	UX	10	1.0469263811838015e-05
english	mobydick	2	WV	15	1.5703895717757024e-05
english	mobydick	2	WJ	8	8.375411049470412e-06
english	mobydick	2	BV	14	1.4656969336573221e-05
english	mobydick	2	HQ	18	1.884467486130843e-05
english	mobydick	2	IJ	22	2.3032380386043633e-05
english	mobydick	2	FQ	27	2.8267012291962643e-05
english	mobydick	2	GK	13	1.361004295538942e-05
english	mobydick	2	DX	2	2.093852762367603e-06
english	mobydick	2	XX	2	2.093852762367603e-06
english	mobydick	2	XG	1	1.0469263811838015e-06
english	mobydick	2	UU	11	1.1516190193021816e-05
english	mobydick	2	BF	27	2.8267012291962643e-05
english	mobydick	2	XY	8	8.375411049470412e-06
english	mobydick	2	SX	2	2.093852762367603e-06
english	mobydick	2	XM	20	2.093852762367603e-05
english	mobydick	2	VN	5	5.234631905919008e-06
english	mobydick	2	UJ	3	3.140779143551405e-06
english	mobydick	2	MK	7	7.328484668286611e-06
english	mobydick	2	KJ	7	7.328484668286611e-06
english	mobydick	2	BM	38	3.9783202484984456e-05
english	mobydick	2	CM	20	2.093852762367603e-05
english	mobydick	2	CG	16	1.6750822098940823e-05
english	mobydick	2	ZD	2	2.093852762367603e-06
english	mobydick	2	KV	11	1.1516190193021816e-05
english	mobydick	2	FZ	2	2.093852762367603e-06
english	mobydick	2	VT	6	6.28155828710281e-06
english	mobydick	2	XL	4	4.187705524735206e-06
english	mobydick	2	VR	4	4.187705524735206e-06
english	mobydick	2	VK	1	1.0469263811838015e-06
english	mobydick	2	BP	9	9.422337430654214e-06
english	mobydick	2	BG	14	1.4656969336573221e-05
english	mobydick	2	RX	2	2.093852762367603e-06
english	mobydick	2	ZF	1	1.0469263811838015e-06
english	mobydick	2	GZ	1	1.0469263811838015e-06
english	mobydick	2	JT	1	1.0469263811838015e-06
english	mobydick	2	UQ	6	6.28155828710281e-06
english	mobydick	2	LZ	4	4.187705524735206e-06
english	mobydick	2	XD	2	2.093852762367603e-06
english	mobydick	2	XB	3	3.140779143551405e-06
english	mobydick	2	RZ	5	5.234631905919008e-06
english	mobydick	2	ZH	1	1.0469263811838015e-06
english	mobydick	2	FX	1	1.0469263811838015e-06
english	mobydick	2	CJ	2	2.093852762367603e-06
english	mobydick	2	XQ	1	1.0469263811838015e-06
english	mobydick	2	QA	1	1.0469263811838015e-06
english	mobydick	2	XN	1	1.0469263811838015e-06
english	mobydick	2	DZ	1	1.0469263811838015e-06
english	mobydick	2	VS	1	1.0469263811838015e-06
english	pride	2	IL	2007	0.0035589018650986457
english	pride	2	LL	3456	0.006128333256492735
english	pride	2	LU	508	0.000900808244877983
english	pride	2	US	2042	0.003620965425277247
english	pride	2	ST	5289	0.009378690565274905
english	pride	2	TR	1220	0.0021633583833683846
english	pride	2	RA	2778	0.004926073433604404
english	pride	2	AT	6148	0.010901907656515433
english	pride	2	TI	4961	0.008797066344172585
english	pride	2	IO	2416	0.004284158896900014
english	pride	2	ON	6641	0.011776117232745444
english	pride	2	NG	5098	0.009040000851157397
english	pride	2	GE	1517	0.0026900120225982287
english	pride	2	EO	1747	0.0030978582752004655
english	pride	2	OR	4247	0.007530969716529122
english	pride	2	RG	395	0.0007004316077299277
english	pride	2	EA	5614	0.009954995052647632
english	pride	2	AL	3191	0.005658423443711897
english	pride	2	LE	3832	0.006795073217268565
english	pride	2	EN	7117	0.01262018165117442
english	pride	2	NP	168	0.00029790508885728573
english	pride	2	PU	182	0.0003227305129287262
english	pride	2	UB	297	0.0005266536392298444
english	pride	2	BL	1062	0.0018831857402764134
english	pride	2	LI	3514	0.00623118144193156
english	pride	2	IS	5326	0.00944430061460657
english	pride	2	SH	3685	0.00653440626451844
english	pride	2	HE	15619	0.027696307040844914
english	pride	2	ER	12333	0.02186942536236253
english	pride	2	RC	1206	0.002138532959296944
english	pride	2	CH	2410	0.004273519429440825
english	pride	2	HA	7281	0.01291099376172558
english	pride	2	AR	4437	0.0078678861860701
english	pride	2	RI	2783	0.004934939656487061
english	pride	2	IN	10569	0.01874142192936103
english	pride	2	GC	77	0.00013653983239292263
english	pride	2	CR	345	0.0006117693789033546
english	pride	2	RO	2518	0.004465029843706223
english	pride	2	OS	1697	0.003009196046373892
english	pride	2	SS	3001	0.005321506974170919
english	pride	2	SR	301	0.0005337466175359703
english	pride	2	OA	561	0.0009947902074341505
english	pride	2	AD	2651	0.004700871372384907
english	pride	2	DL	417	0.0007394429884136199
english	pride	2	LO	1573	0.002789313718883991
english	pride	2	ND	6025	0.010683798573602063
english	pride	2	DO	1644	0.0029152140838177246
english	pride	2	NR	143	0.00025357397444399917
english	pride	2	RU	408	0.0007234837872248368
english	pride	2	SK	141	0.00025002748529093623
english	pride	2	KI	602	0.0010674932350719405
english	pride	2	NH	857	0.0015196706020874635
english	pride	2	HO	2974	0.00527362937060457
english	pride	2	OU	6483	0.011495944589653473
english	pride	2	SE	4326	0.007671056038075107
english	pride	2	EI	2754	0.004883515563767649
english	pride	2	RE	7940	0.014079561937659813
english	pride	2	DI	3128	0.005546709035390415
english	pride	2	GJ	9	1.5959201188783163e-05
english	pride	2	JA	311	0.0005514790633012849
english	pride	2	AN	8353	0.014811911947767308
english	pride	2	NE	4535	0.008041664154570183
english	pride	2	ES	5602	0.009933716117729254
english	pride	2	SL	467	0.000828105217240193
english	pride	2	ET	5137	0.009109157389642124
english	pride	2	TT	3012	0.005341012664512766
english	pride	2	TE	4954	0.008784653632136865
english	pride	2	RS	2926	0.00518851363093106
english	pride	2	SC	878	0.0015569087381946242
english	pride	2	AP	980	0.0017377796850008335
english	pride	2	PP	718	0.0012731896059495903
english	pride	2	PR	1423	0.0025233270324042712
english	pride	2	ID	1553	0.0027538488273533617
english	pride	2	DE	3108	0.005511244143859786
english	pride	2	DP	261	0.0004628168344747118
english	pride	2	EJ	116	0.00020569637087764967
english	pride	2	JU	205	0.00036351513818894983
english	pride	2	UD	328	0.0005816242211023197
english	pride	2	IC	1760	0.0031209104546953744
english	pride	2	CE	2598	0.00460688940982874
english	pride	2	EB	963	0.0017076345271997985
english	pride	2	BY	732	0.0012980150300210306
english	pride	2	YJ	30	5.319733729594388e-05
english	pride	2	AU	567	0.0010054296748933393
english	pride	2	NW	675	0.0011969400891587373
english	pride	2	WI	2703	0.004793080090364544
english	pride	2	IT	5168	0.009164127971514599
english	pride	2	TH	15750	0.027928602080370537
english	pride	2	EF	1558	0.0027627150502360187
english	pride	2	FA	1284	0.002276846036266398
english	pride	2	AC	1365	0.0024204788469654463
english	pride	2	YG	187	0.00033159673581138353
english	pride	2	SA	3041	0.005392436757232178
english	pride	2	AI	1646	0.0029187605729707874
english	pride	2	NT	5436	0.00963935751802503
english	pride	2	TS	1529	0.0027112909575166062
english	pride	2	SB	859	0.0015232170912405265
english	pride	2	BU	1155	0.0020480974858938395
english	pride	2	UR	2710	0.004805492802400264
english	pride	2	RY	1515	0.002686465533445166
english	pride	2	YA	1112	0.0019718479691029863
english	pride	2	NS	2189	0.003881632378027372
english	pride	2	YH	607	0.001076359457954598
english	pride	2	HU	325	0.0005763044873727253
english	pride	2	UG	906	0.0016065595863375053
english	pride	2	GH	2012	0.003567768087981303
english	pride	2	HT	1572	0.0027875404743074594
english	pride	2	OM	2916	0.005170781185165745
english	pride	2	MS	593	0.0010515340338831574
english	pride	2	SO	2813	0.0049881369937830045
english	pride	2	NI	1588	0.0028159123875319625
english	pride	2	NC	1974	0.0035003847940731072
english	pride	2	EC	2890	0.005124676826175927
english	pride	2	HI	4965	0.008804159322478713
english	pride	2	SW	1096	0.001943476055878483
english	pride	2	CK	456	0.000808599526898347
english	pride	2	KP	19	3.369164695409779e-05
english	pride	2	RL	738	0.0013086544974802194
english	pride	2	WH	2550	0.00452177367015523
english	pride	2	AM	1595	0.002828325099567683
english	pride	2	MA	2390	0.004238054537910196
english	pride	2	DC	293	0.0005195606609237186
english	pride	2	CO	3261	0.0057825505640691
english	pride	2	OT	3496	0.006199263039553994
english	pride	2	TO	6351	0.01126187630555132
english	pride	2	OO	1561	0.0027680347839656133
english	pride	2	OK	476	0.0008440644184289762
english	pride	2	KS	165	0.00029258535512769135
english	pride	2	RT	2601	0.004612209143558334
english	pride	2	TC	512	0.0009079012231841089
english	pride	2	YL	269	0.0004770027910869635
english	pride	2	LA	1808	0.0032060261943688845
english	pride	2	EL	4001	0.007094751550702382
english	pride	2	OJ	60	0.00010639467459188776
english	pride	2	JC	1	1.7732445765314627e-06
english	pride	2	MY	877	0.0015551354936180928
english	pride	2	YN	223	0.0003954335405665162
english	pride	2	CA	1480	0.0026244019732665647
english	pride	2	RR	824	0.0014611535310619253
english	pride	2	NA	1894	0.0033585252279505905
english	pride	2	KN	494	0.0008759828208065426
english	pride	2	NO	4195	0.007438760998549486
english	pride	2	OW	2169	0.0038461674864967424
english	pride	2	WL	95	0.00016845823477048896
english	pride	2	ED	6322	0.011210452212831908
english	pride	2	DG	273	0.0004840957693930893
english	pride	2	GM	237	0.00042025896463795666
english	pride	2	ME	3358	0.005954555287992652
english	pride	2	OF	4400	0.007802276136738436
english	pride	2	WE	1861	0.003300008156925052
english	pride	2	OH	784	0.0013902237480006667
english	pride	2	SF	615	0.0010905454145668497
english	pride	2	FR	937	0.0016615301682099805
english	pride	2	IE	1578	0.002798179941766648
english	pride	2	DS	1310	0.002322950395256216
english	pride	2	IP	195	0.00034578269242363524
english	pride	2	PA	1082	0.0019186506318070427
english	pride	2	DA	2590	0.004592703453216489
english	pride	2	DV	178	0.0003156375346226004
english	pride	2	VI	909	0.0016118793200670996
english	pride	2	EG	722	0.001280282584255716
english	pride	2	GR	744	0.0013192939649394081
english	pride	2	FU	415	0.000735896499260557
english	pride	2	UL	1861	0.003300008156925052
english	pride	2	LY	2651	0.004700871372384907
english	pride	2	YI	815	0.0014451943298731422
english	pride	2	IB	379	0.0006720596945054243
english	pride	2	BE	4283	0.007594806521284254
english	pride	2	DH	1459	0.0025871638371594043
english	pride	2	WA	2913	0.005165461451436151
english	pride	2	LT	771	0.0013671715685057578
english	pride	2	TW	1410	0.0025002748529093623
english	pride	2	TM	757	0.0013423461444343173
english	pride	2	AS	5342	0.009472672527831074
english	pride	2	EW	2420	0.00429125187520614
english	pride	2	AF	651	0.0011543822193219823
english	pride	2	FI	1213	0.0021509456713326644
english	pride	2	DJ	95	0.00016845823477048896
english	pride	2	TD	383	0.0006791526728115502
english	pride	2	CT	1381	0.00244885076018995
english	pride	2	NB	337	0.000597583422291103
english	pride	2	EE	2615	0.004637034567629775
english	pride	2	NL	605	0.001072812968801535
english	pride	2	OV	600	0.0010639467459188775
english	pride	2	GB	223	0.0003954335405665162
english	pride	2	GW	231	0.0004096194971787679
english	pride	2	HP	90	0.00015959201188783163
english	pride	2	PE	1826	0.003237944596746451
english	pride	2	VE	4456	0.007901577833024198
english	pride	2	SD	421	0.0007465359667197458
english	pride	2	PL	921	0.0016331582549854772
english	pride	2	OB	946	0.0016774893693987636
english	pride	2	BO	671	0.0011898471108526115
english	pride	2	DW	844	0.0014966184225925546
english	pride	2	WO	1105	0.001959435257067266
english	pride	2	FT	1458	0.0025853905925828724
english	pride	2	TV	50	8.866222882657314e-05
english	pride	2	NU	261	0.0004628168344747118
english	pride	2	UM	403	0.0007146175643421795
english	pride	2	UT	2042	0.003620965425277247
english	pride	2	BJ	190	0.0003369164695409779
english	pride	2	JE	244	0.00043267167667367687
english	pride	2	EP	1392	0.002468356450531796
english	pride	2	FF	705	0.0012501374264546812
english	pride	2	FE	1314	0.002330043373562342
english	pride	2	TB	749	0.0013281601878220655
english	pride	2	BR	334	0.0005922636885615086
english	pride	2	GS	401	0.0007110710751891165
english	pride	2	CU	383	0.0006791526728115502
english	pride	2	EQ	245	0.00043444492125020836
english	pride	2	QU	648	0.0011490624855923879
english	pride	2	UE	430	0.000762495167908529
english	pride	2	SM	738	0.0013086544974802194
english	pride	2	MU	753	0.0013352531661281915
english	pride	2	UC	1150	0.002039231263011182
english	pride	2	HM	335	0.00059403693313804
english	pride	2	MO	1471	0.002608442772077782
english	pride	2	IF	809	0.0014345548624139534
english	pride	2	IR	1575	0.0027928602080370536
english	pride	2	RB	659	0.0011685681759342338
english	pride	2	RK	167	0.0002961318442807543
english	pride	2	KT	116	0.00020569637087764967
english	pride	2	DB	1059	0.001877866006546819
english	pride	2	YC	498	0.0008830757991126684
english	pride	2	NV	309	0.000547932574148222
english	pride	2	IG	966	0.001712954260929393
english	pride	2	TA	3055	0.005417262181303619
english	pride	2	OP	825	0.0014629267756384567
english	pride	2	GT	811	0.0014381013515670162
english	pride	2	OL	1334	0.002365508265092971
english	pride	2	EM	2617	0.0046405810567828375
english	pride	2	TF	428	0.0007589486787554661
english	pride	2	DY	670	0.00118807386627608
english	pride	2	YE	635	0.0011260103060974787
english	pride	2	TU	930	0.0016491174561742603
english	pride	2	UN	1510	0.0026775993105625086
english	pride	2	SU	1664	0.0029506789753483537
english	pride	2	UA	668	0.0011845273771230172
english	pride	2	OI	602	0.0010674932350719405
english	pride	2	IA	1117	0.0019807141919856437
english	pride	2	RJ	62	0.00010994116374495069
english	pride	2	LD	1785	0.003165241569108661
english	pride	2	BA	313	0.0005550255524543478
english	pride	2	AB	1679	0.002977277643996326
english	pride	2	YB	457	0.0008103727714748784
english	pride	2	FO	2429	0.0043072110763949225
english	pride	2	CL	342	0.0006064496451737602
english	pride	2	IM	1862	0.0033017814015015834
english	pride	2	MT	491	0.0008706630870769482
english	pride	2	CY	532	0.0009433661147147381
english	pride	2	YO	2787	0.004942032634793187
english	pride	2	LM	233	0.0004131659863318308
english	pride	2	EV	1682	0.00298259737772592
english	pride	2	LS	421	0.0007465359667197458
english	pride	2	LF	787	0.001395543481730261
english	pride	2	HN	81	0.00014363281069904848
english	pride	2	FN	74	0.00013122009866332825
english	pride	2	BB	9	1.5959201188783163e-05
english	pride	2	EY	1637	0.0029028013717820045
english	pride	2	MP	791	0.0014026364600363869
english	pride	2	BS	162	0.00028726562139809697
english	pride	2	EU	178	0.0003156375346226004
english	pride	2	BT	118	0.0002092428600307126
english	pride	2	FB	130	0.00023052179494909014
english	pride	2	SQ	47	8.334249509697874e-05
english	pride	2	RP	385	0.0006826991619646131
english	pride	2	OD	824	0.0014611535310619253
english	pride	2	AK	612	0.001085225680837255
english	pride	2	NK	395	0.0007004316077299277
english	pride	2	HD	88	0.00015604552273476872
english	pride	2	TY	1087	0.0019275168546896999
english	pride	2	YP	299	0.0005302001283829074
english	pride	2	SI	3104	0.00550415116555366
english	pride	2	IV	938	0.001663303412786512
english	pride	2	YF	375	0.0006649667161992985
english	pride	2	DN	931	0.0016508907007507917
english	pride	2	HR	251	0.00044508438870939713
english	pride	2	GI	872	0.0015462692707354354
english	pride	2	VO	244	0.00043267167667367687
english	pride	2	OE	331	0.0005869439548319142
english	pride	2	EX	766	0.0013583053456231004
english	pride	2	XA	78	0.0001383130769694541
english	pride	2	XQ	3	5.319733729594388e-06
english	pride	2	UI	433	0.0007678149016381233
english	pride	2	DK	57	0.00010107494086229338
english	pride	2	KE	1107	0.0019629817462203294
english	pride	2	PI	459	0.0008139192606279414
english	pride	2	PH	138	0.00024470775156134185
english	pride	2	FM	348	0.000617089112632949
english	pride	2	DM	805	0.0014274618841078274
english	pride	2	MI	1828	0.0032414910858995136
english	pride	2	YT	1214	0.002152718915909196
english	pride	2	EH	1963	0.003480879103731261
english	pride	2	DT	2324	0.004121020395859119
english	pride	2	RH	871	0.001544496026158904
english	pride	2	YD	610	0.0010816791916841923
english	pride	2	OY	227	0.000402526518872642
english	pride	2	LR	84	0.00014895254442864287
english	pride	2	CI	558	0.0009894704737045562
english	pride	2	XP	300	0.0005319733729594388
english	pride	2	KF	59	0.0001046214300153563
english	pride	2	NN	918	0.0016278385212558828
english	pride	2	NY	790	0.0014008632154598555
english	pride	2	YS	1161	0.0020587369533530283
english	pride	2	OC	528	0.0009362731364086123
english	pride	2	YM	483	0.0008564771304646965
english	pride	2	IK	317	0.0005621185307604737
english	pride	2	AV	1526	0.002705971223787012
english	pride	2	AW	516	0.0009149942014902348
english	pride	2	WF	42	7.447627221432143e-05
english	pride	2	RD	1458	0.0025853905925828724
english	pride	2	FH	771	0.0013671715685057578
english	pride	2	TL	1134	0.0020108593497866786
english	pride	2	DU	355	0.0006295018246686693
english	pride	2	UO	45	7.979600594391582e-05
english	pride	2	SY	239	0.0004238054537910196
english	pride	2	HL	142	0.0002518007298674677
english	pride	2	MR	1190	0.0021101610460724407
english	pride	2	SN	612	0.001085225680837255
english	pride	2	BI	445	0.0007890938365565009
english	pride	2	SP	1125	0.0019949001485978957
english	pride	2	PS	218	0.00038656731768385886
english	pride	2	UP	495	0.000877756065383074
english	pride	2	PO	1082	0.0019186506318070427
english	pride	2	AJ	5	8.866222882657313e-06
english	pride	2	JO	157	0.00027839939851543964
english	pride	2	MM	382	0.0006773794282350187
english	pride	2	AA	46	8.156925052044729e-05
english	pride	2	KA	145	0.0002571204635970621
english	pride	2	VU	6	1.0639467459188777e-05
english	pride	2	LG	67	0.000118807386627608
english	pride	2	GA	1228	0.002177544339980636
english	pride	2	RV	283	0.000501828215158404
english	pride	2	RM	1006	0.0017838840439906515
english	pride	2	XE	70	0.0001241271203572024
english	pride	2	PT	425	0.0007536289450258717
english	pride	2	NF	519	0.0009203139352198292
english	pride	2	FV	22	3.901138068369218e-05
english	pride	2	YW	852	0.0015108043792048062
english	pride	2	GO	811	0.0014381013515670162
english	pride	2	VA	371	0.0006578737378931727
english	pride	2	TP	333	0.0005904904439849771
english	pride	2	CD	4	7.092978306125851e-06
english	pride	2	OG	291	0.0005160141717706556
english	pride	2	GU	199	0.00035287567072976106
english	pride	2	HF	126	0.0002234288166429643
english	pride	2	UF	77	0.00013653983239292263
english	pride	2	AG	1026	0.0018193489355212808
english	pride	2	GL	609	0.0010799059471076607
english	pride	2	RF	751	0.0013317066769751285
english	pride	2	YQ	6	1.0639467459188777e-05
english	pride	2	DF	446	0.0007908670811330324
english	pride	2	WS	162	0.00028726562139809697
english	pride	2	WC	50	8.866222882657314e-05
english	pride	2	AY	1296	0.0022981249711847757
english	pride	2	RW	842	0.0014930719334394916
english	pride	2	WR	137	0.00024293450698481038
english	pride	2	NM	476	0.0008440644184289762
english	pride	2	WT	164	0.00029081211055115985
english	pride	2	TK	99	0.0001755512130766148
english	pride	2	WW	111	0.00019683014799499237
english	pride	2	MB	310	0.0005497058187247534
english	pride	2	FY	233	0.0004131659863318308
english	pride	2	DD	469	0.000831651706393256
english	pride	2	FC	174	0.0003085445563164745
english	pride	2	FL	247	0.0004379914104032713
english	pride	2	KH	276	0.0004894155031226837
english	pride	2	HW	323	0.0005727579982196624
english	pride	2	PD	6	1.0639467459188777e-05
english	pride	2	HC	132	0.00023406828410215308
english	pride	2	FJ	25	4.433111441328657e-05
english	pride	2	EK	201	0.000356422159882824
english	pride	2	KC	10	1.7732445765314627e-05
english	pride	2	AX	5	8.866222882657313e-06
english	pride	2	XC	166	0.0002943585997042228
english	pride	2	LW	260	0.0004610435898981803
english	pride	2	GK	8	1.4185956612251702e-05
english	pride	2	CC	341	0.0006046764005972287
english	pride	2	FD	111	0.00019683014799499237
english	pride	2	TG	136	0.00024116126240827893
english	pride	2	WK	17	3.0145157801034867e-05
english	pride	2	KW	94	0.0001666849901939575
english	pride	2	LN	168	0.00029790508885728573
english	pride	2	IZ	800	0.0014185956612251702
english	pride	2	ZA	670	0.00118807386627608
english	pride	2	HS	372	0.0006596469824697041
english	pride	2	WN	536	0.000950459093020864
english	pride	2	SG	269	0.0004770027910869635
english	pride	2	FW	204	0.0003617418936124184
english	pride	2	LH	201	0.000356422159882824
english	pride	2	MH	237	0.00042025896463795666
english	pride	2	CS	14	2.4825424071440477e-05
english	pride	2	TQ	29	5.142409271941242e-05
english	pride	2	LB	201	0.000356422159882824
english	pride	2	TN	357	0.0006330483138217322
english	pride	2	TJ	72	0.0001276736095102653
english	pride	2	HG	66	0.00011703414205107654
english	pride	2	FS	310	0.0005497058187247534
english	pride	2	BV	2	3.5464891530629254e-06
english	pride	2	XD	1	1.7732445765314627e-06
english	pride	2	NJ	116	0.00020569637087764967
english	pride	2	IU	28	4.9650848142880953e-05
english	pride	2	FQ	8	1.4185956612251702e-05
english	pride	2	BD	2	3.5464891530629254e-06
english	pride	2	XT	158	0.0002801726430919711
english	pride	2	MW	205	0.00036351513818894983
english	pride	2	LJ	13	2.3052179494909013e-05
english	pride	2	RN	790	0.0014008632154598555
english	pride	2	DR	443	0.000785547347403438
english	pride	2	KU	12	2.1278934918377553e-05
english	pride	2	IQ	8	1.4185956612251702e-05
english	pride	2	IX	67	0.000118807386627608
english	pride	2	HH	476	0.0008440644184289762
english	pride	2	XH	15	2.659866864797194e-05
english	pride	2	SJ	59	0.0001046214300153563
english	pride	2	NQ	98	0.00017377796850008334
english	pride	2	KR	11	1.950569034184609e-05
english	pride	2	ML	63	0.00011171440832148214
english	pride	2	FP	113	0.00020037663714805528
english	pride	2	MN	93	0.00016491174561742602
english	pride	2	CQ	102	0.0001808709468062092
english	pride	2	CP	3	5.319733729594388e-06
english	pride	2	HY	181	0.00032095726835219476
english	pride	2	YR	288	0.0005106944380410612
english	pride	2	HB	163	0.0002890388659746284
english	pride	2	WB	34	6.0290315602069734e-05
english	pride	2	KO	113	0.00020037663714805528
english	pride	2	KM	27	4.787760356634949e-05
english	pride	2	MD	41	7.270302763778996e-05
english	pride	2	FG	76	0.00013476658781639116
english	pride	2	KY	49	8.688898425004167e-05
english	pride	2	CN	2	3.5464891530629254e-06
english	pride	2	MJ	23	4.0784625260223643e-05
english	pride	2	WM	129	0.0002287485503725587
english	pride	2	PB	9	1.5959201188783163e-05
english	pride	2	HJ	32	5.674382644900681e-05
english	pride	2	IH	336	0.0005958101777145715
english	pride	2	XI	111	0.00019683014799499237
english	pride	2	SV	152	0.0002695331756327823
english	pride	2	GG	57	0.00010107494086229338
english	pride	2	LP	126	0.0002234288166429643
english	pride	2	IW	231	0.0004096194971787679
english	pride	2	AH	90	0.00015959201188783163
english	pride	2	LV	131	0.0002322950395256216
english	pride	2	MF	137	0.00024293450698481038
english	pride	2	AQ	18	3.191840237756633e-05
english	pride	2	CF	6	1.0639467459188777e-05
english	pride	2	LK	261	0.0004628168344747118
english	pride	2	LC	144	0.0002553472190205306
english	pride	2	FK	16	2.8371913224503403e-05
english	pride	2	PY	140	0.0002482542407144048
english	pride	2	OX	7	1.2412712035720238e-05
english	pride	2	BH	9	1.5959201188783163e-05
english	pride	2	GN	178	0.0003156375346226004
english	pride	2	GD	60	0.00010639467459188776
english	pride	2	PN	2	3.5464891530629254e-06
english	pride	2	XO	4	7.092978306125851e-06
english	pride	2	YU	101	0.00017909770222967772
english	pride	2	YY	133	0.00023584152867868452
english	pride	2	AO	53	9.398196255616752e-05
english	pride	2	GV	15	2.659866864797194e-05
english	pride	2	GF	105	0.00018619068053580358
english	pride	2	VT	2	3.5464891530629254e-06
english	pride	2	VD	1	1.7732445765314627e-06
english	pride	2	II	90	0.00015959201188783163
english	pride	2	SX	1	1.7732445765314627e-06
english	pride	2	XX	46	8.156925052044729e-05
english	pride	2	XV	18	3.191840237756633e-05
english	pride	2	VH	6	1.0639467459188777e-05
english	pride	2	VW	1	1.7732445765314627e-06
english	pride	2	RX	61	0.00010816791916841922
english	pride	2	XN	1	1.7732445765314627e-06
english	pride	2	VP	1	1.7732445765314627e-06
english	pride	2	HV	16	2.8371913224503403e-05
english	pride	2	OQ	17	3.0145157801034867e-05
english	pride	2	WV	15	2.659866864797194e-05
english	pride	2	UH	129	0.0002287485503725587
english	pride	2	XL	14	2.4825424071440477e-05
english	pride	2	XB	4	7.092978306125851e-06
english	pride	2	UW	166	0.0002943585997042228
english	pride	2	ZZ	103	0.00018264419138274066
english	pride	2	ZY	98	0.00017377796850008334
english	pride	2	LX	3	5.319733729594388e-06
english	pride	2	AE	9	1.5959201188783163e-05
english	pride	2	UK	51	9.04354734031046e-05
english	pride	2	YV	41	7.270302763778996e-05
english	pride	2	MG	35	6.20635601786012e-05
english	pride	2	GY	113	0.00020037663714805528
english	pride	2	PC	10	1.7732445765314627e-05
english	pride	2	WG	12	2.1278934918377553e-05
english	pride	2	WP	23	4.0784625260223643e-05
english	pride	2	WY	15	2.659866864797194e-05
english	pride	2	DQ	24	4.255786983675511e-05
english	pride	2	WD	38	6.738329390819558e-05
english	pride	2	CM	8	1.4185956612251702e-05
english	pride	2	XW	6	1.0639467459188777e-05
english	pride	2	GP	67	0.000118807386627608
english	pride	2	PW	32	5.674382644900681e-05
english	pride	2	RQ	11	1.950569034184609e-05
english	pride	2	MQ	11	1.950569034184609e-05
english	pride	2	NX	47	8.334249509697874e-05
english	pride	2	CB	2	3.5464891530629254e-06
english	pride	2	ZE	46	8.156925052044729e-05
english	pride	2	KL	25	4.433111441328657e-05
english	pride	2	MC	70	0.0001241271203572024
english	pride	2	YK	58	0.00010284818543882483
english	pride	2	UQ	5	8.866222882657313e-06
english	pride	2	WJ	3	5.319733729594388e-06
english	pride	2	MK	7	1.2412712035720238e-05
english	pride	2	HK	17	3.0145157801034867e-05
english	pride	2	PM	13	2.3052179494909013e-05
english	pride	2	LQ	6	1.0639467459188777e-05
english	pride	2	UJ	5	8.866222882657313e-06
english	pride	2	PJ	1	1.7732445765314627e-06
english	pride	2	MV	22	3.901138068369218e-05
english	pride	2	KB	22	3.901138068369218e-05
english	pride	2	ZI	12	2.1278934918377553e-05
english	pride	2	CW	1	1.7732445765314627e-06
english	pride	2	WZ	1	1.7732445765314627e-06
english	pride	2	UY	16	2.8371913224503403e-05
english	pride	2	AZ	23	4.0784625260223643e-05
english	pride	2	OZ	2	3.5464891530629254e-06
english	pride	2	XM	4	7.092978306125851e-06
english	pride	2	HQ	5	8.866222882657313e-06
english	pride	2	UU	8	1.4185956612251702e-05
english	pride	2	WU	9	1.5959201188783163e-05
english	pride	2	VY	8	1.4185956612251702e-05
english	pride	2	KG	4	7.092978306125851e-06
english	pride	2	PF	20	3.5464891530629253e-05
english	pride	2	XY	1	1.7732445765314627e-06
english	pride	2	UZ	3	5.319733729594388e-06
english	pride	2	ZL	4	7.092978306125851e-06
english	pride	2	XU	3	5.319733729594388e-06
english	pride	2	NZ	1	1.7732445765314627e-06
english	pride	2	UV	5	8.866222882657313e-06
english	pride	2	VR	1	1.7732445765314627e-06
english	pride	2	UX	1	1.7732445765314627e-06
english	pride	2	JI	1	1.7732445765314627e-06
english	pride	2	GQ	4	7.092978306125851e-06
english	pride	2	TZ	37	6.561004933166412e-05
english	pride	2	ZW	37	6.561004933166412e-05
english	pride	2	IJ	1	1.7732445765314627e-06
english	pride	2	KJ	2	3.5464891530629254e-06
english	pride	2	XF	1	1.7732445765314627e-06
english	pride	2	KK	1	1.7732445765314627e-06
english	pride	2	BM	4	7.092978306125851e-06
english	pride	2	KD	2	3.5464891530629254e-06
english	pride	2	PG	2	3.5464891530629254e-06
english	pride	2	WQ	1	1.7732445765314627e-06
english	pride	2	QT	1	1.7732445765314627e-06
english	pride	2	KQ	1	1.7732445765314627e-06
english	pride	2	KV	1	1.7732445765314627e-06
english	pride	2	IY	1	1.7732445765314627e-06
english	sherlock	2	TH	13723	0.031804781725982445
english	sherlock	2	HE	11927	0.027642325413232718
english	sherlock	2	EA	4450	0.010313435741501266
english	sherlock	2	AD	2035	0.004716368928978669
english	sherlock	2	DV	149	0.00034532627538959293
english	sherlock	2	VE	3540	0.00820439607301449
english	sherlock	2	EN	4711	0.010918336129935384
english	sherlock	2	NT	4230	0.009803558019449517
english	sherlock	2	TU	759	0.0017590781410785304
english	sherlock	2	UR	2131	0.004938861025873977
english	sherlock	2	RE	5744	0.013312443797569275
english	sherlock	2	ES	5225	0.012109595898729014
english	sherlock	2	SO	2291	0.0053096811873661574
english	sherlock	2	OF	3037	0.007038630190323448
english	sherlock	2	FS	187	0.00043339606374398574
english	sherlock	2	SH	2516	0.005831147039464536
english	sherlock	2	ER	7660	0.017753015231438133
english	sherlock	2	RL	449	0.001040614078187431
english	sherlock	2	LO	1607	0.0037244249969870863
english	sherlock	2	OC	697	0.0016153853285003105
english	sherlock	2	CK	762	0.0017660310191065088
english	sherlock	2	KH	175	0.0004055845516320722
english	sherlock	2	HO	2616	0.0060629096403971485
english	sherlock	2	OL	1453	0.0033675105915508628
english	sherlock	2	LM	613	0.0014207047437169158
english	sherlock	2	ME	3219	0.007460438124020803
english	sherlock	2	SB	482	0.0011170957364951932
english	sherlock	2	BY	377	0.0008737450055159499
english	sherlock	2	YA	659	0.0015273155401459178
english	sherlock	2	AR	3253	0.007539237408337891
english	sherlock	2	RT	1732	0.004014128248152852
english	sherlock	2	HU	338	0.0007833575911522309
english	sherlock	2	RC	362	0.000838980615376058
english	sherlock	2	CO	1975	0.004577311368419101
english	sherlock	2	ON	4588	0.01063326813078827
english	sherlock	2	NA	1454	0.0033698282175601887
english	sherlock	2	AN	6758	0.015662516571025967
english	sherlock	2	ND	5197	0.012044702370467883
english	sherlock	2	DO	1834	0.004250526101104117
english	sherlock	2	OY	288	0.0006674762906859246
english	sherlock	2	YL	215	0.0004982895920051173
english	sherlock	2	LE	2955	0.006848584857558705
english	sherlock	2	EC	1892	0.004384948409645033
english	sherlock	2	TE	3091	0.0071637819948270585
english	sherlock	2	TS	1333	0.0030893954704317274
english	sherlock	2	SI	2611	0.006051321510350518
english	sherlock	2	IA	614	0.001423022369726242
english	sherlock	2	AS	4235	0.009815146149496148
english	sherlock	2	SC	672	0.0015574446782671573
english	sherlock	2	CA	1386	0.003212229648926012
english	sherlock	2	DA	1748	0.00405121026430207
english	sherlock	2	AL	2457	0.0056944071049142946
english	sherlock	2	LI	1806	0.004185632572842986
english	sherlock	2	IN	7758	0.017980142580352094
english	sherlock	2	NB	264	0.0006118532664620976
english	sherlock	2	BO	592	0.0013720345975210672
english	sherlock	2	OH	545	0.0012631061750827393
english	sherlock	2	EM	1995	0.004623663888605623
english	sherlock	2	MI	1071	0.002482177455988282
english	sherlock	2	AI	1657	0.0038403062974533926
english	sherlock	2	II	41	9.502266638237121e-05
english	sherlock	2	IT	4348	0.01007703788855
english	sherlock	2	ED	5090	0.011796716387469987
english	sherlock	2	DH	1192	0.0027626102031167435
english	sherlock	2	DE	2114	0.004899461383715433
english	sherlock	2	DL	466	0.0010800137203459753
english	sherlock	2	AG	710	0.0016455144666215503
english	sherlock	2	GU	299	0.000692970176788512
english	sherlock	2	UE	334	0.0007740870871149264
english	sherlock	2	EI	1951	0.004521688344195274
english	sherlock	2	AC	1430	0.003314205193336362
english	sherlock	2	SE	3171	0.0073491920755731485
english	sherlock	2	EO	1398	0.0032400411610379255
english	sherlock	2	FI	913	0.002115992546514754
english	sherlock	2	ID	1485	0.0034416746238492986
english	sherlock	2	TI	3625	0.00840139428380721
english	sherlock	2	TY	703	0.0016292910845562673
english	sherlock	2	YI	564	0.0013071410692599356
english	sherlock	2	IV	512	0.001186624516774977
english	sherlock	2	VT	4	9.270504037304508e-06
english	sherlock	2	EB	1023	0.002370931407540628
english	sherlock	2	OS	1195	0.0027695630811447216
english	sherlock	2	OM	2390	0.005539126162289443
english	sherlock	2	MB	246	0.0005701359982942273
english	sherlock	2	BE	2133	0.004943496277892629
english	sherlock	2	EV	1027	0.0023802019115779327
english	sherlock	2	VA	184	0.0004264431857160074
english	sherlock	2	LL	2445	0.005666595592802381
english	sherlock	2	EY	926	0.0021461216846359937
english	sherlock	2	YM	322	0.0007462755750030129
english	sherlock	2	MY	1166	0.002702351926874264
english	sherlock	2	YS	815	0.0018888651976007936
english	sherlock	2	ST	4619	0.01070511453707738
english	sherlock	2	RY	1125	0.002607329260491893
english	sherlock	2	YV	37	8.57521623450667e-05
english	sherlock	2	EF	1244	0.002883126755601702
english	sherlock	2	OR	3266	0.007569366546459131
english	sherlock	2	RA	2179	0.005050107074321631
english	sherlock	2	NG	3577	0.008290148235359557
english	sherlock	2	GE	1162	0.00269308142283696
english	sherlock	2	EP	1065	0.0024682716999323254
english	sherlock	2	PI	422	0.0009780381759356255
english	sherlock	2	IP	242	0.0005608654942569227
english	sherlock	2	PS	219	0.0005075600960424218
english	sherlock	2	SV	112	0.0002595741130445262
english	sherlock	2	VI	555	0.0012862824351760006
english	sherlock	2	MA	2165	0.005017660310191065
english	sherlock	2	NW	587	0.0013604464674744365
english	sherlock	2	WI	1909	0.004424348051803577
english	sherlock	2	HT	1296	0.0030036433080866606
english	sherlock	2	ET	3708	0.008593757242581278
english	sherlock	2	TW	1340	0.00310561885249701
english	sherlock	2	IS	4432	0.010271718473333396
english	sherlock	2	PV	1	2.317626009326127e-06
english	sherlock	2	FT	1302	0.0030175490641426174
english	sherlock	2	BL	785	0.0018193364173210097
english	sherlock	2	LU	348	0.0008065338512454922
english	sherlock	2	RB	288	0.0006674762906859246
english	sherlock	2	BU	901	0.0020881810344028405
english	sherlock	2	UN	1270	0.0029433850318441816
english	sherlock	2	NC	1128	0.0026142821385198712
english	sherlock	2	CL	558	0.0012932353132039788
english	sherlock	2	SP	703	0.0016292910845562673
english	sherlock	2	PE	1340	0.00310561885249701
english	sherlock	2	KL	75	0.00017382195069945953
english	sherlock	2	DB	700	0.001622338206528289
english	sherlock	2	BA	526	0.001219071280905543
english	sherlock	2	DI	2081	0.00482297972540767
english	sherlock	2	IX	56	0.0001297870565222631
english	sherlock	2	XT	98	0.00022712734891396045
english	sherlock	2	EE	2256	0.0052285642770397425
english	sherlock	2	GI	603	0.0013975284836236547
english	sherlock	2	NE	2753	0.006380424403674828
english	sherlock	2	RS	1615	0.0037429660050616953
english	sherlock	2	UM	363	0.0008412982413853841
english	sherlock	2	BX	1	2.317626009326127e-06
english	sherlock	2	NO	2646	0.006132438420676932
english	sherlock	2	OB	600	0.0013905756055956763
english	sherlock	2	CH	1874	0.004343231141477162
english	sherlock	2	EL	2380	0.005515949902196182
english	sherlock	2	RX	1	2.317626009326127e-06
english	sherlock	2	XI	44	0.00010197554441034959
english	sherlock	2	LC	103	0.0002387154789605911
english	sherlock	2	RO	2634	0.0061046269085650185
english	sherlock	2	TX	2	4.635252018652254e-06
english	sherlock	2	OP	597	0.0013836227275676979
english	sherlock	2	PP	389	0.0009015565176278634
english	sherlock	2	TO	4752	0.011013358796317756
english	sherlock	2	SS	1944	0.004505464962129991
english	sherlock	2	SA	2781	0.00644531793193596
english	sherlock	2	LW	236	0.000546959738200966
english	sherlock	2	WA	2434	0.005641101706699793
english	sherlock	2	AY	1064	0.002465954073922999
english	sherlock	2	EW	2082	0.004825297351416996
english	sherlock	2	WO	943	0.0021855213267945378
english	sherlock	2	NI	1570	0.0036386728346420195
english	sherlock	2	IH	547	0.0012677414271013915
english	sherlock	2	HA	6301	0.014603361484763927
english	sherlock	2	AV	1500	0.0034764390139891905
english	sherlock	2	LD	1336	0.0030963483484597056
english	sherlock	2	MH	158	0.0003661849094735281
english	sherlock	2	RD	934	0.0021646626927106028
english	sherlock	2	HI	4461	0.010338929627603853
english	sherlock	2	IM	1286	0.0029804670479933993
english	sherlock	2	MM	222	0.0005145129740704002
english	sherlock	2	IO	1078	0.002498400838053565
english	sherlock	2	NH	698	0.0016177029545096366
english	sherlock	2	RU	490	0.0011356367445698023
english	sherlock	2	NY	505	0.001170401134709694
english	sherlock	2	YO	2442	0.005659642714774402
english	sherlock	2	OT	2373	0.005499726520130899
english	sherlock	2	RN	664	0.0015389036701925483
english	sherlock	2	AM	1206	0.0027950569672473093
english	sherlock	2	YE	628	0.0014554691338568078
english	sherlock	2	DP	206	0.0004774309579211822
english	sherlock	2	PR	799	0.0018517831814515756
english	sherlock	2	AT	5074	0.011759634371320769
english	sherlock	2	WH	2454	0.005687454226886316
english	sherlock	2	FH	285	0.0006605234126579462
english	sherlock	2	EX	415	0.0009618147938703427
english	sherlock	2	SN	453	0.0010498845822247355
english	sherlock	2	TT	2687	0.0062274610870593035
english	sherlock	2	FE	744	0.0017243137509386386
english	sherlock	2	LT	565	0.0013094586952692618
english	sherlock	2	TA	2335	0.0054116567317765065
english	sherlock	2	MO	1016	0.002354708025475345
english	sherlock	2	AK	474	0.0010985547284205843
english	sherlock	2	KI	474	0.0010985547284205843
english	sherlock	2	OV	486	0.0011263662405324977
english	sherlock	2	FO	1611	0.003733695501024391
english	sherlock	2	RI	2302	0.005335175073468744
english	sherlock	2	IR	1082	0.0025076713420908695
english	sherlock	2	NS	1325	0.0030708544623571183
english	sherlock	2	DT	1968	0.004561087986353818
english	sherlock	2	PA	909	0.0021067220424774496
english	sherlock	2	IC	1869	0.0043316430114305315
english	sherlock	2	CU	346	0.0008018985992268399
english	sherlock	2	UL	1396	0.0032354059090192733
english	sherlock	2	LA	1727	0.004002540118106222
english	sherlock	2	LY	1567	0.0036317199566140413
english	sherlock	2	YW	488	0.00113100149255115
english	sherlock	2	WE	1823	0.00422503221500153
english	sherlock	2	AB	849	0.001967664481917882
english	sherlock	2	BH	7	1.6223382065282888e-05
english	sherlock	2	RR	662	0.0015342684181738962
english	sherlock	2	CI	388	0.0008992388916185373
english	sherlock	2	UT	1922	0.004454477189924816
english	sherlock	2	DM	523	0.0012121184028775645
english	sherlock	2	YB	319	0.0007393226969750345
english	sherlock	2	CE	1699	0.00393764658984509
english	sherlock	2	KE	1180	0.00273479869100483
english	sherlock	2	TP	200	0.0004635252018652254
english	sherlock	2	RF	319	0.0007393226969750345
english	sherlock	2	CT	679	0.0015736680603324403
english	sherlock	2	TR	1167	0.0027046695528835903
english	sherlock	2	GA	816	0.0018911828236101197
english	sherlock	2	BS	145	0.00033605577135228845
english	sherlock	2	RV	200	0.0004635252018652254
english	sherlock	2	GM	152	0.00035227915341757134
english	sherlock	2	RH	677	0.001569032808313788
english	sherlock	2	OU	5672	0.013145574724897793
english	sherlock	2	PL	556	0.0012886000611853265
english	sherlock	2	MS	326	0.0007555460790403174
english	sherlock	2	LF	392	0.0009085093956558418
english	sherlock	2	AF	430	0.0009965791840102346
english	sherlock	2	FA	1105	0.0025609767403053704
english	sherlock	2	LS	455	0.0010545198342433878
english	sherlock	2	PO	1262	0.0029248440237695725
english	sherlock	2	OK	510	0.0011819892647563248
english	sherlock	2	RP	265	0.0006141708924714236
english	sherlock	2	IB	256	0.0005933122583874885
english	sherlock	2	GS	259	0.0006002651364154669
english	sherlock	2	SF	490	0.0011356367445698023
english	sherlock	2	XC	96	0.0002224920968953082
english	sherlock	2	TF	316	0.0007323698189470562
english	sherlock	2	DR	654	0.0015157274100992871
english	sherlock	2	AW	542	0.0012561532970547609
english	sherlock	2	GT	488	0.00113100149255115
english	sherlock	2	IL	1270	0.0029433850318441816
english	sherlock	2	FR	905	0.002097451538440145
english	sherlock	2	SM	653	0.001513409784089961
english	sherlock	2	OA	569	0.0013187291993065663
english	sherlock	2	SU	881	0.002041828514216318
english	sherlock	2	UC	559	0.001295552939213305
english	sherlock	2	US	1670	0.003870435435574632
english	sherlock	2	OW	1986	0.004602805254521688
english	sherlock	2	WN	541	0.0012538356710454347
english	sherlock	2	DF	433	0.001003532062038213
english	sherlock	2	DJ	39	9.038741436371896e-05
english	sherlock	2	JU	196	0.0004542546978279209
english	sherlock	2	MP	552	0.0012793295571480222
english	sherlock	2	OI	521	0.0012074831508589122
english	sherlock	2	OD	656	0.0015203626621179394
english	sherlock	2	DU	418	0.0009687676718983211
english	sherlock	2	GF	142	0.00032910289332431004
english	sherlock	2	RW	612	0.0014183871177075897
english	sherlock	2	HM	196	0.0004542546978279209
english	sherlock	2	IG	954	0.002211015212897125
english	sherlock	2	GH	1407	0.003260899795121861
english	sherlock	2	HR	355	0.0008227572333107751
english	sherlock	2	UB	242	0.0005608654942569227
english	sherlock	2	BT	113	0.00026189173905385234
english	sherlock	2	UP	916	0.0021229454245427323
english	sherlock	2	LH	130	0.00030129138121239653
english	sherlock	2	LR	128	0.00029665612919374426
english	sherlock	2	SG	164	0.00038009066552948485
english	sherlock	2	GR	494	0.0011449072486071068
english	sherlock	2	CR	450	0.001042931704196757
english	sherlock	2	HP	41	9.502266638237121e-05
english	sherlock	2	SW	1050	0.0024335073097924336
english	sherlock	2	DN	458	0.0010614727122713662
english	sherlock	2	TB	443	0.0010267083221314744
english	sherlock	2	BI	159	0.00036850253548285423
english	sherlock	2	DY	544	0.0012607885490734131
english	sherlock	2	FD	69	0.00015991619464350278
english	sherlock	2	DQ	17	3.939964215854416e-05
english	sherlock	2	QU	425	0.000984991053963604
english	sherlock	2	DS	1173	0.002718575308939547
english	sherlock	2	NL	435	0.0010081673140568653
english	sherlock	2	TL	884	0.0020487813922442965
english	sherlock	2	SL	455	0.0010545198342433878
english	sherlock	2	EH	1438	0.0033327462014109705
english	sherlock	2	DD	481	0.001114778110485867
english	sherlock	2	IF	660	0.001529633166155244
english	sherlock	2	YF	329	0.0007624989570682958
english	sherlock	2	RM	593	0.0013743522235303933
english	sherlock	2	AP	787	0.001823971669339662
english	sherlock	2	EU	242	0.0005608654942569227
english	sherlock	2	FM	205	0.00047511333191185606
english	sherlock	2	UF	93	0.00021553921886732983
english	sherlock	2	FF	404	0.0009363209077677553
english	sherlock	2	IE	917	0.0021252630505520587
english	sherlock	2	HH	317	0.0007346874449563823
english	sherlock	2	DG	284	0.0006582057866486201
english	sherlock	2	OO	1572	0.0036433080866606717
english	sherlock	2	KS	184	0.0004264431857160074
english	sherlock	2	MW	172	0.0003986316736040939
english	sherlock	2	EK	198	0.00045888994984657317
english	sherlock	2	KT	237	0.0005492773642102922
english	sherlock	2	KB	38	8.806978835439283e-05
english	sherlock	2	WS	174	0.0004032669256227461
english	sherlock	2	UG	622	0.001441563377800851
english	sherlock	2	RG	268	0.000621123770499402
english	sherlock	2	GY	72	0.00016686907267148116
english	sherlock	2	NK	425	0.000984991053963604
english	sherlock	2	NN	317	0.0007346874449563823
english	sherlock	2	YT	741	0.0017173608729106602
english	sherlock	2	UD	236	0.000546959738200966
english	sherlock	2	FC	132	0.0003059266332310488
english	sherlock	2	CC	235	0.0005446421121916399
english	sherlock	2	AO	33	7.64816583077622e-05
english	sherlock	2	YP	220	0.000509877722051748
english	sherlock	2	NF	385	0.000892286013590559
english	sherlock	2	GO	791	0.0018332421733769665
english	sherlock	2	DC	255	0.0005909946323781624
english	sherlock	2	PT	257	0.0005956298843968147
english	sherlock	2	LP	177	0.0004102198036507245
english	sherlock	2	MT	357	0.0008273924853294274
english	sherlock	2	SD	243	0.0005631831202662489
english	sherlock	2	MU	406	0.0009409561597864076
english	sherlock	2	TK	51	0.00011819892647563248
english	sherlock	2	BR	467	0.0010823313463553014
english	sherlock	2	FU	301	0.0006976054288071643
english	sherlock	2	GN	137	0.0003175147632776794
english	sherlock	2	YH	391	0.0009061917696465157
english	sherlock	2	DW	747	0.0017312666289666168
english	sherlock	2	IK	235	0.0005446421121916399
english	sherlock	2	KN	358	0.0008297101113387535
english	sherlock	2	WL	97	0.00022480972290463432
english	sherlock	2	IW	364	0.0008436158673947102
english	sherlock	2	SR	222	0.0005145129740704002
english	sherlock	2	AJ	37	8.57521623450667e-05
english	sherlock	2	JO	94	0.00021785684487665594
english	sherlock	2	WR	156	0.0003615496574548758
english	sherlock	2	NM	372	0.0008621568754693193
english	sherlock	2	HB	95	0.00022017447088598207
english	sherlock	2	RK	328	0.0007601813310589697
english	sherlock	2	IZ	46	0.00010661079642900185
english	sherlock	2	ZE	69	0.00015991619464350278
english	sherlock	2	KU	37	8.57521623450667e-05
english	sherlock	2	KA	232	0.0005376892341636615
english	sherlock	2	GC	84	0.00019468058478339467
english	sherlock	2	WP	18	4.171726816787029e-05
english	sherlock	2	NU	257	0.0005956298843968147
english	sherlock	2	NP	130	0.00030129138121239653
english	sherlock	2	TM	521	0.0012074831508589122
english	sherlock	2	GL	360	0.0008343453633574057
english	sherlock	2	MC	97	0.00022480972290463432
english	sherlock	2	TC	398	0.0009224151517117986
english	sherlock	2	OG	249	0.0005770888763222057
english	sherlock	2	UI	394	0.0009131446476744941
english	sherlock	2	SY	248	0.0005747712503128795
english	sherlock	2	UH	187	0.00043339606374398574
english	sherlock	2	KW	118	0.000273479869100483
english	sherlock	2	PU	263	0.0006095356404527715
english	sherlock	2	AH	176	0.00040790217764139836
english	sherlock	2	FP	65	0.00015064569060619826
english	sherlock	2	WY	48	0.0001112460484476541
english	sherlock	2	EJ	70	0.00016223382065282889
english	sherlock	2	FL	249	0.0005770888763222057
english	sherlock	2	CY	66	0.0001529633166155244
english	sherlock	2	WD	62	0.00014369281257821989
english	sherlock	2	UK	52	0.0001205165524849586
english	sherlock	2	WT	179	0.00041485505566937677
english	sherlock	2	FV	25	5.794065023315317e-05
english	sherlock	2	TG	97	0.00022480972290463432
english	sherlock	2	YD	273	0.0006327119005460327
english	sherlock	2	HY	288	0.0006674762906859246
english	sherlock	2	UW	190	0.00044034894177196414
english	sherlock	2	WC	58	0.00013442230854091537
english	sherlock	2	LK	150	0.00034764390139891907
english	sherlock	2	KO	110	0.000254938861025874
english	sherlock	2	YC	309	0.0007161464368817732
english	sherlock	2	YJ	27	6.257590225180543e-05
english	sherlock	2	JA	58	0.00013442230854091537
english	sherlock	2	BB	53	0.00012283417849428472
english	sherlock	2	VO	124	0.00028738562515643977
english	sherlock	2	FY	163	0.0003777730395201587
english	sherlock	2	OE	157	0.00036386728346420196
english	sherlock	2	XA	81	0.0001877277067554163
english	sherlock	2	BV	34	7.879928431708832e-05
english	sherlock	2	AU	295	0.0006836996727512075
english	sherlock	2	NV	142	0.00032910289332431004
english	sherlock	2	YR	167	0.0003870435435574632
english	sherlock	2	KM	52	0.0001205165524849586
english	sherlock	2	FN	29	6.721115427045769e-05
english	sherlock	2	LV	93	0.00021553921886732983
english	sherlock	2	LG	41	9.502266638237121e-05
english	sherlock	2	PH	146	0.0003383733973616145
english	sherlock	2	WW	151	0.0003499615274082452
english	sherlock	2	HW	223	0.0005168306000797264
english	sherlock	2	XP	135	0.00031287951125902715
english	sherlock	2	HS	214	0.0004959719659957912
english	sherlock	2	SQ	100	0.0002317626009326127
english	sherlock	2	EQ	89	0.00020626871483002532
english	sherlock	2	HL	85	0.0001969982107927208
english	sherlock	2	PF	53	0.00012283417849428472
english	sherlock	2	MF	63	0.000146010438587546
english	sherlock	2	WM	82	0.00019004533276474242
english	sherlock	2	WQ	7	1.6223382065282888e-05
english	sherlock	2	SJ	43	9.965791840102347e-05
english	sherlock	2	TN	227	0.0005261011041170308
english	sherlock	2	UA	376	0.0008714273795066237
english	sherlock	2	EG	545	0.0012631061750827393
english	sherlock	2	KP	17	3.939964215854416e-05
english	sherlock	2	AQ	43	9.965791840102347e-05
english	sherlock	2	UU	18	4.171726816787029e-05
english	sherlock	2	HC	80	0.00018541008074609015
english	sherlock	2	GG	147	0.00034069102337094066
english	sherlock	2	LQ	10	2.317626009326127e-05
english	sherlock	2	SK	252	0.000584041754350184
english	sherlock	2	TD	225	0.0005214658520983785
english	sherlock	2	FW	129	0.0002989737552030704
english	sherlock	2	GW	175	0.0004055845516320722
english	sherlock	2	MR	337	0.0007810399651429048
english	sherlock	2	WF	42	9.734029239169733e-05
english	sherlock	2	AZ	35	8.111691032641444e-05
english	sherlock	2	KD	22	5.0987772205174795e-05
english	sherlock	2	VY	30	6.952878027978381e-05
english	sherlock	2	TZ	4	9.270504037304508e-06
english	sherlock	2	ZH	1	2.317626009326127e-06
english	sherlock	2	IU	57	0.00013210468253158924
english	sherlock	2	MN	74	0.0001715043246901334
english	sherlock	2	BF	2	4.635252018652254e-06
english	sherlock	2	FB	99	0.00022944497492328659
english	sherlock	2	YG	133	0.0003082442592403749
english	sherlock	2	ML	58	0.00013442230854091537
english	sherlock	2	PW	41	9.502266638237121e-05
english	sherlock	2	PC	11	2.5493886102587398e-05
english	sherlock	2	XF	6	1.3905756055956763e-05
english	sherlock	2	HN	68	0.00015759856863417664
english	sherlock	2	PB	28	6.489352826113155e-05
english	sherlock	2	HF	59	0.0001367399345502415
english	sherlock	2	GB	126	0.000292020877175092
english	sherlock	2	LB	167	0.0003870435435574632
english	sherlock	2	YU	81	0.0001877277067554163
english	sherlock	2	GD	68	0.00015759856863417664
english	sherlock	2	KV	8	1.8541008074609016e-05
english	sherlock	2	ZA	11	2.5493886102587398e-05
english	sherlock	2	TV	53	0.00012283417849428472
english	sherlock	2	YY	81	0.0001877277067554163
english	sherlock	2	YN	144	0.0003337381453429623
english	sherlock	2	HV	11	2.5493886102587398e-05
english	sherlock	2	PM	24	5.562302422382705e-05
english	sherlock	2	KR	17	3.939964215854416e-05
english	sherlock	2	IY	11	2.5493886102587398e-05
english	sherlock	2	KC	30	6.952878027978381e-05
english	sherlock	2	FG	38	8.806978835439283e-05
english	sherlock	2	OQ	11	2.5493886102587398e-05
english	sherlock	2	YK	26	6.02582762424793e-05
english	sherlock	2	JE	104	0.0002410331049699172
english	sherlock	2	KF	73	0.00016918669868080726
english	sherlock	2	MG	20	4.635252018652254e-05
english	sherlock	2	CQ	18	4.171726816787029e-05
english	sherlock	2	XD	1	2.317626009326127e-06
english	sherlock	2	BJ	35	8.111691032641444e-05
english	sherlock	2	WJ	1	2.317626009326127e-06
english	sherlock	2	CS	27	6.257590225180543e-05
english	sherlock	2	NQ	47	0.00010892842243832797
english	sherlock	2	GP	62	0.00014369281257821989
english	sherlock	2	HD	44	0.00010197554441034959
english	sherlock	2	LN	72	0.00016686907267148116
english	sherlock	2	AX	20	4.635252018652254e-05
english	sherlock	2	XE	35	8.111691032641444e-05
english	sherlock	2	NR	127	0.0002943385031844181
english	sherlock	2	OJ	14	3.2446764130565776e-05
english	sherlock	2	PY	53	0.00012283417849428472
english	sherlock	2	NX	15	3.4764390139891904e-05
english	sherlock	2	TJ	22	5.0987772205174795e-05
english	sherlock	2	RQ	15	3.4764390139891904e-05
english	sherlock	2	ZI	16	3.708201614921803e-05
english	sherlock	2	IJ	8	1.8541008074609016e-05
english	sherlock	2	UV	12	2.7811512111913526e-05
english	sherlock	2	WB	37	8.57521623450667e-05
english	sherlock	2	OZ	11	2.5493886102587398e-05
english	sherlock	2	BM	13	3.012913812123965e-05
english	sherlock	2	DK	36	8.343453633574058e-05
english	sherlock	2	BD	6	1.3905756055956763e-05
english	sherlock	2	HG	22	5.0987772205174795e-05
english	sherlock	2	BC	3	6.9528780279783815e-06
english	sherlock	2	KG	10	2.317626009326127e-05
english	sherlock	2	GJ	10	2.317626009326127e-05
english	sherlock	2	KY	75	0.00017382195069945953
english	sherlock	2	CM	4	9.270504037304508e-06
english	sherlock	2	UY	28	6.489352826113155e-05
english	sherlock	2	UQ	5	1.1588130046630635e-05
english	sherlock	2	GV	21	4.867014619584867e-05
english	sherlock	2	YQ	19	4.403489417719642e-05
english	sherlock	2	RJ	44	0.00010197554441034959
english	sherlock	2	XW	9	2.0858634083935144e-05
english	sherlock	2	NJ	53	0.00012283417849428472
english	sherlock	2	UO	34	7.879928431708832e-05
english	sherlock	2	OX	32	7.416403229843606e-05
english	sherlock	2	XN	3	6.9528780279783815e-06
english	sherlock	2	LJ	21	4.867014619584867e-05
english	sherlock	2	BN	4	9.270504037304508e-06
english	sherlock	2	WU	30	6.952878027978381e-05
english	sherlock	2	QT	1	2.317626009326127e-06
english	sherlock	2	AA	27	6.257590225180543e-05
english	sherlock	2	MD	40	9.270504037304508e-05
english	sherlock	2	MV	12	2.7811512111913526e-05
english	sherlock	2	EZ	15	3.4764390139891904e-05
english	sherlock	2	ZW	9	2.0858634083935144e-05
english	sherlock	2	IQ	10	2.317626009326127e-05
english	sherlock	2	BW	7	1.6223382065282888e-05
english	sherlock	2	UJ	6	1.3905756055956763e-05
english	sherlock	2	PK	2	4.635252018652254e-06
english	sherlock	2	WV	10	2.317626009326127e-05
english	sherlock	2	HQ	1	2.317626009326127e-06
english	sherlock	2	TQ	22	5.0987772205174795e-05
english	sherlock	2	WK	5	1.1588130046630635e-05
english	sherlock	2	PD	13	3.012913812123965e-05
english	sherlock	2	XO	17	3.939964215854416e-05
english	sherlock	2	UZ	12	2.7811512111913526e-05
english	sherlock	2	ZZ	19	4.403489417719642e-05
english	sherlock	2	ZL	16	3.708201614921803e-05
english	sherlock	2	HJ	6	1.3905756055956763e-05
english	sherlock	2	GK	5	1.1588130046630635e-05
english	sherlock	2	CF	2	4.635252018652254e-06
english	sherlock	2	XU	5	1.1588130046630635e-05
english	sherlock	2	CW	8	1.8541008074609016e-05
english	sherlock	2	PG	3	6.9528780279783815e-06
english	sherlock	2	CB	7	1.6223382065282888e-05
english	sherlock	2	VU	8	1.8541008074609016e-05
english	sherlock	2	MJ	5	1.1588130046630635e-05
english	sherlock	2	VR	1	2.317626009326127e-06
english	sherlock	2	WZ	1	2.317626009326127e-06
english	sherlock	2	FK	6	1.3905756055956763e-05
english	sherlock	2	KJ	4	9.270504037304508e-06
english	sherlock	2	UX	6	1.3905756055956763e-05
english	sherlock	2	GQ	7	1.6223382065282888e-05
english	sherlock	2	LZ	1	2.317626009326127e-06
english	sherlock	2	CD	4	9.270504037304508e-06
english	sherlock	2	HK	4	9.270504037304508e-06
english	sherlock	2	FQ	3	6.9528780279783815e-06
english	sherlock	2	CN	1	2.317626009326127e-06
english	sherlock	2	CP	11	2.5493886102587398e-05
english	sherlock	2	KK	14	3.2446764130565776e-05
english	sherlock	2	NZ	2	4.635252018652254e-06
english	sherlock	2	ZY	2	4.635252018652254e-06
english	sherlock	2	ZT	1	2.317626009326127e-06
english	sherlock	2	PJ	1	2.317626009326127e-06
english	sherlock	2	XL	1	2.317626009326127e-06
english	sherlock	2	XS	6	1.3905756055956763e-05
english	sherlock	2	XK	2	4.635252018652254e-06
english	sherlock	2	XH	4	9.270504037304508e-06
english	sherlock	2	FJ	6	1.3905756055956763e-05
english	sherlock	2	XV	1	2.317626009326127e-06
english	sherlock	2	WG	4	9.270504037304508e-06
english	sherlock	2	MK	5	1.1588130046630635e-05
english	sherlock	2	GZ	1	2.317626009326127e-06
english	sherlock	2	PN	6	1.3905756055956763e-05
english	sherlock	2	XR	2	4.635252018652254e-06
english	sherlock	2	SZ	1	2.317626009326127e-06
english	sherlock	2	ZF	1	2.317626009326127e-06
english	sherlock	2	ZS	1	2.317626009326127e-06
english	sherlock	2	XB	1	2.317626009326127e-06
english	sherlock	2	ZU	1	2.317626009326127e-06
english	sherlock	2	QO	1	2.317626009326127e-06
english	sherlock	2	XQ	1	2.317626009326127e-06
english	sherlock	2	KQ	2	4.635252018652254e-06
english	sherlock	2	ZO	2	4.635252018652254e-06
english	sherlock	2	SX	1	2.317626009326127e-06
english	sherlock	2	YZ	1	2.317626009326127e-06
english	sherlock	2	XY	1	2.317626009326127e-06
french	candide	2	OE	95	0.0006027612811532409
french	candide	2	EU	1415	0.008977970661387747
french	candide	2	UV	327	0.002074767778285366
french	candide	2	VR	112	0.0007106238262017156
french	candide	2	RE	3280	0.02081112633876453
french	candide	2	ES	4222	0.026787980305568244
french	candide	2	SD	1016	0.006446373280544135
french	candide	2	DE	3478	0.022067407745799704
french	candide	2	EV	695	0.004409674635805289
french	candide	2	VO	893	0.005665956042840465
french	candide	2	OL	276	0.0017511801431399421
french	candide	2	LT	72	0.00045682960255824577
french	candide	2	TA	1211	0.0076836201208060504
french	candide	2	AI	2485	0.015766966143850567
french	candide	2	IR	737	0.004676158570630933
french	candide	2	ET	2540	0.016115933201360337
french	candide	2	TO	743	0.004714227704177453
french	candide	2	OM	557	0.003534084564235318
french	candide	2	ME	1547	0.009815491599411197
french	candide	2	EX	202	0.0012816608293995228
french	candide	2	XX	65	0.00041241561342063857
french	candide	2	XI	74	0.0004695193137404193
french	candide	2	II	111	0.0007042789706106289
french	candide	2	ID	744	0.00472057255976854
french	candide	2	EL	1802	0.011433429775138318
french	candide	2	LI	426	0.0027029084818029543
french	candide	2	IM	251	0.0015925587533627734
french	candide	2	MP	218	0.0013831785188569109
french	candide	2	PR	611	0.0038767067661540024
french	candide	2	RI	792	0.005025125628140704
french	candide	2	ER	2222	0.014098269123394751
french	candide	2	IE	1573	0.009980457844779453
french	candide	2	ED	1356	0.00860362418151363
french	candide	2	EA	788	0.004999746205776356
french	candide	2	AF	127	0.0008057966600680169
french	candide	2	FI	271	0.0017194558651845084
french	candide	2	RM	224	0.0014212476524034312
french	candide	2	MI	361	0.0022904928683823156
french	candide	2	IN	1177	0.007467895030709101
french	candide	2	ND	1536	0.009745698187909243
french	candide	2	DI	1297	0.00822927770163951
french	candide	2	DO	413	0.0026204253591188263
french	candide	2	OT	253	0.0016052484645449469
french	candide	2	TR	1217	0.007721689254352571
french	candide	2	RU	204	0.0012943505405816963
french	candide	2	UE	1327	0.008419623369372114
french	candide	2	EJ	334	0.0021191817674229736
french	candide	2	JA	216	0.0013704888076747374
french	candide	2	AC	597	0.003787878787878788
french	candide	2	CO	958	0.006078371656261104
french	candide	2	OB	59	0.00037434647987411805
french	candide	2	BN	5	3.172427795543373e-05
french	candide	2	NO	522	0.003312014618547282
french	candide	2	EP	1054	0.006687477793005431
french	candide	2	EF	420	0.0026648393482564337
french	candide	2	FA	347	0.002201664890107101
french	candide	2	CE	1142	0.007245825085021065
french	candide	2	SA	1217	0.007721689254352571
french	candide	2	AV	828	0.005253540429419826
french	candide	2	VE	794	0.005037815339322877
french	candide	2	RT	572	0.0036292573981016193
french	candide	2	TI	893	0.005665956042840465
french	candide	2	IS	1634	0.010367494035835744
french	candide	2	SS	1131	0.0071760316735191105
french	candide	2	SE	1965	0.012467641236485458
french	candide	2	EM	1503	0.009536317953403381
french	candide	2	EN	3191	0.02024643419115781
french	candide	2	NT	2231	0.014155372823714532
french	candide	2	TS	498	0.0031597380843612
french	candide	2	SN	208	0.0013197299629460434
french	candide	2	TE	2107	0.013368610730419776
french	candide	2	TC	521	0.003305669762956195
french	candide	2	CP	16	0.00010151768945738795
french	candide	2	PA	1098	0.006966651439013248
french	candide	2	AR	1259	0.007988173189178214
french	candide	2	MB	239	0.0015164204862697325
french	candide	2	BE	214	0.0013577990964925638
french	candide	2	UC	185	0.0011737982843510481
french	candide	2	CH	684	0.004339881224303335
french	candide	2	HO	278	0.0017638698543221156
french	candide	2	TT	436	0.0027663570377138218
french	candide	2	RO	826	0.0052408507182376525
french	candide	2	MA	1100	0.006979341150195421
french	candide	2	AN	2218	0.014072889701030404
french	candide	2	NS	1165	0.00739175676361606
french	candide	2	ST	779	0.004942642505456576
french	candide	2	EI	493	0.003128013806405766
french	candide	2	IA	259	0.0016433175980914675
french	candide	2	AP	628	0.003984569311202477
french	candide	2	SC	588	0.0037307750875590073
french	candide	2	HE	439	0.002785391604487082
french	candide	2	EZ	351	0.002227044312471448
french	candide	2	ZL	43	0.00027282879041673014
french	candide	2	LE	3325	0.021096644840363433
french	candide	2	FE	204	0.0012943505405816963
french	candide	2	IB	120	0.0007613826709304097
french	candide	2	BR	145	0.0009200040607075783
french	candide	2	RA	1106	0.007017410283741942
french	candide	2	PE	689	0.004371605502258768
french	candide	2	ON	2384	0.015126135729150805
french	candide	2	NK	2	1.2689711182173493e-05
french	candide	2	KW	1	6.344855591086747e-06
french	candide	2	WE	2	1.2689711182173493e-05
french	candide	2	RD	539	0.0034198771635957567
french	candide	2	TL	571	0.0036229125425105324
french	candide	2	EQ	550	0.0034896705750977106
french	candide	2	QU	2033	0.012899091416679356
french	candide	2	UI	1226	0.007778792954672351
french	candide	2	NF	203	0.0012880056849906096
french	candide	2	IL	1489	0.009447489975128166
french	candide	2	LS	224	0.0014212476524034312
french	candide	2	SR	182	0.0011547637175777878
french	candide	2	DU	514	0.003261255773818588
french	candide	2	UB	89	0.0005646921476067205
french	candide	2	BA	261	0.001656007309273641
french	candide	2	AT	568	0.0036038779757372724
french	candide	2	OI	914	0.005799198010253286
french	candide	2	RN	137	0.0008692452159788843
french	candide	2	NM	147	0.0009326937718897518
french	candide	2	MD	16	0.00010151768945738795
french	candide	2	DC	12	7.613826709304096e-05
french	candide	2	CC	61	0.00038703619105629155
french	candide	2	CX	1	6.344855591086747e-06
french	candide	2	IX	92	0.0005837267143799807
french	candide	2	XC	66	0.0004187604690117253
french	candide	2	CA	898	0.005697680320795899
french	candide	2	EO	154	0.000977107761027359
french	candide	2	OU	2459	0.015601999898482311
french	candide	2	UL	288	0.001827318410232983
french	candide	2	LO	402	0.0025506319476168724
french	candide	2	OP	119	0.0007550378153393229
french	candide	2	PT	57	0.0003616567686919446
french	candide	2	SM	371	0.002353941424293183
french	candide	2	IT	2242	0.014225166235216486
french	candide	2	UR	1682	0.010672047104207908
french	candide	2	RC	277	0.001757524998731029
french	candide	2	HA	373	0.0023666311354753567
french	candide	2	PI	258	0.0016369727425003806
french	candide	2	IC	287	0.0018209735546418962
french	candide	2	MM	393	0.0024935282472970917
french	candide	2	FU	181	0.0011484188619867012
french	candide	2	UT	910	0.00577381858788894
french	candide	2	DA	732	0.004644434292675499
french	candide	2	SU	537	0.003407187452413583
french	candide	2	UN	1104	0.0070047205725597686
french	candide	2	NB	68	0.0004314501801938988
french	candide	2	AU	977	0.006198923912491752
french	candide	2	LF	81	0.0005139333028780265
french	candide	2	AS	680	0.0043145018019389875
french	candide	2	LU	544	0.0034516014415511905
french	candide	2	VI	483	0.0030645652504948987
french	candide	2	SB	170	0.0010786254504847469
french	candide	2	BU	61	0.00038703619105629155
french	candide	2	LG	43	0.00027282879041673014
french	candide	2	GA	168	0.0010659357393025734
french	candide	2	VA	580	0.003680016242830313
french	candide	2	AD	390	0.002474493680523831
french	candide	2	LD	100	0.0006344855591086747
french	candide	2	IV	257	0.001630627886909294
french	candide	2	VC	7	4.4413989137607226e-05
french	candide	2	NC	593	0.003762499365514441
french	candide	2	SO	771	0.004891883660727882
french	candide	2	NA	692	0.004390640069032029
french	candide	2	CI	257	0.001630627886909294
french	candide	2	PH	92	0.0005837267143799807
french	candide	2	HI	86	0.0005456575808334603
french	candide	2	OS	350	0.0022206994568803613
french	candide	2	OC	171	0.0010849703060758337
french	candide	2	CT	91	0.0005773818587888939
french	candide	2	RP	133	0.0008438657936145373
french	candide	2	NG	394	0.002499873102888178
french	candide	2	GL	144	0.0009136592051164915
french	candide	2	DV	19	0.0001205522562306482
french	candide	2	VT	3	1.903456677326024e-05
french	candide	2	UF	45	0.0002855185015989036
french	candide	2	FR	134	0.000850210649205624
french	candide	2	AG	380	0.0024110451246129637
french	candide	2	GE	507	0.0032168417846809806
french	candide	2	BL	294	0.0018653875437795037
french	candide	2	TD	696	0.004416019491396376
french	candide	2	RR	291	0.0018463529770062434
french	candide	2	EE	1007	0.006389269580224354
french	candide	2	UD	238	0.0015100756306786459
french	candide	2	EC	1404	0.008908177249885792
french	candide	2	LA	1601	0.010158113801329883
french	candide	2	AB	363	0.0023031825795644893
french	candide	2	CQ	21	0.00013324196741282168
french	candide	2	TU	417	0.0026458047814831736
french	candide	2	OD	63	0.00039972590223846506
french	candide	2	PO	667	0.00423201867925486
french	candide	2	RL	446	0.0028298055936246892
french	candide	2	TF	96	0.0006091061367443277
french	candide	2	NE	1814	0.011509568042231359
french	candide	2	LL	934	0.005926095122075021
french	candide	2	LR	21	0.00013324196741282168
french	candide	2	IH	10	6.344855591086746e-05
french	candide	2	CU	333	0.002112836911831887
french	candide	2	EG	346	0.0021953200345160143
french	candide	2	GO	221	0.001402213085630171
french	candide	2	UG	61	0.00038703619105629155
french	candide	2	GR	163	0.0010342114613471397
french	candide	2	NQ	149	0.0009453834830719253
french	candide	2	SI	855	0.005424851530379168
french	candide	2	NJ	95	0.0006027612811532409
french	candide	2	JU	85	0.0005393127252423734
french	candide	2	IF	111	0.0007042789706106289
french	candide	2	FC	5	3.172427795543373e-05
french	candide	2	XD	58	0.0003680016242830313
french	candide	2	SQ	373	0.0023666311354753567
french	candide	2	XE	83	0.0005266230140602
french	candide	2	RQ	128	0.0008121415156591036
french	candide	2	AL	685	0.004346226079894422
french	candide	2	LH	67	0.000425105324602812
french	candide	2	RS	603	0.0038259479214253086
french	candide	2	IG	176	0.0011166945840312675
french	candide	2	AM	631	0.004003603877975737
french	candide	2	BO	295	0.0018717323993705903
french	candide	2	OF	55	0.0003489670575097711
french	candide	2	US	1275	0.008089690878635602
french	candide	2	SJ	153	0.0009707629054362723
french	candide	2	JE	537	0.003407187452413583
french	candide	2	UP	302	0.0019161463885081975
french	candide	2	GU	110	0.0006979341150195422
french	candide	2	UA	303	0.0019224912440992843
french	candide	2	XV	63	0.00039972590223846506
french	candide	2	UX	429	0.0027219430485762143
french	candide	2	OY	152	0.0009644180498451856
french	candide	2	YA	196	0.0012435916958530024
french	candide	2	CD	23	0.0001459316785949952
french	candide	2	XF	31	0.00019669052332368914
french	candide	2	XS	24	0.00015227653418608191
french	candide	2	OR	608	0.0038576721993807423
french	candide	2	NV	200	0.0012689711182173494
french	candide	2	AY	124	0.0007867620932947566
french	candide	2	YS	81	0.0005139333028780265
french	candide	2	SY	49	0.0003108979239632506
french	candide	2	YV	5	3.172427795543373e-05
french	candide	2	SV	189	0.0011991777067153952
french	candide	2	SL	621	0.0039401553220648694
french	candide	2	AA	68	0.0004314501801938988
french	candide	2	NN	473	0.003001116694584031
french	candide	2	CM	18	0.00011420740063956144
french	candide	2	TM	235	0.0014910410639053856
french	candide	2	PP	117	0.0007423481041571494
french	candide	2	AE	84	0.0005329678696512867
french	candide	2	VD	4	2.5379422364346987e-05
french	candide	2	AQ	103	0.000653520125881935
french	candide	2	GI	79	0.000501243591695853
french	candide	2	FL	49	0.0003108979239632506
french	candide	2	VV	6	3.806913354652048e-05
french	candide	2	GN	161	0.0010215217501649662
french	candide	2	NI	306	0.0019415258108725446
french	candide	2	CS	25	0.00015862138977716867
french	candide	2	TQ	299	0.0018971118217349374
french	candide	2	PL	384	0.0024364245469773106
french	candide	2	CL	105	0.0006662098370641084
french	candide	2	IO	239	0.0015164204862697325
french	candide	2	NP	244	0.0015481447642251662
french	candide	2	UM	161	0.0010215217501649662
french	candide	2	MO	723	0.004587330592355718
french	candide	2	LV	35	0.00022206994568803613
french	candide	2	YE	154	0.000977107761027359
french	candide	2	NU	127	0.0008057966600680169
french	candide	2	CR	179	0.0011357291508045278
french	candide	2	DR	178	0.001129384295213441
french	candide	2	TP	418	0.00265214963707426
french	candide	2	PU	103	0.000653520125881935
french	candide	2	DY	3	1.903456677326024e-05
french	candide	2	YM	8	5.0758844728693974e-05
french	candide	2	UU	36	0.00022841480127912289
french	candide	2	LQ	115	0.0007296583929749759
french	candide	2	PD	25	0.00015862138977716867
french	candide	2	SP	596	0.003781533932287701
french	candide	2	SF	170	0.0010786254504847469
french	candide	2	TV	110	0.0006979341150195422
french	candide	2	LN	115	0.0007296583929749759
french	candide	2	EH	94	0.0005964164255621542
french	candide	2	TH	93	0.0005900715699710675
french	candide	2	IU	24	0.00015227653418608191
french	candide	2	JO	167	0.0010595908837114868
french	candide	2	CY	3	1.903456677326024e-05
french	candide	2	YC	5	3.172427795543373e-05
french	candide	2	IQ	159	0.0010088320389827928
french	candide	2	UJ	96	0.0006091061367443277
french	candide	2	NL	136	0.0008629003603877976
french	candide	2	UO	147	0.0009326937718897518
french	candide	2	FO	187	0.0011864879955332216
french	candide	2	DM	20	0.00012689711182173492
french	candide	2	TG	15	9.517283386630121e-05
french	candide	2	LC	35	0.00022206994568803613
french	candide	2	OW	1	6.344855591086747e-06
french	candide	2	WI	2	1.2689711182173493e-05
french	candide	2	CK	18	0.00011420740063956144
french	candide	2	KY	1	6.344855591086747e-06
french	candide	2	XP	58	0.0003680016242830313
french	candide	2	DD	25	0.00015862138977716867
french	candide	2	NR	70	0.00044413989137607226
french	candide	2	GM	6	3.806913354652048e-05
french	candide	2	OV	36	0.00022841480127912289
french	candide	2	UH	10	6.344855591086746e-05
french	candide	2	MN	5	3.172427795543373e-05
french	candide	2	AO	16	0.00010151768945738795
french	candide	2	TB	108	0.0006852444038373687
french	candide	2	LM	51	0.00032358763514542407
french	candide	2	KO	1	6.344855591086747e-06
french	candide	2	SH	90	0.0005710370031978072
french	candide	2	SG	75	0.000475864169331506
french	candide	2	EB	254	0.0016115933201360337
french	candide	2	XH	11	6.979341150195422e-05
french	candide	2	HU	50	0.00031724277955433734
french	candide	2	RV	98	0.0006217958479265012
french	candide	2	XA	52	0.00032993249073651085
french	candide	2	MS	4	2.5379422364346987e-05
french	candide	2	NX	4	2.5379422364346987e-05
french	candide	2	EY	10	6.344855591086746e-05
french	candide	2	YD	3	1.903456677326024e-05
french	candide	2	VU	57	0.0003616567686919446
french	candide	2	YO	5	3.172427795543373e-05
french	candide	2	AJ	51	0.00032358763514542407
french	candide	2	JJ	3	1.903456677326024e-05
french	candide	2	JR	3	1.903456677326024e-05
french	candide	2	LB	10	6.344855591086746e-05
french	candide	2	XM	56	0.0003553119131008578
french	candide	2	EW	2	1.2689711182173493e-05
french	candide	2	RG	79	0.000501243591695853
french	candide	2	GD	4	2.5379422364346987e-05
french	candide	2	GT	44	0.00027917364600781687
french	candide	2	TN	83	0.0005266230140602
french	candide	2	FM	1	6.344855591086747e-06
french	candide	2	DL	22	0.00013958682300390843
french	candide	2	KS	1	6.344855591086747e-06
french	candide	2	EK	4	2.5379422364346987e-05
french	candide	2	KE	4	2.5379422364346987e-05
french	candide	2	HL	6	3.806913354652048e-05
french	candide	2	MC	3	1.903456677326024e-05
french	candide	2	XN	11	6.979341150195422e-05
french	candide	2	ML	10	6.344855591086746e-05
french	candide	2	LP	68	0.0004314501801938988
french	candide	2	LY	61	0.00038703619105629155
french	candide	2	KH	11	6.979341150195422e-05
french	candide	2	HY	22	0.00013958682300390843
french	candide	2	ZD	35	0.00022206994568803613
french	candide	2	TJ	111	0.0007042789706106289
french	candide	2	PC	5	3.172427795543373e-05
french	candide	2	NZ	13	8.248312268412771e-05
french	candide	2	ZE	43	0.00027282879041673014
french	candide	2	RB	38	0.0002411045124612964
french	candide	2	OG	35	0.00022206994568803613
french	candide	2	PS	86	0.0005456575808334603
french	candide	2	AW	1	6.344855591086747e-06
french	candide	2	IP	141	0.0008946246383432314
french	candide	2	RF	43	0.00027282879041673014
french	candide	2	BP	3	1.903456677326024e-05
french	candide	2	NY	48	0.00030455306837216383
french	candide	2	FF	105	0.0006662098370641084
french	candide	2	ZB	10	6.344855591086746e-05
french	candide	2	BI	222	0.0014085579412212578
french	candide	2	ZO	7	4.4413989137607226e-05
french	candide	2	DB	8	5.0758844728693974e-05
french	candide	2	XL	26	0.00016496624536825542
french	candide	2	XQ	36	0.00022841480127912289
french	candide	2	ZT	32	0.0002030353789147759
french	candide	2	WT	1	6.344855591086747e-06
french	candide	2	BC	9	5.710370031978072e-05
french	candide	2	XT	39	0.0002474493680523831
french	candide	2	AH	39	0.0002474493680523831
french	candide	2	NH	62	0.0003933810466473783
french	candide	2	DP	30	0.00019034566773260241
french	candide	2	CV	7	4.4413989137607226e-05
french	candide	2	BS	20	0.00012689711182173492
french	candide	2	HP	3	1.903456677326024e-05
french	candide	2	DS	74	0.0004695193137404193
french	candide	2	GH	2	1.2689711182173493e-05
french	candide	2	FT	1	6.344855591086747e-06
french	candide	2	BK	1	6.344855591086747e-06
french	candide	2	KD	3	1.903456677326024e-05
french	candide	2	IK	1	6.344855591086747e-06
french	candide	2	FN	2	1.2689711182173493e-05
french	candide	2	DH	32	0.0002030353789147759
french	candide	2	HM	19	0.0001205522562306482
french	candide	2	ZV	60	0.00038069133546520483
french	candide	2	QP	4	2.5379422364346987e-05
french	candide	2	ZR	12	7.613826709304096e-05
french	candide	2	XO	8	5.0758844728693974e-05
french	candide	2	OH	11	6.979341150195422e-05
french	candide	2	LJ	12	7.613826709304096e-05
french	candide	2	ZP	34	0.0002157250900969494
french	candide	2	RJ	46	0.0002918633571899904
french	candide	2	IJ	63	0.00039972590223846506
french	candide	2	HT	5	3.172427795543373e-05
french	candide	2	PB	1	6.344855591086747e-06
french	candide	2	UZ	13	8.248312268412771e-05
french	candide	2	BD	3	1.903456677326024e-05
french	candide	2	UQ	53	0.0003362773463275976
french	candide	2	UY	16	0.00010151768945738795
french	candide	2	MU	45	0.0002855185015989036
french	candide	2	FS	15	9.517283386630121e-05
french	candide	2	BT	4	2.5379422364346987e-05
french	candide	2	DG	2	1.2689711182173493e-05
french	candide	2	OQ	28	0.0001776559565504289
french	candide	2	XR	13	8.248312268412771e-05
french	candide	2	HR	13	8.248312268412771e-05
french	candide	2	XY	1	6.344855591086747e-06
french	candide	2	IY	2	1.2689711182173493e-05
french	candide	2	FD	8	5.0758844728693974e-05
french	candide	2	HB	10	6.344855591086746e-05
french	candide	2	RH	10	6.344855591086746e-05
french	candide	2	DN	8	5.0758844728693974e-05
french	candide	2	ZC	15	9.517283386630121e-05
french	candide	2	MT	3	1.903456677326024e-05
french	candide	2	DT	5	3.172427795543373e-05
french	candide	2	BV	3	1.903456677326024e-05
french	candide	2	XJ	17	0.0001078625450484747
french	candide	2	PQ	1	6.344855591086747e-06
french	candide	2	YN	5	3.172427795543373e-05
french	candide	2	ZA	24	0.00015227653418608191
french	candide	2	ZM	25	0.00015862138977716867
french	candide	2	BQ	2	1.2689711182173493e-05
french	candide	2	OO	4	2.5379422364346987e-05
french	candide	2	YF	10	6.344855591086746e-05
french	candide	2	SX	13	8.248312268412771e-05
french	candide	2	VB	6	3.806913354652048e-05
french	candide	2	XB	6	3.806913354652048e-05
french	candide	2	DF	2	1.2689711182173493e-05
french	candide	2	ZS	11	6.979341150195422e-05
french	candide	2	ZJ	7	4.4413989137607226e-05
french	candide	2	PV	3	1.903456677326024e-05
french	candide	2	JY	7	4.4413989137607226e-05
french	candide	2	DQ	7	4.4413989137607226e-05
french	candide	2	XU	4	2.5379422364346987e-05
french	candide	2	CG	1	6.344855591086747e-06
french	candide	2	FP	2	1.2689711182173493e-05
french	candide	2	HJ	1	6.344855591086747e-06
french	candide	2	BB	28	0.0001776559565504289
french	candide	2	MY	5	3.172427795543373e-05
french	candide	2	YI	3	1.903456677326024e-05
french	candide	2	DJ	12	7.613826709304096e-05
french	candide	2	CB	3	1.903456677326024e-05
french	candide	2	BY	5	3.172427795543373e-05
french	candide	2	YL	9	5.710370031978072e-05
french	candide	2	GP	1	6.344855591086747e-06
french	candide	2	ZQ	14	8.882797827521445e-05
french	candide	2	ZN	5	3.172427795543373e-05
french	candide	2	RZ	4	2.5379422364346987e-05
french	candide	2	JI	3	1.903456677326024e-05
french	candide	2	MH	1	6.344855591086747e-06
french	candide	2	BJ	7	4.4413989137607226e-05
french	candide	2	CN	2	1.2689711182173493e-05
french	candide	2	GQ	1	6.344855591086747e-06
french	candide	2	QA	2	1.2689711182173493e-05
french	candide	2	YT	4	2.5379422364346987e-05
french	candide	2	CF	2	1.2689711182173493e-05
french	candide	2	YU	1	6.344855591086747e-06
french	candide	2	YR	26	0.00016496624536825542
french	candide	2	AZ	5	3.172427795543373e-05
french	candide	2	TY	12	7.613826709304096e-05
french	candide	2	KA	4	2.5379422364346987e-05
french	candide	2	MJ	2	1.2689711182173493e-05
french	candide	2	RY	2	1.2689711182173493e-05
french	candide	2	KJ	2	1.2689711182173493e-05
french	candide	2	ZI	6	3.806913354652048e-05
french	candide	2	OA	15	9.517283386630121e-05
french	candide	2	ZF	4	2.5379422364346987e-05
french	candide	2	YP	9	5.710370031978072e-05
french	candide	2	ZU	7	4.4413989137607226e-05
french	candide	2	HV	3	1.903456677326024e-05
french	candide	2	OJ	5	3.172427795543373e-05
french	candide	2	GY	2	1.2689711182173493e-05
french	candide	2	HQ	4	2.5379422364346987e-05
french	candide	2	IZ	8	5.0758844728693974e-05
french	candide	2	XG	10	6.344855591086746e-05
french	candide	2	QO	5	3.172427795543373e-05
french	candide	2	MV	3	1.903456677326024e-05
french	candide	2	GV	1	6.344855591086747e-06
french	candide	2	HD	8	5.0758844728693974e-05
french	candide	2	HS	1	6.344855591086747e-06
french	candide	2	GF	5	3.172427795543373e-05
french	candide	2	VP	2	1.2689711182173493e-05
french	candide	2	BM	3	1.903456677326024e-05
french	candide	2	MQ	2	1.2689711182173493e-05
french	candide	2	VH	1	6.344855591086747e-06
french	candide	2	TZ	2	1.2689711182173493e-05
french	candide	2	RK	1	6.344855591086747e-06
french	candide	2	KC	2	1.2689711182173493e-05
french	candide	2	GS	2	1.2689711182173493e-05
french	candide	2	CJ	2	1.2689711182173493e-05
french	candide	2	YJ	1	6.344855591086747e-06
french	candide	2	ZG	3	1.903456677326024e-05
french	candide	2	BF	3	1.903456677326024e-05
french	candide	2	OX	2	1.2689711182173493e-05
french	candide	2	SK	7	4.4413989137607226e-05
french	candide	2	AX	3	1.903456677326024e-05
french	candide	2	QC	1	6.344855591086747e-06
french	candide	2	KL	2	1.2689711182173493e-05
french	candide	2	BH	2	1.2689711182173493e-05
french	candide	2	GC	1	6.344855591086747e-06
french	candide	2	PY	2	1.2689711182173493e-05
french	candide	2	YG	2	1.2689711182173493e-05
french	candide	2	HC	1	6.344855591086747e-06
french	candide	2	CZ	1	6.344855591086747e-06
french	candide	2	KI	4	2.5379422364346987e-05
french	candide	2	QR	1	6.344855591086747e-06
french	candide	2	PX	1	6.344855591086747e-06
french	candide	2	PM	1	6.344855591086747e-06
french	candide	2	FJ	1	6.344855591086747e-06
french	candide	2	FQ	1	6.344855591086747e-06
french	candide	2	UK	1	6.344855591086747e-06
french	candide	2	AK	1	6.344855591086747e-06
french	candide	2	KP	1	6.344855591086747e-06
french	candide	2	OK	1	6.344855591086747e-06
french	candide	2	MF	1	6.344855591086747e-06
french	madame_bovary	2	PR	2016	0.003930774690178523
french	madame_bovary	2	RO	2173	0.004236891568332306
french	madame_bovary	2	OD	107	0.00020862742651245135
french	madame_bovary	2	DU	1402	0.002733604224022961
french	madame_bovary	2	UC	774	0.0015091367114078258
french	madame_bovary	2	CE	5085	0.009914677231923507
french	madame_bovary	2	ED	4209	0.008206662039167362
french	madame_bovary	2	DB	15	2.9246835492399722e-05
french	madame_bovary	2	BY	10	1.949789032826648e-05
french	madame_bovary	2	YW	1	1.9497890328266482e-06
french	madame_bovary	2	WW	2	3.8995780656532965e-06
french	madame_bovary	2	WE	3	5.849367098479944e-06
french	madame_bovary	2	EB	868	0.0016924168804935307
french	madame_bovary	2	BO	811	0.0015812789056224117
french	madame_bovary	2	OO	7	1.3648523229786536e-05
french	madame_bovary	2	OK	1	1.9497890328266482e-06
french	madame_bovary	2	KS	2	3.8995780656532965e-06
french	madame_bovary	2	SG	262	0.0005108447266005818
french	madame_bovary	2	GR	579	0.0011289278500066294
french	madame_bovary	2	RA	3636	0.007089432923357693
french	madame_bovary	2	AT	2188	0.004266138403824706
french	madame_bovary	2	TU	1391	0.0027121565446618675
french	madame_bovary	2	UI	4268	0.008321699592104135
french	madame_bovary	2	IT	8861	0.017277080619876928
french	madame_bovary	2	TS	1959	0.0038196367153074035
french	madame_bovary	2	SC	1712	0.0033380388241992217
french	madame_bovary	2	CO	3139	0.006120387774042849
french	madame_bovary	2	OM	2355	0.004591753172306756
french	madame_bovary	2	MA	3040	0.005927358659793011
french	madame_bovary	2	AN	6288	0.012260273438413963
french	madame_bovary	2	ND	2834	0.005525702119030721
french	madame_bovary	2	DC	57	0.00011113797487111895
french	madame_bovary	2	CH	2804	0.005467208448045922
french	madame_bovary	2	HU	219	0.00042700379818903593
french	madame_bovary	2	CK	2	3.8995780656532965e-06
french	madame_bovary	2	KG	1	1.9497890328266482e-06
french	madame_bovary	2	RE	10574	0.02061706923310898
french	madame_bovary	2	EI	2087	0.004069209711509215
french	madame_bovary	2	IF	356	0.0006941248956862867
french	madame_bovary	2	FV	2	3.8995780656532965e-06
french	madame_bovary	2	VI	1490	0.002905185658911706
french	madame_bovary	2	IC	880	0.0017158143488874504
french	madame_bovary	2	CT	413	0.0008052628705574057
french	madame_bovary	2	TO	2262	0.004410422792253878
french	madame_bovary	2	OR	1978	0.00385668270693111
french	madame_bovary	2	RH	25	4.8744725820666204e-05
french	madame_bovary	2	UG	222	0.0004328531652875159
french	madame_bovary	2	GO	151	0.00029441814395682385
french	madame_bovary	2	OL	888	0.0017314126611500636
french	madame_bovary	2	LE	11127	0.021695302568262114
french	madame_bovary	2	ES	13129	0.025598780211981063
french	madame_bovary	2	SM	787	0.0015344839688345721
french	madame_bovary	2	MI	1158	0.0022578557000132587
french	madame_bovary	2	IS	4801	0.009360937146600738
french	madame_bovary	2	SE	6771	0.013202021541269234
french	madame_bovary	2	ER	7192	0.014022882724089254
french	madame_bovary	2	AB	1024	0.001996583969614488
french	madame_bovary	2	BL	1144	0.0022305586535536857
french	madame_bovary	2	ST	2832	0.005521802540965067
french	madame_bovary	2	ME	5342	0.010415773013359955
french	madame_bovary	2	FA	1913	0.003729946419797378
french	madame_bovary	2	NT	7702	0.015017275130830844
french	madame_bovary	2	TI	3415	0.006658529547103003
french	madame_bovary	2	IN	4107	0.008007783557819044
french	madame_bovary	2	NE	6220	0.012127687784181752
french	madame_bovary	2	ET	8994	0.017536402561242875
french	madame_bovary	2	TA	4656	0.009078217736840874
french	madame_bovary	2	DE	9328	0.018187632098206973
french	madame_bovary	2	IE	5347	0.010425521958524088
french	madame_bovary	2	SL	2081	0.004057510977312255
french	madame_bovary	2	LI	1717	0.0033477877693633548
french	madame_bovary	2	IV	774	0.0015091367114078258
french	madame_bovary	2	VR	531	0.00103533797643095
french	madame_bovary	2	EP	3618	0.007054336720766813
french	madame_bovary	2	EM	4939	0.009630008033130815
french	madame_bovary	2	RU	770	0.0015013375552765192
french	madame_bovary	2	UN	3511	0.0068457092942543615
french	madame_bovary	2	NJ	187	0.0003646105491385832
french	madame_bovary	2	JU	253	0.000493296625305142
french	madame_bovary	2	US	3237	0.00631146709925986
french	madame_bovary	2	TE	8066	0.015726998338779743
french	madame_bovary	2	EC	4858	0.009472075121471857
french	madame_bovary	2	HA	1459	0.0028447421988940795
french	madame_bovary	2	AP	2008	0.00391517637791591
french	madame_bovary	2	PI	637	0.001242015613910575
french	madame_bovary	2	TR	3423	0.006674127859365617
french	madame_bovary	2	IM	839	0.0016358729985415578
french	madame_bovary	2	MO	1907	0.003718247685600418
french	madame_bovary	2	ON	7177	0.013993635888596853
french	madame_bovary	2	NS	4212	0.008212511406265843
french	madame_bovary	2	SI	2763	0.005387267097700029
french	madame_bovary	2	EU	4953	0.009657305079590388
french	madame_bovary	2	UR	5198	0.010135003392632918
french	madame_bovary	2	RM	845	0.0016475717327385177
french	madame_bovary	2	MY	142	0.00027687004266138405
french	madame_bovary	2	YR	82	0.00015988270069178514
french	madame_bovary	2	RI	2873	0.00560174389131096
french	madame_bovary	2	EL	6953	0.013556883145243684
french	madame_bovary	2	LC	176	0.0003431628697774901
french	madame_bovary	2	II	224	0.00043675274335316916
french	madame_bovary	2	LD	311	0.0006063843892090876
french	madame_bovary	2	EV	2683	0.005231283975073897
french	madame_bovary	2	EN	10037	0.019570032522481066
french	madame_bovary	2	TM	569	0.0011094299596783627
french	madame_bovary	2	IG	770	0.0015013375552765192
french	madame_bovary	2	GN	616	0.0012010700442212153
french	madame_bovary	2	RB	193	0.0003763092833355431
french	madame_bovary	2	BI	613	0.0011952206771227354
french	madame_bovary	2	NV	758	0.0014779400868825993
french	madame_bovary	2	VE	3233	0.006303667943128553
french	madame_bovary	2	NU	589	0.0011484257403348958
french	madame_bovary	2	IA	746	0.0014545426184886796
french	madame_bovary	2	EQ	2070	0.0040360632979511615
french	madame_bovary	2	QU	6555	0.012780867110178678
french	madame_bovary	2	UE	4378	0.008536176385715065
french	madame_bovary	2	HE	1759	0.003429678908742074
french	madame_bovary	2	VL	6	1.1698734196959889e-05
french	madame_bovary	2	SO	3064	0.00597415359658085
french	madame_bovary	2	OE	257	0.0005010957814364485
french	madame_bovary	2	UV	1005	0.0019595379779907816
french	madame_bovary	2	SS	3152	0.006145735031469595
french	madame_bovary	2	MB	698	0.0013609527449130003
french	madame_bovary	2	LA	6891	0.013435996225208432
french	madame_bovary	2	SA	4207	0.00820276246110171
french	madame_bovary	2	AU	3098	0.006040446423696956
french	madame_bovary	2	UX	1382	0.0026946084433664276
french	madame_bovary	2	XP	188	0.00036656033817140986
french	madame_bovary	2	PA	3200	0.006239324905045274
french	madame_bovary	2	AR	3710	0.007233717311786864
french	madame_bovary	2	VQ	2	3.8995780656532965e-06
french	madame_bovary	2	UF	288	0.0005615392414540746
french	madame_bovary	2	AI	9755	0.019020192015223952
french	madame_bovary	2	TD	2559	0.004989510135003393
french	madame_bovary	2	RT	1769	0.0034491767990703407
french	madame_bovary	2	OP	256	0.000499145992403622
french	madame_bovary	2	PL	1243	0.0024235877678035235
french	madame_bovary	2	LO	1325	0.002583470468495309
french	madame_bovary	2	NG	757	0.0014759902978497726
french	madame_bovary	2	GT	108	0.000210577215545278
french	madame_bovary	2	MP	928	0.0018094042224631294
french	madame_bovary	2	PS	248	0.00048354768014100875
french	madame_bovary	2	OU	7357	0.01434459791450565
french	madame_bovary	2	UT	2929	0.005710932077149252
french	madame_bovary	2	IP	354	0.0006902253176206334
french	madame_bovary	2	RQ	369	0.0007194721531130332
french	madame_bovary	2	IL	5589	0.010897370904468136
french	madame_bovary	2	LF	272	0.0005303426169288483
french	madame_bovary	2	TG	161	0.00031391603428509036
french	madame_bovary	2	GA	621	0.0012108189893853486
french	madame_bovary	2	RD	1706	0.003326340090002262
french	madame_bovary	2	RS	1647	0.0032113025370654894
french	madame_bovary	2	AM	1756	0.0034238295416435943
french	madame_bovary	2	NC	2093	0.0040809084457061745
french	madame_bovary	2	CR	684	0.0013336556984534273
french	madame_bovary	2	AV	3169	0.006178881445027648
french	madame_bovary	2	VA	2481	0.004837426590442914
french	madame_bovary	2	TT	1763	0.003437478064873381
french	madame_bovary	2	PH	155	0.0003022173000881305
french	madame_bovary	2	HI	356	0.0006941248956862867
french	madame_bovary	2	OS	894	0.0017431113953470234
french	madame_bovary	2	EA	3120	0.006083341782419142
french	madame_bovary	2	SB	389	0.0007584679337695661
french	madame_bovary	2	OI	2897	0.005648538828098799
french	madame_bovary	2	IR	2565	0.005001208869200352
french	madame_bovary	2	IX	332	0.0006473299588984472
french	madame_bovary	2	XL	80	0.00015598312262613185
french	madame_bovary	2	EF	1624	0.0031664573893104768
french	madame_bovary	2	FR	536	0.0010450869215950834
french	madame_bovary	2	AC	1958	0.0038176869262745773
french	madame_bovary	2	RL	1518	0.002959779751830852
french	madame_bovary	2	AS	2738	0.005338522371879362
french	madame_bovary	2	RC	934	0.0018211029566600895
french	madame_bovary	2	EX	325	0.0006336814356686606
french	madame_bovary	2	EE	3599	0.007017290729143107
french	madame_bovary	2	NP	665	0.001296609706829721
french	madame_bovary	2	LU	1724	0.0033614362925931413
french	madame_bovary	2	UM	588	0.0011464759513020691
french	madame_bovary	2	NN	1285	0.0025054789071822427
french	madame_bovary	2	XI	137	0.00026712109749725077
french	madame_bovary	2	IU	74	0.00014428438842917197
french	madame_bovary	2	IO	1162	0.002265654856144565
french	madame_bovary	2	UD	728	0.0014194464158978
french	madame_bovary	2	OY	376	0.0007331206763428197
french	madame_bovary	2	YA	697	0.0013590029558801738
french	madame_bovary	2	TC	1371	0.0026731607640053346
french	madame_bovary	2	VC	5	9.74894516413324e-06
french	madame_bovary	2	LP	251	0.0004893970472394887
french	madame_bovary	2	PE	2287	0.004459167518074544
french	madame_bovary	2	TL	2172	0.00423494177929948
french	madame_bovary	2	JO	545	0.0010626350228905232
french	madame_bovary	2	LL	3148	0.006137935875338289
french	madame_bovary	2	AL	2793	0.0054457607686848285
french	madame_bovary	2	AG	927	0.001807454433430303
french	madame_bovary	2	GE	1549	0.003020223211848478
french	madame_bovary	2	IH	26	5.069451485349285e-05
french	madame_bovary	2	OB	224	0.00043675274335316916
french	madame_bovary	2	BE	635	0.0012381160358449215
french	madame_bovary	2	VD	3	5.849367098479944e-06
french	madame_bovary	2	LS	760	0.0014818396649482527
french	madame_bovary	2	SU	1723	0.0033594865035603146
french	madame_bovary	2	SF	547	0.0010665346009561766
french	madame_bovary	2	SD	2447	0.004771133763326808
french	madame_bovary	2	PO	2143	0.004178397897347507
french	madame_bovary	2	VT	6	1.1698734196959889e-05
french	madame_bovary	2	NQ	466	0.000908601689297218
french	madame_bovary	2	IJ	131	0.0002554223633002909
french	madame_bovary	2	JE	1427	0.002782348949843627
french	madame_bovary	2	LJ	244	0.0004757485240097021
french	madame_bovary	2	DA	2376	0.004632698741996116
french	madame_bovary	2	SP	1706	0.003326340090002262
french	madame_bovary	2	BR	787	0.0015344839688345721
french	madame_bovary	2	XN	48	9.358987357567911e-05
french	madame_bovary	2	NO	1270	0.002476232071689843
french	madame_bovary	2	XG	40	7.799156131306593e-05
french	madame_bovary	2	FS	25	4.8744725820666204e-05
french	madame_bovary	2	LH	390	0.0007604177228023928
french	madame_bovary	2	HO	1093	0.0021311194128795265
french	madame_bovary	2	MM	1788	0.003486222790694047
french	madame_bovary	2	RV	352	0.0006863257395549802
french	madame_bovary	2	NL	447	0.0008715556976735117
french	madame_bovary	2	ID	925	0.0018035548553646495
french	madame_bovary	2	DO	961	0.001873747260546409
french	madame_bovary	2	UB	456	0.0008891037989689516
french	madame_bovary	2	UA	887	0.001729462872117237
french	madame_bovary	2	UO	389	0.0007584679337695661
french	madame_bovary	2	IQ	394	0.0007682168789336994
french	madame_bovary	2	AQ	320	0.0006239324905045274
french	madame_bovary	2	TH	465	0.0009066519002643914
french	madame_bovary	2	YE	469	0.0009144510563956979
french	madame_bovary	2	XQ	120	0.00023397468393919778
french	madame_bovary	2	EZ	824	0.001606626163049158
french	madame_bovary	2	ZB	26	5.069451485349285e-05
french	madame_bovary	2	BA	668	0.001302459073928201
french	madame_bovary	2	EO	589	0.0011484257403348958
french	madame_bovary	2	UL	956	0.0018639983153822756
french	madame_bovary	2	AD	1301	0.0025366755317074692
french	madame_bovary	2	XF	84	0.00016378227875743845
french	madame_bovary	2	FI	780	0.0015208354456047856
french	madame_bovary	2	AJ	247	0.0004815978911081821
french	madame_bovary	2	NF	715	0.0013940991584710533
french	madame_bovary	2	TQ	1047	0.002041429117369501
french	madame_bovary	2	LQ	411	0.0008013632924917524
french	madame_bovary	2	FO	774	0.0015091367114078258
french	madame_bovary	2	NR	284	0.0005537400853227681
french	madame_bovary	2	SQ	1113	0.0021701151935360594
french	madame_bovary	2	GU	359	0.0006999742627847667
french	madame_bovary	2	CI	854	0.0016651198340339576
french	madame_bovary	2	OG	96	0.00018717974715135822
french	madame_bovary	2	SV	482	0.0009397983138224444
french	madame_bovary	2	RR	1020	0.001988784813483181
french	madame_bovary	2	OT	620	0.001208869200352522
french	madame_bovary	2	SN	398	0.0007760160350650059
french	madame_bovary	2	ZL	97	0.00018912953618418487
french	madame_bovary	2	AF	665	0.001296609706829721
french	madame_bovary	2	FF	522	0.0010177898751355103
french	madame_bovary	2	VM	4	7.799156131306593e-06
french	madame_bovary	2	VV	2	3.8995780656532965e-06
french	madame_bovary	2	CL	436	0.0008501080183124186
french	madame_bovary	2	IZ	31	6.0443460017626094e-05
french	madame_bovary	2	ZO	25	4.8744725820666204e-05
french	madame_bovary	2	TJ	346	0.0006746270053580203
french	madame_bovary	2	JA	645	0.0012576139261731881
french	madame_bovary	2	DI	2373	0.004626849374897636
french	madame_bovary	2	NI	983	0.001916642619268595
french	madame_bovary	2	RN	439	0.0008559573854108986
french	madame_bovary	2	QF	5	9.74894516413324e-06
french	madame_bovary	2	CS	153	0.00029831772202247716
french	madame_bovary	2	XS	102	0.0001988784813483181
french	madame_bovary	2	CC	335	0.0006531793259969271
french	madame_bovary	2	HR	25	4.8744725820666204e-05
french	madame_bovary	2	IB	330	0.0006434303808327939
french	madame_bovary	2	MU	178	0.00034706244784314335
french	madame_bovary	2	EJ	899	0.0017528603405111568
french	madame_bovary	2	PT	202	0.00039385738463098294
french	madame_bovary	2	PM	49	9.553966260850576e-05
french	madame_bovary	2	CA	1119	0.002181813927733019
french	madame_bovary	2	FL	222	0.0004328531652875159
french	madame_bovary	2	VF	2	3.8995780656532965e-06
french	madame_bovary	2	DL	76	0.00014818396649482525
french	madame_bovary	2	VB	2	3.8995780656532965e-06
french	madame_bovary	2	SR	444	0.0008657063305750318
french	madame_bovary	2	VO	2279	0.004443569205811931
french	madame_bovary	2	DS	174	0.0003392632917118368
french	madame_bovary	2	XU	21	4.094556968935961e-05
french	madame_bovary	2	SY	171	0.0003334139246133568
french	madame_bovary	2	YS	199	0.00038800801753250297
french	madame_bovary	2	EG	848	0.0016534210998369976
french	madame_bovary	2	EH	390	0.0007604177228023928
french	madame_bovary	2	UP	804	0.0015676303823926251
french	madame_bovary	2	PC	22	4.289535872218626e-05
french	madame_bovary	2	LM	149	0.0002905185658911706
french	madame_bovary	2	XC	158	0.0003080666671866104
french	madame_bovary	2	DR	521	0.0010158400861026836
french	madame_bovary	2	NA	2162	0.004215443888971214
french	madame_bovary	2	NM	447	0.0008715556976735117
french	madame_bovary	2	MC	15	2.9246835492399722e-05
french	madame_bovary	2	DD	88	0.00017158143488874505
french	madame_bovary	2	XA	172	0.00033536371364618347
french	madame_bovary	2	NZ	38	7.409198324741263e-05
french	madame_bovary	2	ZE	132	0.00025737215233311754
french	madame_bovary	2	OC	441	0.0008598569634765518
french	madame_bovary	2	CU	654	0.0012751620274686279
french	madame_bovary	2	PU	544	0.0010606852338576967
french	madame_bovary	2	LN	384	0.0007487189886054329
french	madame_bovary	2	DM	71	0.00013843502133069203
french	madame_bovary	2	TP	1572	0.003065068359603491
french	madame_bovary	2	FU	312	0.0006083341782419143
french	madame_bovary	2	SH	219	0.00042700379818903593
french	madame_bovary	2	TF	457	0.0008910535880017782
french	madame_bovary	2	RG	347	0.000676576794390847
french	madame_bovary	2	TB	317	0.0006180831234060475
french	madame_bovary	2	XH	64	0.0001247864981009055
french	madame_bovary	2	ZR	16	3.119662452522637e-05
french	madame_bovary	2	BS	121	0.00023592447297202443
french	madame_bovary	2	NB	218	0.0004250540091562093
french	madame_bovary	2	PF	5	9.74894516413324e-06
french	madame_bovary	2	ZP	74	0.00014428438842917197
french	madame_bovary	2	LT	169	0.00032951434654770355
french	madame_bovary	2	SJ	331	0.0006453801698656206
french	madame_bovary	2	AE	306	0.0005966354440449543
french	madame_bovary	2	FE	728	0.0014194464158978
french	madame_bovary	2	EY	33	6.434303808327939e-05
french	madame_bovary	2	YM	20	3.899578065653296e-05
french	madame_bovary	2	GI	215	0.00041920464205772936
french	madame_bovary	2	AY	299	0.0005829869208151678
french	madame_bovary	2	XE	221	0.00043090337625468925
french	madame_bovary	2	PP	477	0.0009300493686583112
french	madame_bovary	2	LR	179	0.00034901223687597
french	madame_bovary	2	TV	443	0.0008637565415422051
french	madame_bovary	2	OF	149	0.0002905185658911706
french	madame_bovary	2	OQ	72	0.00014038481036351866
french	madame_bovary	2	PQ	5	9.74894516413324e-06
french	madame_bovary	2	AA	311	0.0006063843892090876
french	madame_bovary	2	RP	323	0.0006297818576030073
french	madame_bovary	2	ML	61	0.00011893713100242553
french	madame_bovary	2	NH	207	0.00040360632979511617
french	madame_bovary	2	LV	126	0.00024567341813615766
french	madame_bovary	2	ZU	22	4.289535872218626e-05
french	madame_bovary	2	DH	102	0.0001988784813483181
french	madame_bovary	2	MD	46	8.969029551002581e-05
french	madame_bovary	2	TN	282	0.0005498405072571148
french	madame_bovary	2	UY	42	8.189113937871922e-05
french	madame_bovary	2	LY	336	0.0006551291150297538
french	madame_bovary	2	PD	80	0.00015598312262613185
french	madame_bovary	2	MN	61	0.00011893713100242553
french	madame_bovary	2	UJ	221	0.00043090337625468925
french	madame_bovary	2	DP	33	6.434303808327939e-05
french	madame_bovary	2	GL	222	0.0004328531652875159
french	madame_bovary	2	UU	212	0.0004133552749592494
french	madame_bovary	2	ZD	85	0.0001657320677902651
french	madame_bovary	2	XT	112	0.00021837637167658458
french	madame_bovary	2	HM	23	4.4845147755012905e-05
french	madame_bovary	2	LB	69	0.00013453544326503871
french	madame_bovary	2	BB	20	3.899578065653296e-05
french	madame_bovary	2	TY	44	8.579071744437252e-05
french	madame_bovary	2	RF	115	0.00022422573877506455
french	madame_bovary	2	CP	32	6.239324905045274e-05
french	madame_bovary	2	NY	137	0.00026712109749725077
french	madame_bovary	2	YC	20	3.899578065653296e-05
french	madame_bovary	2	OA	4	7.799156131306593e-06
french	madame_bovary	2	RJ	138	0.00026907088653007743
french	madame_bovary	2	ZV	185	0.0003607109710729299
french	madame_bovary	2	XM	95	0.0001852299581185316
french	madame_bovary	2	YO	74	0.00014428438842917197
french	madame_bovary	2	YP	37	7.214219421458598e-05
french	madame_bovary	2	YF	17	3.314641355805302e-05
french	madame_bovary	2	XD	160	0.0003119662452522637
french	madame_bovary	2	YT	17	3.314641355805302e-05
french	madame_bovary	2	ZM	59	0.00011503755293677225
french	madame_bovary	2	QO	5	9.74894516413324e-06
french	madame_bovary	2	QC	12	2.3397468393919777e-05
french	madame_bovary	2	AZ	20	3.899578065653296e-05
french	madame_bovary	2	ZA	56	0.00010918818583829229
french	madame_bovary	2	XV	62	0.00012088692003525219
french	madame_bovary	2	DV	22	4.289535872218626e-05
french	madame_bovary	2	LG	37	7.214219421458598e-05
french	madame_bovary	2	VU	123	0.00023982405103767772
french	madame_bovary	2	OH	43	8.384092841154587e-05
french	madame_bovary	2	HT	4	7.799156131306593e-06
french	madame_bovary	2	MT	19	3.704599162370631e-05
french	madame_bovary	2	UQ	127	0.0002476232071689843
french	madame_bovary	2	BU	126	0.00024567341813615766
french	madame_bovary	2	DG	7	1.3648523229786536e-05
french	madame_bovary	2	CD	86	0.00016768185682309173
french	madame_bovary	2	YD	18	3.5096202590879664e-05
french	madame_bovary	2	MS	24	4.6794936787839554e-05
french	madame_bovary	2	QS	5	9.74894516413324e-06
french	madame_bovary	2	DQ	40	7.799156131306593e-05
french	madame_bovary	2	ZQ	13	2.5347257426746427e-05
french	madame_bovary	2	XO	63	0.00012283670906807883
french	madame_bovary	2	ZC	50	9.748945164133241e-05
french	madame_bovary	2	HB	41	7.994135034589257e-05
french	madame_bovary	2	AX	3	5.849367098479944e-06
french	madame_bovary	2	UZ	27	5.26443038863195e-05
french	madame_bovary	2	DT	21	4.094556968935961e-05
french	madame_bovary	2	CQ	35	6.824261614893268e-05
french	madame_bovary	2	CJ	8	1.5598312262613186e-05
french	madame_bovary	2	MG	4	7.799156131306593e-06
french	madame_bovary	2	DN	14	2.7297046459573073e-05
french	madame_bovary	2	XR	44	8.579071744437252e-05
french	madame_bovary	2	DJ	35	6.824261614893268e-05
french	madame_bovary	2	OV	49	9.553966260850576e-05
french	madame_bovary	2	ZH	7	1.3648523229786536e-05
french	madame_bovary	2	HD	7	1.3648523229786536e-05
french	madame_bovary	2	HY	30	5.8493670984799444e-05
french	madame_bovary	2	IY	8	1.5598312262613186e-05
french	madame_bovary	2	AO	50	9.748945164133241e-05
french	madame_bovary	2	GM	17	3.314641355805302e-05
french	madame_bovary	2	ZI	20	3.899578065653296e-05
french	madame_bovary	2	XY	16	3.119662452522637e-05
french	madame_bovary	2	ZG	7	1.3648523229786536e-05
french	madame_bovary	2	ZF	9	1.7548101295439832e-05
french	madame_bovary	2	AH	159	0.00031001645621943705
french	madame_bovary	2	CM	20	3.899578065653296e-05
french	madame_bovary	2	NK	4	7.799156131306593e-06
french	madame_bovary	2	KE	4	7.799156131306593e-06
french	madame_bovary	2	NW	1	1.9497890328266482e-06
french	madame_bovary	2	WA	8	1.5598312262613186e-05
french	madame_bovary	2	HV	12	2.3397468393919777e-05
french	madame_bovary	2	FH	2	3.8995780656532965e-06
french	madame_bovary	2	XB	54	0.000105288607772639
french	madame_bovary	2	UH	33	6.434303808327939e-05
french	madame_bovary	2	EK	2	3.8995780656532965e-06
french	madame_bovary	2	KI	2	3.8995780656532965e-06
french	madame_bovary	2	CY	6	1.1698734196959889e-05
french	madame_bovary	2	YG	5	9.74894516413324e-06
french	madame_bovary	2	BJ	18	3.5096202590879664e-05
french	madame_bovary	2	QA	16	3.119662452522637e-05
french	madame_bovary	2	RY	48	9.358987357567911e-05
french	madame_bovary	2	CB	10	1.949789032826648e-05
french	madame_bovary	2	GD	17	3.314641355805302e-05
french	madame_bovary	2	FM	4	7.799156131306593e-06
french	madame_bovary	2	FQ	5	9.74894516413324e-06
french	madame_bovary	2	YL	25	4.8744725820666204e-05
french	madame_bovary	2	MV	4	7.799156131306593e-06
french	madame_bovary	2	JY	8	1.5598312262613186e-05
french	madame_bovary	2	FC	6	1.1698734196959889e-05
french	madame_bovary	2	ZS	22	4.289535872218626e-05
french	madame_bovary	2	PY	3	5.849367098479944e-06
french	madame_bovary	2	HL	29	5.6543881951972795e-05
french	madame_bovary	2	ZJ	18	3.5096202590879664e-05
french	madame_bovary	2	CN	4	7.799156131306593e-06
french	madame_bovary	2	DY	6	1.1698734196959889e-05
french	madame_bovary	2	HP	6	1.1698734196959889e-05
french	madame_bovary	2	CV	18	3.5096202590879664e-05
french	madame_bovary	2	HQ	7	1.3648523229786536e-05
french	madame_bovary	2	ZN	15	2.9246835492399722e-05
french	madame_bovary	2	QE	1	1.9497890328266482e-06
french	madame_bovary	2	QB	1	1.9497890328266482e-06
french	madame_bovary	2	GC	7	1.3648523229786536e-05
french	madame_bovary	2	GS	19	3.704599162370631e-05
french	madame_bovary	2	OJ	6	1.1698734196959889e-05
french	madame_bovary	2	ZT	18	3.5096202590879664e-05
french	madame_bovary	2	SX	19	3.704599162370631e-05
french	madame_bovary	2	YV	10	1.949789032826648e-05
french	madame_bovary	2	VP	1	1.9497890328266482e-06
french	madame_bovary	2	JI	5	9.74894516413324e-06
french	madame_bovary	2	GV	2	3.8995780656532965e-06
french	madame_bovary	2	QM	5	9.74894516413324e-06
french	madame_bovary	2	LX	1	1.9497890328266482e-06
french	madame_bovary	2	PB	8	1.5598312262613186e-05
french	madame_bovary	2	GH	2	3.8995780656532965e-06
french	madame_bovary	2	YN	13	2.5347257426746427e-05
french	madame_bovary	2	FT	3	5.849367098479944e-06
french	madame_bovary	2	RW	1	1.9497890328266482e-06
french	madame_bovary	2	TZ	11	2.144767936109313e-05
french	madame_bovary	2	CF	6	1.1698734196959889e-05
french	madame_bovary	2	BN	3	5.849367098479944e-06
french	madame_bovary	2	KY	2	3.8995780656532965e-06
french	madame_bovary	2	MQ	3	5.849367098479944e-06
french	madame_bovary	2	OX	4	7.799156131306593e-06
french	madame_bovary	2	NX	6	1.1698734196959889e-05
french	madame_bovary	2	SW	3	5.849367098479944e-06
french	madame_bovary	2	FD	14	2.7297046459573073e-05
french	madame_bovary	2	PV	9	1.7548101295439832e-05
french	madame_bovary	2	GQ	2	3.8995780656532965e-06
french	madame_bovary	2	QL	11	2.144767936109313e-05
french	madame_bovary	2	DF	13	2.5347257426746427e-05
french	madame_bovary	2	OZ	3	5.849367098479944e-06
french	madame_bovary	2	XJ	33	6.434303808327939e-05
french	madame_bovary	2	YJ	5	9.74894516413324e-06
french	madame_bovary	2	YB	2	3.8995780656532965e-06
french	madame_bovary	2	MJ	3	5.849367098479944e-06
french	madame_bovary	2	PN	2	3.8995780656532965e-06
french	madame_bovary	2	ZY	4	7.799156131306593e-06
french	madame_bovary	2	RZ	3	5.849367098479944e-06
french	madame_bovary	2	YI	5	9.74894516413324e-06
french	madame_bovary	2	HC	21	4.094556968935961e-05
french	madame_bovary	2	FP	5	9.74894516413324e-06
french	madame_bovary	2	GG	3	5.849367098479944e-06
french	madame_bovary	2	PJ	5	9.74894516413324e-06
french	madame_bovary	2	BM	2	3.8995780656532965e-06
french	madame_bovary	2	FY	1	1.9497890328266482e-06
french	madame_bovary	2	HS	4	7.799156131306593e-06
french	madame_bovary	2	GP	1	1.9497890328266482e-06
french	madame_bovary	2	SK	3	5.849367098479944e-06
french	madame_bovary	2	KA	4	7.799156131306593e-06
french	madame_bovary	2	GY	4	7.799156131306593e-06
french	madame_bovary	2	DX	1	1.9497890328266482e-06
french	madame_bovary	2	IK	1	1.9497890328266482e-06
french	madame_bovary	2	BD	4	7.799156131306593e-06
french	madame_bovary	2	MH	1	1.9497890328266482e-06
french	madame_bovary	2	BV	1	1.9497890328266482e-06
french	madame_bovary	2	MF	5	9.74894516413324e-06
french	madame_bovary	2	MR	4	7.799156131306593e-06
french	madame_bovary	2	EW	5	9.74894516413324e-06
french	madame_bovary	2	YU	3	5.849367098479944e-06
french	madame_bovary	2	GF	1	1.9497890328266482e-06
french	madame_bovary	2	SZ	1	1.9497890328266482e-06
french	madame_bovary	2	ZZ	2	3.8995780656532965e-06
french	madame_bovary	2	QH	8	1.5598312262613186e-05
french	madame_bovary	2	AK	2	3.8995780656532965e-06
french	madame_bovary	2	HN	2	3.8995780656532965e-06
french	madame_bovary	2	HJ	6	1.1698734196959889e-05
french	madame_bovary	2	CZ	2	3.8995780656532965e-06
french	madame_bovary	2	HF	1	1.9497890328266482e-06
french	madame_bovary	2	YH	1	1.9497890328266482e-06
french	madame_bovary	2	FJ	2	3.8995780656532965e-06
french	madame_bovary	2	BT	1	1.9497890328266482e-06
french	madame_bovary	2	YX	1	1.9497890328266482e-06
french	madame_bovary	2	QT	1	1.9497890328266482e-06
french	madame_bovary	2	FN	1	1.9497890328266482e-06
french	madame_bovary	2	FG	1	1.9497890328266482e-06
french	madame_bovary	2	BH	1	1.9497890328266482e-06
french	madame_bovary	2	YQ	5	9.74894516413324e-06
french	madame_bovary	2	QD	1	1.9497890328266482e-06
french	notre_dame	2	CO	3404	0.004119903223424869
french	notre_dame	2	OV	998	0.0012078917206163394
french	notre_dame	2	VE	5006	0.006058823600606608
french	notre_dame	2	ER	14924	0.018062701441360973
french	notre_dame	2	RN	1265	0.001531045116813296
french	notre_dame	2	NO	4326	0.00523581120579788
french	notre_dame	2	OT	4303	0.005207974021855821
french	notre_dame	2	TR	2431	0.0029422693114412035
french	notre_dame	2	RE	12072	0.014610890632545542
french	notre_dame	2	ED	11269	0.013639009819264058
french	notre_dame	2	DA	3775	0.004568929103533749
french	notre_dame	2	AM	2382	0.002882964006521163
french	notre_dame	2	ME	5205	0.006299675757322693
french	notre_dame	2	DE	5525	0.006686975707820918
french	notre_dame	2	EP	3306	0.004001292613584788
french	notre_dame	2	PA	2044	0.002473878433807413
french	notre_dame	2	AR	6923	0.008378992366560038
french	notre_dame	2	RI	4880	0.0059063242450979325
french	notre_dame	2	IS	8021	0.009707915321707073
french	notre_dame	2	SA	5356	0.006482432921464042
french	notre_dame	2	AL	5352	0.006477591672082814
french	notre_dame	2	LS	1075	0.0013010857712049749
french	notre_dame	2	SO	4658	0.0056376349044397886
french	notre_dame	2	OK	623	0.0007540245911262319
french	notre_dame	2	KN	515	0.000623310857833081
french	notre_dame	2	OW	3062	0.0037059764013298913
french	notre_dame	2	WN	480	0.0005809499257473376
french	notre_dame	2	NA	2884	0.0034905408038652533
french	notre_dame	2	AS	7187	0.008698514825721074
french	notre_dame	2	ST	9201	0.011136083889169278
french	notre_dame	2	TH	29160	0.03529270798915076
french	notre_dame	2	HE	27026	0.03270990144426572
french	notre_dame	2	EH	2939	0.003557107982857136
french	notre_dame	2	HU	846	0.0010239242441296825
french	notre_dame	2	UN	2473	0.0029931024299440956
french	notre_dame	2	NC	2433	0.0029446899361318174
french	notre_dame	2	CH	5560	0.0067293366399066605
french	notre_dame	2	HB	480	0.0005809499257473376
french	notre_dame	2	BA	998	0.0012078917206163394
french	notre_dame	2	AC	3377	0.004087224790101582
french	notre_dame	2	CK	1005	0.001216363907033488
french	notre_dame	2	KO	223	0.0002698996530034506
french	notre_dame	2	OF	7894	0.00955420565385309
french	notre_dame	2	FN	159	0.00019243966290380558
french	notre_dame	2	EB	1960	0.0023722121968016287
french	notre_dame	2	BY	849	0.0010275551811656034
french	notre_dame	2	YV	74	8.956311355271455e-05
french	notre_dame	2	VI	1226	0.0014838429353463249
french	notre_dame	2	IC	3901	0.004721428459042425
french	notre_dame	2	CT	1315	0.0015915607340786437
french	notre_dame	2	TO	8067	0.009763589689591193
french	notre_dame	2	OR	6521	0.007892446803746643
french	notre_dame	2	RH	898	0.0010868604860856442
french	notre_dame	2	UG	1085	0.0013131888946580443
french	notre_dame	2	GO	1887	0.002283859395594221
french	notre_dame	2	RA	4486	0.0054294611810469925
french	notre_dame	2	AN	11678	0.0141340275684946
french	notre_dame	2	NS	2525	0.0030560386719000574
french	notre_dame	2	SL	943	0.001141324541624457
french	notre_dame	2	LA	4261	0.005157140903352928
french	notre_dame	2	AT	8720	0.010553923651076633
french	notre_dame	2	TE	6833	0.008270064255482412
french	notre_dame	2	DB	1219	0.0014753707489291762
french	notre_dame	2	YI	716	0.0008665836392397786
french	notre_dame	2	AB	1592	0.0019268172537286697
french	notre_dame	2	BE	3897	0.004716587209661198
french	notre_dame	2	EL	4748	0.005746563015517414
french	notre_dame	2	LF	832	0.001006979871295385
french	notre_dame	2	FH	542	0.0006559892911563687
french	notre_dame	2	HA	9637	0.01166378007172311
french	notre_dame	2	AP	1749	0.0021168362919418613
french	notre_dame	2	PG	11	1.3313435798376487e-05
french	notre_dame	2	OO	2186	0.002645742786841
french	notre_dame	2	OD	1473	0.0017827900846371424
french	notre_dame	2	DP	487	0.0005894221121644863
french	notre_dame	2	PR	1921	0.0023250100153346573
french	notre_dame	2	EF	2535	0.0030681417953531266
french	notre_dame	2	FA	2034	0.002461775310354343
french	notre_dame	2	CE	4219	0.0051063077848500366
french	notre_dame	2	EA	9386	0.011359991673051064
french	notre_dame	2	AF	806	0.0009755117503174044
french	notre_dame	2	FE	1252	0.0015153110563243056
french	notre_dame	2	EW	3583	0.004336549133234814
french	notre_dame	2	WY	28	3.388874566859469e-05
french	notre_dame	2	YE	1016	0.0012296773428318647
french	notre_dame	2	RS	3131	0.003789487953156071
french	notre_dame	2	AG	1678	0.0020309041154250675
french	notre_dame	2	WH	4662	0.005642476153821016
french	notre_dame	2	HI	8689	0.010516403968372117
french	notre_dame	2	IL	3013	0.0036466710964098504
french	notre_dame	2	LE	6442	0.007796832128467394
french	notre_dame	2	EV	1890	0.002287490332630142
french	notre_dame	2	SI	4383	0.005304799009480376
french	notre_dame	2	IT	7547	0.009134227270031577
french	notre_dame	2	TI	5792	0.007010129104017874
french	notre_dame	2	IN	14639	0.01771776242294849
french	notre_dame	2	NG	7417	0.008976886665141673
french	notre_dame	2	RR	1098	0.0013289229551470348
french	notre_dame	2	RU	906	0.0010965429848480998
french	notre_dame	2	UM	983	0.001189737035436735
french	notre_dame	2	MM	402	0.00048654556281339524
french	notre_dame	2	MA	3802	0.004601607536857037
french	notre_dame	2	GI	1445	0.0017489013389685476
french	notre_dame	2	GA	1910	0.0023116965795362807
french	notre_dame	2	BO	1409	0.0017053300945374973
french	notre_dame	2	OU	7917	0.00958204283779515
french	notre_dame	2	UT	2597	0.003143181160762158
french	notre_dame	2	TN	355	0.0004296608825839684
french	notre_dame	2	ET	7260	0.008786867626928482
french	notre_dame	2	AU	1427	0.0017271157167530224
french	notre_dame	2	HO	4368	0.005286644324300772
french	notre_dame	2	RO	5391	0.006524793853549786
french	notre_dame	2	FT	3565	0.004314763511019289
french	notre_dame	2	SB	935	0.0011316420428620015
french	notre_dame	2	KF	64	7.745999009964502e-05
french	notre_dame	2	FO	2671	0.0032327442743148725
french	notre_dame	2	ND	8648	0.010466781162214533
french	notre_dame	2	DI	3688	0.004463631929492044
french	notre_dame	2	OB	775	0.0009379920676128888
french	notre_dame	2	BS	160	0.00019364997524911253
french	notre_dame	2	SC	1670	0.002021221616662612
french	notre_dame	2	CU	700	0.0008472186417148674
french	notre_dame	2	UR	4068	0.004923550620708686
french	notre_dame	2	EN	8835	0.010693109570786933
french	notre_dame	2	ON	8915	0.01078993455841149
french	notre_dame	2	NE	5250	0.0063541398128615055
french	notre_dame	2	EO	3040	0.003679349529733138
french	notre_dame	2	WE	2195	0.0026566355979487626
french	notre_dame	2	OL	2506	0.003033042737339225
french	notre_dame	2	LL	4838	0.00585549112659504
french	notre_dame	2	LO	3421	0.004140478533295087
french	notre_dame	2	WI	3399	0.004113851661698334
french	notre_dame	2	GW	361	0.0004369227566558102
french	notre_dame	2	WO	1636	0.001980070996922176
french	notre_dame	2	RD	1858	0.0022487603375803194
french	notre_dame	2	GR	1653	0.002000646306792394
french	notre_dame	2	AV	1896	0.0022947522067019834
french	notre_dame	2	YH	554	0.0006705130393000521
french	notre_dame	2	DU	664	0.0008036473972838171
french	notre_dame	2	UP	1242	0.001503207932871236
french	notre_dame	2	PO	2113	0.0025573899856335923
french	notre_dame	2	NT	8869	0.010734260190527369
french	notre_dame	2	WA	3681	0.004455159743074895
french	notre_dame	2	ES	10600	0.012829310860253705
french	notre_dame	2	SE	6233	0.00754387684829824
french	notre_dame	2	EG	2022	0.0024472515622106597
french	notre_dame	2	EE	3658	0.0044273225591328355
french	notre_dame	2	EK	492	0.000595473673891021
french	notre_dame	2	KC	45	5.44640555388129e-05
french	notre_dame	2	CA	2425	0.002935007437369362
french	notre_dame	2	PI	1286	0.001556461676064742
french	notre_dame	2	TA	4005	0.004847300942954348
french	notre_dame	2	BL	1621	0.0019619163117425716
french	notre_dame	2	KW	145	0.00017549529006950825
french	notre_dame	2	GE	2277	0.002755881210263933
french	notre_dame	2	DQ	64	7.745999009964502e-05
french	notre_dame	2	QU	1138	0.001377335448959313
french	notre_dame	2	UI	774	0.0009367817552675819
french	notre_dame	2	PL	1457	0.001763425087112231
french	notre_dame	2	LY	2425	0.002935007437369362
french	notre_dame	2	YG	215	0.00026021715424099495
french	notre_dame	2	NI	2389	0.0028914361929383114
french	notre_dame	2	IK	525	0.0006354139812861505
french	notre_dame	2	TW	2251	0.002724413089285952
french	notre_dame	2	TS	2688	0.0032533195841850907
french	notre_dame	2	IG	1566	0.0018953491327506889
french	notre_dame	2	GN	511	0.0006184696084518532
french	notre_dame	2	SP	1698	0.002055110362331207
french	notre_dame	2	PE	2649	0.0032061174027181194
french	notre_dame	2	EC	4315	0.005222497769999504
french	notre_dame	2	UL	1995	0.002414573128887372
french	notre_dame	2	LI	3820	0.0046233931590725615
french	notre_dame	2	IA	1036	0.0012538835897380038
french	notre_dame	2	RT	3670	0.004441846307276519
french	notre_dame	2	OG	473	0.0005724777393301889
french	notre_dame	2	CC	410	0.0004962280615758509
french	notre_dame	2	PH	698	0.0008447980170242534
french	notre_dame	2	HY	302	0.0003655143282826999
french	notre_dame	2	IM	2692	0.0032581608335663184
french	notre_dame	2	MP	934	0.0011304317305166945
french	notre_dame	2	EI	3143	0.0038040117012997543
french	notre_dame	2	IR	2813	0.00340460862734846
french	notre_dame	2	RF	538	0.0006511480417751409
french	notre_dame	2	RM	1453	0.0017585838377310033
french	notre_dame	2	MS	785	0.0009500951910659584
french	notre_dame	2	TT	4552	0.005509341795837252
french	notre_dame	2	TU	1779	0.00215314566230107
french	notre_dame	2	UD	849	0.0010275551811656034
french	notre_dame	2	GH	2339	0.002830920575672964
french	notre_dame	2	HW	514	0.000622100545487774
french	notre_dame	2	HT	2384	0.002885384631211777
french	notre_dame	2	PU	464	0.0005615849282224264
french	notre_dame	2	RP	543	0.0006571996035016756
french	notre_dame	2	OS	2388	0.0028902258805930045
french	notre_dame	2	FR	1627	0.001969178185814413
french	notre_dame	2	GT	1154	0.0013967004464842242
french	notre_dame	2	AD	3892	0.004710535647934663
french	notre_dame	2	AH	405	0.0004901764998493161
french	notre_dame	2	DO	3041	0.003680559842078445
french	notre_dame	2	EM	3953	0.004784364700998386
french	notre_dame	2	MI	1826	0.002210030342530497
french	notre_dame	2	ID	2265	0.0027413574621202494
french	notre_dame	2	DD	906	0.0010965429848480998
french	notre_dame	2	DL	833	0.0010081901836406922
french	notre_dame	2	SW	1832	0.0022172922166023385
french	notre_dame	2	HH	753	0.0009113651960161359
french	notre_dame	2	CR	1087	0.0013156095193486584
french	notre_dame	2	IB	536	0.0006487274170845271
french	notre_dame	2	DT	4297	0.005200712147783978
french	notre_dame	2	MT	829	0.0010033489342594643
french	notre_dame	2	CI	1019	0.0012333082798677854
french	notre_dame	2	YT	1481	0.001792472583399598
french	notre_dame	2	DM	747	0.0009041033219442942
french	notre_dame	2	YM	442	0.0005349580566256734
french	notre_dame	2	GC	140	0.00016944372834297347
french	notre_dame	2	AI	3374	0.004083593853065661
french	notre_dame	2	UC	766	0.0009270992565051263
french	notre_dame	2	KT	237	0.0002868440258377479
french	notre_dame	2	EQ	226	0.00027353059003937144
french	notre_dame	2	UE	1097	0.0013277126428017279
french	notre_dame	2	IO	1980	0.0023964184437077676
french	notre_dame	2	DH	1959	0.0023710018844563217
french	notre_dame	2	IV	1050	0.001270827962572301
french	notre_dame	2	OC	884	0.0010699161132513469
french	notre_dame	2	LD	2180	0.0026384809127691583
french	notre_dame	2	DN	700	0.0008472186417148674
french	notre_dame	2	TB	647	0.0007830720874135988
french	notre_dame	2	NW	966	0.001169161725566517
french	notre_dame	2	OQ	38	4.5991869121664226e-05
french	notre_dame	2	RL	928	0.0011231698564448528
french	notre_dame	2	DW	1319	0.0015964019834598716
french	notre_dame	2	TL	1366	0.0016532866636892983
french	notre_dame	2	SS	3785	0.004581032226986819
french	notre_dame	2	GM	225	0.0002723202776940645
french	notre_dame	2	AO	91	0.00011013842342293275
french	notre_dame	2	FC	245	0.0002965265246002036
french	notre_dame	2	NH	1303	0.0015770369859349602
french	notre_dame	2	PP	868	0.0010505511157264354
french	notre_dame	2	SU	1554	0.0018808253846070056
french	notre_dame	2	BR	994	0.0012030504712351117
french	notre_dame	2	IE	2817	0.0034094498767296877
french	notre_dame	2	TC	868	0.0010505511157264354
french	notre_dame	2	RC	1702	0.0020599516117124346
french	notre_dame	2	RW	763	0.0009234683194692054
french	notre_dame	2	DS	2177	0.0026348499757332376
french	notre_dame	2	LW	424	0.0005131724344101483
french	notre_dame	2	SH	4144	0.005015534358952015
french	notre_dame	2	IP	440	0.0005325374319350595
french	notre_dame	2	PT	874	0.0010578129897982772
french	notre_dame	2	DF	841	0.0010178726824031478
french	notre_dame	2	US	3121	0.0037773848297030016
french	notre_dame	2	TP	404	0.0004889661875040091
french	notre_dame	2	OP	1486	0.0017985241451261326
french	notre_dame	2	BI	465	0.0005627952405677333
french	notre_dame	2	FP	338	0.00040908557271375023
french	notre_dame	2	RV	425	0.0005143827467554552
french	notre_dame	2	SF	906	0.0010965429848480998
french	notre_dame	2	OH	1083	0.0013107682699674305
french	notre_dame	2	DR	1132	0.0013700735748874713
french	notre_dame	2	DY	527	0.0006378346059767644
french	notre_dame	2	SM	1065	0.0012889826477519054
french	notre_dame	2	MU	649	0.0007854927121042128
french	notre_dame	2	OM	3835	0.004641547844252166
french	notre_dame	2	MF	96	0.00011618998514946752
french	notre_dame	2	RY	1614	0.0019534441253254227
french	notre_dame	2	YQ	27	3.267843332328774e-05
french	notre_dame	2	UA	925	0.0011195389194089318
french	notre_dame	2	MW	209	0.00025295528016915325
french	notre_dame	2	HD	354	0.0004284505702386615
french	notre_dame	2	MD	74	8.956311355271455e-05
french	notre_dame	2	MO	3146	0.003807642638335675
french	notre_dame	2	EX	754	0.0009125755083614429
french	notre_dame	2	XC	202	0.00024448309375200457
french	notre_dame	2	YW	682	0.0008254330194993422
french	notre_dame	2	KH	116	0.0001403962320556066
french	notre_dame	2	OI	1569	0.0018989800697866098
french	notre_dame	2	AY	1372	0.00166054853776114
french	notre_dame	2	YN	183	0.00022148715919117245
french	notre_dame	2	MY	832	0.001006979871295385
french	notre_dame	2	YS	1146	0.0013870179477217686
french	notre_dame	2	GL	701	0.0008484289540601743
french	notre_dame	2	NY	634	0.0007673380269246084
french	notre_dame	2	WR	224	0.00027110996534875754
french	notre_dame	2	FM	347	0.0004199783838215128
french	notre_dame	2	NM	381	0.00046112900356194925
french	notre_dame	2	YC	410	0.0004962280615758509
french	notre_dame	2	FF	830	0.0010045592466047712
french	notre_dame	2	LP	261	0.00031589152212511485
french	notre_dame	2	PS	593	0.0007177152207670233
french	notre_dame	2	FS	559	0.000676564601026587
french	notre_dame	2	KI	893	0.0010808089243591094
french	notre_dame	2	HC	264	0.00031952245916103567
french	notre_dame	2	VO	507	0.0006136283590706254
french	notre_dame	2	LU	643	0.000778230838032371
french	notre_dame	2	FI	1807	0.0021870344079696646
french	notre_dame	2	LC	270	0.00032678433323287743
french	notre_dame	2	II	128	0.00015491998019929003
french	notre_dame	2	EU	929	0.0011243801687901597
french	notre_dame	2	VM	4	4.8412493812278135e-06
french	notre_dame	2	RJ	107	0.00012950342094784402
french	notre_dame	2	JA	193	0.000233590282644242
french	notre_dame	2	CQ	115	0.00013918591971029965
french	notre_dame	2	VQ	2	2.4206246906139068e-06
french	notre_dame	2	KS	377	0.00045628775418072145
french	notre_dame	2	DC	687	0.000831484581225877
french	notre_dame	2	IF	1010	0.001222415468760023
french	notre_dame	2	MC	163	0.0001972809122850334
french	notre_dame	2	YB	452	0.0005470611800787429
french	notre_dame	2	BD	12	1.452374814368344e-05
french	notre_dame	2	CY	125	0.00015128904316336918
french	notre_dame	2	YL	337	0.00040787526036844326
french	notre_dame	2	RB	659	0.0007975958355572822
french	notre_dame	2	WS	350	0.0004236093208574337
french	notre_dame	2	VT	21	2.541655925144602e-05
french	notre_dame	2	NV	219	0.0002650584036222228
french	notre_dame	2	TY	1342	0.0016242391674019315
french	notre_dame	2	HR	785	0.0009500951910659584
french	notre_dame	2	VR	84	0.00010166623700578408
french	notre_dame	2	LT	1392	0.0016847547846672792
french	notre_dame	2	KE	1673	0.002024852553698533
french	notre_dame	2	NJ	91	0.00011013842342293275
french	notre_dame	2	JU	355	0.0004296608825839684
french	notre_dame	2	LN	137	0.00016581279130705262
french	notre_dame	2	EY	1698	0.002055110362331207
french	notre_dame	2	CL	1243	0.001504418245216543
french	notre_dame	2	IU	101	0.00012224154687600228
french	notre_dame	2	NP	407	0.00049259712453993
french	notre_dame	2	BB	183	0.00022148715919117245
french	notre_dame	2	LK	133	0.00016097154192582479
french	notre_dame	2	IX	195	0.00023601090733485592
french	notre_dame	2	XT	239	0.0002892646505283619
french	notre_dame	2	LG	129	0.00015613029254459698
french	notre_dame	2	TM	696	0.0008423773923336396
french	notre_dame	2	IH	218	0.00026384809127691583
french	notre_dame	2	YO	2853	0.003453021121160738
french	notre_dame	2	AK	833	0.0010081901836406922
french	notre_dame	2	IZ	202	0.00024448309375200457
french	notre_dame	2	ZE	295	0.0003570421418655512
french	notre_dame	2	VA	582	0.0007044017849686468
french	notre_dame	2	FW	295	0.0003570421418655512
french	notre_dame	2	NF	711	0.0008605320775132439
french	notre_dame	2	OA	959	0.0011606895391493683
french	notre_dame	2	GS	704	0.0008520598910960952
french	notre_dame	2	NB	458	0.0005543230541505846
french	notre_dame	2	HS	592	0.0007165049084217164
french	notre_dame	2	NK	383	0.00046354962825256315
french	notre_dame	2	NU	468	0.0005664261776036542
french	notre_dame	2	VL	3	3.63093703592086e-06
french	notre_dame	2	NZ	19	2.2995934560832113e-05
french	notre_dame	2	ZA	45	5.44640555388129e-05
french	notre_dame	2	LH	310	0.00037519682704515556
french	notre_dame	2	OE	416	0.0005034899356476925
french	notre_dame	2	SD	636	0.0007697586516152223
french	notre_dame	2	NR	283	0.0003425183937218678
french	notre_dame	2	AW	671	0.0008121195837009657
french	notre_dame	2	WK	18	2.1785622215525162e-05
french	notre_dame	2	HM	258	0.00031226058508919397
french	notre_dame	2	FU	629	0.0007612864651980737
french	notre_dame	2	BU	1237	0.0014971563711447013
french	notre_dame	2	FQ	25	3.0257808632673834e-05
french	notre_dame	2	SV	212	0.00025658621720507413
french	notre_dame	2	XM	11	1.3313435798376487e-05
french	notre_dame	2	YA	1150	0.0013918591971029963
french	notre_dame	2	FJ	77	9.319405058863542e-05
french	notre_dame	2	SN	768	0.0009295198811957401
french	notre_dame	2	RG	764	0.0009246786318145123
french	notre_dame	2	TF	571	0.0006910883491702704
french	notre_dame	2	GU	716	0.0008665836392397786
french	notre_dame	2	NN	488	0.0005906324245097932
french	notre_dame	2	FL	946	0.0011449554786603778
french	notre_dame	2	AA	48	5.809499257473376e-05
french	notre_dame	2	MB	785	0.0009500951910659584
french	notre_dame	2	SY	570	0.0006898780368249634
french	notre_dame	2	OY	396	0.00047928368874155353
french	notre_dame	2	ML	69	8.351155182617978e-05
french	notre_dame	2	YP	583	0.0007056120973139538
french	notre_dame	2	SJ	84	0.00010166623700578408
french	notre_dame	2	JE	389	0.00047081150232440485
french	notre_dame	2	XP	192	0.00023237997029893504
french	notre_dame	2	UB	424	0.0005131724344101483
french	notre_dame	2	MN	200	0.00024206246906139067
french	notre_dame	2	YU	87	0.00010529717404170495
french	notre_dame	2	TD	476	0.0005761086763661098
french	notre_dame	2	AQ	61	7.382905306372415e-05
french	notre_dame	2	EJ	179	0.00021664590980994465
french	notre_dame	2	SR	453	0.0005482714924240499
french	notre_dame	2	FV	74	8.956311355271455e-05
french	notre_dame	2	HL	168	0.00020333247401156817
french	notre_dame	2	WD	156	0.00018880872586788473
french	notre_dame	2	YD	388	0.00046960118997909793
french	notre_dame	2	SQ	269	0.00032557402088757045
french	notre_dame	2	WW	151	0.00018275716414134995
french	notre_dame	2	LR	270	0.00032678433323287743
french	notre_dame	2	YF	410	0.0004962280615758509
french	notre_dame	2	SK	288	0.0003485699554484026
french	notre_dame	2	KY	73	8.83528012074076e-05
french	notre_dame	2	FB	212	0.00025658621720507413
french	notre_dame	2	WC	69	8.351155182617978e-05
french	notre_dame	2	YK	34	4.1150619740436416e-05
french	notre_dame	2	WT	250	0.00030257808632673836
french	notre_dame	2	TG	262	0.00031710183447042177
french	notre_dame	2	UV	57	6.898780368249635e-05
french	notre_dame	2	UO	103	0.00012466217156661619
french	notre_dame	2	HP	150	0.000181546851796043
french	notre_dame	2	SG	367	0.0004441846307276519
french	notre_dame	2	AZ	198	0.00023964184437077677
french	notre_dame	2	HF	199	0.00024085215671608372
french	notre_dame	2	XS	18	2.1785622215525162e-05
french	notre_dame	2	OJ	47	5.688468022942681e-05
french	notre_dame	2	CF	14	1.6944372834297346e-05
french	notre_dame	2	GP	112	0.00013555498267437877
french	notre_dame	2	KL	140	0.00016944372834297347
french	notre_dame	2	UF	181	0.00021906653450055855
french	notre_dame	2	HK	11	1.3313435798376487e-05
french	notre_dame	2	FG	200	0.00024206246906139067
french	notre_dame	2	LM	316	0.00038245870111699727
french	notre_dame	2	ZI	85	0.00010287654935109103
french	notre_dame	2	LV	202	0.00024448309375200457
french	notre_dame	2	LB	298	0.0003606730789014721
french	notre_dame	2	MJ	8	9.682498762455627e-06
french	notre_dame	2	JO	192	0.00023237997029893504
french	notre_dame	2	NL	731	0.0008847383244193829
french	notre_dame	2	UZ	16	1.9364997524911254e-05
french	notre_dame	2	ZZ	33	3.994030739512946e-05
french	notre_dame	2	ZL	27	3.267843332328774e-05
french	notre_dame	2	ZU	6	7.26187407184172e-06
french	notre_dame	2	HG	132	0.00015976122958051784
french	notre_dame	2	KA	242	0.0002928955875642827
french	notre_dame	2	WP	43	5.204343084819899e-05
french	notre_dame	2	RK	422	0.0005107518097195343
french	notre_dame	2	ZY	9	1.0892811107762581e-05
french	notre_dame	2	GD	88	0.0001065074863870119
french	notre_dame	2	DG	668	0.0008084886466650449
french	notre_dame	2	AJ	86	0.00010408686169639798
french	notre_dame	2	CD	18	2.1785622215525162e-05
french	notre_dame	2	XI	152	0.0001839674764866569
french	notre_dame	2	MH	257	0.000311050272743887
french	notre_dame	2	YR	233	0.0002820027764565201
french	notre_dame	2	DV	189	0.00022874903326301418
french	notre_dame	2	DJ	205	0.00024811403078792545
french	notre_dame	2	HJ	22	2.6626871596752975e-05
french	notre_dame	2	BW	18	2.1785622215525162e-05
french	notre_dame	2	GY	374	0.00045265681714480057
french	notre_dame	2	VY	45	5.44640555388129e-05
french	notre_dame	2	CP	24	2.904749628736688e-05
french	notre_dame	2	SX	77	9.319405058863542e-05
french	notre_dame	2	LQ	16	1.9364997524911254e-05
french	notre_dame	2	GB	228	0.0002759512147299854
french	notre_dame	2	XY	4	4.8412493812278135e-06
french	notre_dame	2	FD	115	0.00013918591971029965
french	notre_dame	2	PC	27	3.267843332328774e-05
french	notre_dame	2	KR	29	3.509905801390165e-05
french	notre_dame	2	XE	151	0.00018275716414134995
french	notre_dame	2	BT	105	0.00012708279625723011
french	notre_dame	2	KB	65	7.867030244495197e-05
french	notre_dame	2	WM	87	0.00010529717404170495
french	notre_dame	2	GG	334	0.00040424432333252243
french	notre_dame	2	MR	56	6.777749133718938e-05
french	notre_dame	2	GF	174	0.0002105943480834099
french	notre_dame	2	UJ	14	1.6944372834297346e-05
french	notre_dame	2	PW	57	6.898780368249635e-05
french	notre_dame	2	HN	93	0.00011255904811354667
french	notre_dame	2	EZ	36	4.3571244431050324e-05
french	notre_dame	2	WL	149	0.00018033653945073605
french	notre_dame	2	TV	85	0.00010287654935109103
french	notre_dame	2	KM	63	7.624967775433807e-05
french	notre_dame	2	HV	25	3.0257808632673834e-05
french	notre_dame	2	TJ	83	0.00010045592466047713
french	notre_dame	2	NQ	114	0.0001379756073649927
french	notre_dame	2	IJ	4	4.8412493812278135e-06
french	notre_dame	2	AX	57	6.898780368249635e-05
french	notre_dame	2	XO	31	3.751968270451556e-05
french	notre_dame	2	UW	201	0.00024327278140669762
french	notre_dame	2	FK	15	1.81546851796043e-05
french	notre_dame	2	PM	31	3.751968270451556e-05
french	notre_dame	2	PB	34	4.1150619740436416e-05
french	notre_dame	2	YY	105	0.00012708279625723011
french	notre_dame	2	UH	126	0.00015249935550867613
french	notre_dame	2	LZ	8	9.682498762455627e-06
french	notre_dame	2	YJ	26	3.1468120977980784e-05
french	notre_dame	2	PY	124	0.00015007873081806223
french	notre_dame	2	AE	88	0.0001065074863870119
french	notre_dame	2	DK	49	5.9305304920040716e-05
french	notre_dame	2	WV	37	4.4781556776357275e-05
french	notre_dame	2	UK	105	0.00012708279625723011
french	notre_dame	2	KV	10	1.2103123453069533e-05
french	notre_dame	2	TK	95	0.00011497967280416057
french	notre_dame	2	WB	55	6.656717899188243e-05
french	notre_dame	2	PJ	9	1.0892811107762581e-05
french	notre_dame	2	FY	122	0.0001476581061274483
french	notre_dame	2	LJ	22	2.6626871596752975e-05
french	notre_dame	2	UY	43	5.204343084819899e-05
french	notre_dame	2	WJ	10	1.2103123453069533e-05
french	notre_dame	2	IW	224	0.00027110996534875754
french	notre_dame	2	CW	24	2.904749628736688e-05
french	notre_dame	2	ZO	44	5.325374319350595e-05
french	notre_dame	2	XA	79	9.561467527924932e-05
french	notre_dame	2	CS	103	0.00012466217156661619
french	notre_dame	2	OX	24	2.904749628736688e-05
french	notre_dame	2	KP	38	4.5991869121664226e-05
french	notre_dame	2	CM	16	1.9364997524911254e-05
french	notre_dame	2	GV	46	5.567436788411986e-05
french	notre_dame	2	RQ	35	4.236093208574337e-05
french	notre_dame	2	YZ	7	8.472186417148673e-06
french	notre_dame	2	YX	2	2.4206246906139068e-06
french	notre_dame	2	TQ	54	6.535686664657548e-05
french	notre_dame	2	UX	68	8.230123948087283e-05
french	notre_dame	2	TX	1	1.2103123453069534e-06
french	notre_dame	2	GQ	15	1.81546851796043e-05
french	notre_dame	2	KG	26	3.1468120977980784e-05
french	notre_dame	2	VB	4	4.8412493812278135e-06
french	notre_dame	2	KU	35	4.236093208574337e-05
french	notre_dame	2	RZ	3	3.63093703592086e-06
french	notre_dame	2	CB	13	1.5734060488990392e-05
french	notre_dame	2	ZB	1	1.2103123453069534e-06
french	notre_dame	2	XH	32	3.872999504982251e-05
french	notre_dame	2	WU	27	3.267843332328774e-05
french	notre_dame	2	KD	25	3.0257808632673834e-05
french	notre_dame	2	XR	2	2.4206246906139068e-06
french	notre_dame	2	BM	13	1.5734060488990392e-05
french	notre_dame	2	OZ	17	2.0575309870218208e-05
french	notre_dame	2	BJ	39	4.720218146697118e-05
french	notre_dame	2	UQ	2	2.4206246906139068e-06
french	notre_dame	2	WQ	4	4.8412493812278135e-06
french	notre_dame	2	MG	46	5.567436788411986e-05
french	notre_dame	2	XL	12	1.452374814368344e-05
french	notre_dame	2	WG	15	1.81546851796043e-05
french	notre_dame	2	LX	1	1.2103123453069534e-06
french	notre_dame	2	WF	37	4.4781556776357275e-05
french	notre_dame	2	XV	11	1.3313435798376487e-05
french	notre_dame	2	VC	1	1.2103123453069534e-06
french	notre_dame	2	VW	4	4.8412493812278135e-06
french	notre_dame	2	IQ	27	3.267843332328774e-05
french	notre_dame	2	XU	11	1.3313435798376487e-05
french	notre_dame	2	XB	15	1.81546851796043e-05
french	notre_dame	2	PV	3	3.63093703592086e-06
french	notre_dame	2	MQ	19	2.2995934560832113e-05
french	notre_dame	2	PQ	2	2.4206246906139068e-06
french	notre_dame	2	HQ	15	1.81546851796043e-05
french	notre_dame	2	SZ	2	2.4206246906139068e-06
french	notre_dame	2	GZ	6	7.26187407184172e-06
french	notre_dame	2	VU	27	3.267843332328774e-05
french	notre_dame	2	UU	18	2.1785622215525162e-05
french	notre_dame	2	CG	11	1.3313435798376487e-05
french	notre_dame	2	CV	3	3.63093703592086e-06
french	notre_dame	2	BN	3	3.63093703592086e-06
french	notre_dame	2	PK	1	1.2103123453069534e-06
french	notre_dame	2	NX	13	1.5734060488990392e-05
french	notre_dame	2	PD	13	1.5734060488990392e-05
french	notre_dame	2	XN	2	2.4206246906139068e-06
french	notre_dame	2	VF	3	3.63093703592086e-06
french	notre_dame	2	BC	8	9.682498762455627e-06
french	notre_dame	2	DZ	4	4.8412493812278135e-06
french	notre_dame	2	PF	19	2.2995934560832113e-05
french	notre_dame	2	CZ	1	1.2103123453069534e-06
french	notre_dame	2	VS	3	3.63093703592086e-06
french	notre_dame	2	XG	3	3.63093703592086e-06
french	notre_dame	2	XF	10	1.2103123453069533e-05
french	notre_dame	2	BV	1	1.2103123453069534e-06
french	notre_dame	2	VH	1	1.2103123453069534e-06
french	notre_dame	2	BH	9	1.0892811107762581e-05
french	notre_dame	2	PN	8	9.682498762455627e-06
french	notre_dame	2	XD	7	8.472186417148673e-06
french	notre_dame	2	BF	7	8.472186417148673e-06
french	notre_dame	2	KK	3	3.63093703592086e-06
french	notre_dame	2	XW	6	7.26187407184172e-06
french	notre_dame	2	GJ	15	1.81546851796043e-05
french	notre_dame	2	MV	10	1.2103123453069533e-05
french	notre_dame	2	GK	10	1.2103123453069533e-05
french	notre_dame	2	BP	1	1.2103123453069534e-06
french	notre_dame	2	CN	3	3.63093703592086e-06
french	notre_dame	2	JI	2	2.4206246906139068e-06
french	notre_dame	2	FZ	2	2.4206246906139068e-06
french	notre_dame	2	KQ	6	7.26187407184172e-06
french	notre_dame	2	HZ	1	1.2103123453069534e-06
french	notre_dame	2	ZV	6	7.26187407184172e-06
french	notre_dame	2	KJ	2	2.4206246906139068e-06
french	notre_dame	2	XQ	2	2.4206246906139068e-06
french	notre_dame	2	ZD	1	1.2103123453069534e-06
french	notre_dame	2	ZS	1	1.2103123453069534e-06
french	notre_dame	2	ZT	1	1.2103123453069534e-06
french	notre_dame	2	ZW	1	1.2103123453069534e-06
french	notre_dame	2	CJ	1	1.2103123453069534e-06
french	notre_dame	2	BG	1	1.2103123453069534e-06
german	faust	2	FA	490	0.0032968437767027527
german	faust	2	AU	1387	0.009332086363850444
german	faust	2	US	1027	0.006909915425864749
german	faust	2	ST	2644	0.01778949988898383
german	faust	2	TD	949	0.0063851117226345145
german	faust	2	DE	2491	0.016760077240339913
german	faust	2	ER	4330	0.029133333781883507
german	faust	2	RT	582	0.003915843016410208
german	faust	2	TR	406	0.0027316705578394234
german	faust	2	RA	879	0.005914134040248407
german	faust	2	AG	394	0.002650931526573234
german	faust	2	GO	103	0.0006930100183681296
german	faust	2	OD	67	0.00045079292456956006
german	faust	2	DI	1275	0.008578522072032673
german	faust	2	IE	2467	0.01659859917780753
german	faust	2	EE	186	0.0012514549846259428
german	faust	2	RS	797	0.00536241732659611
german	faust	2	TE	2142	0.014411917081014889
german	faust	2	EI	3100	0.020857583077099045
german	faust	2	IL	297	0.001998291023838199
german	faust	2	LB	116	0.0007804773022398353
german	faust	2	BY	5	3.3641263027579106e-05
german	faust	2	YJ	1	6.728252605515821e-06
german	faust	2	JO	3	2.0184757816547465e-05
german	faust	2	OH	273	0.0018368129613058192
german	faust	2	HA	878	0.005907405787642891
german	faust	2	AN	1364	0.00917733655392358
german	faust	2	NN	838	0.005638275683422259
german	faust	2	NW	494	0.0033237567871248156
german	faust	2	WO	281	0.0018906389821499458
german	faust	2	OL	400	0.0026913010422063284
german	faust	2	LF	55	0.0003700538933033702
german	faust	2	FG	25	0.00016820631513789552
german	faust	2	GA	344	0.0023145188962974427
german	faust	2	NG	1038	0.006983926204525422
german	faust	2	GV	18	0.00012110854689928479
german	faust	2	VO	456	0.0030680831881152145
german	faust	2	ON	567	0.0038149192273274706
german	faust	2	OE	35	0.00023548884119305375
german	faust	2	ET	663	0.00446083147745699
german	faust	2	TH	215	0.0014465743101859017
german	faust	2	HE	2018	0.013577613757930929
german	faust	2	EC	217	0.0014600308153969333
german	faust	2	CO	3	2.0184757816547465e-05
german	faust	2	NT	563	0.0037880062169054077
german	faust	2	EN	5021	0.03378255633229494
german	faust	2	TS	684	0.004602124782172822
german	faust	2	SZ	106	0.0007131947761846771
german	faust	2	ZU	662	0.004454103224851473
german	faust	2	UE	223	0.0015004003310300283
german	faust	2	IG	365	0.002455812201013275
german	faust	2	GN	90	0.0006055427344964239
german	faust	2	NU	719	0.004837613623365876
german	faust	2	UN	1765	0.011875365848735425
german	faust	2	OR	532	0.003579430386134417
german	faust	2	SP	235	0.001581139362296218
german	faust	2	PI	61	0.00041042340893646513
german	faust	2	EL	1371	0.009224434322162191
german	faust	2	LA	574	0.0038620169955660816
german	faust	2	UF	461	0.003101724451142794
german	faust	2	FD	94	0.0006324557449184872
german	faust	2	EM	853	0.005739199472504996
german	faust	2	MT	128	0.0008612163335060251
german	faust	2	EA	123	0.0008275750704784461
german	faust	2	AT	363	0.0024423556958022433
german	faust	2	RP	44	0.00029604311464269617
german	faust	2	PR	106	0.0007131947761846771
german	faust	2	RO	268	0.0018031716982782402
german	faust	2	LO	132	0.0008881293439280885
german	faust	2	OG	109	0.0007333795340012246
german	faust	2	GI	143	0.0009621401225887625
german	faust	2	IM	359	0.00241544268538018
german	faust	2	MH	82	0.0005517167136522974
german	faust	2	HI	851	0.005725742967293964
german	faust	2	MM	427	0.0028729638625552556
german	faust	2	ME	1208	0.008127729147463113
german	faust	2	LN	94	0.0006324557449184872
german	faust	2	NA	684	0.004602124782172822
german	faust	2	AC	503	0.0033843110605744583
german	faust	2	CH	5364	0.03609034697598686
german	faust	2	HT	1225	0.008242109441756882
german	faust	2	TV	159	0.0010697921642770156
german	faust	2	RD	726	0.004884711391604487
german	faust	2	TO	482	0.003243017755858626
german	faust	2	TU	478	0.0032161047454365627
german	faust	2	UD	171	0.0011505311955432055
german	faust	2	RZ	303	0.002038660539471294
german	faust	2	ZI	123	0.0008275750704784461
german	faust	2	RB	265	0.0017829869404616928
german	faust	2	BA	185	0.001244726732020427
german	faust	2	HS	319	0.002146312581159547
german	faust	2	SK	85	0.0005719014714688449
german	faust	2	KE	435	0.0029267898833993822
german	faust	2	LL	778	0.005234580527091309
german	faust	2	LE	1521	0.010233672212989564
german	faust	2	RI	597	0.0040167668054929455
german	faust	2	IN	2702	0.01817973854010375
german	faust	2	NL	196	0.001318737510681101
german	faust	2	IP	29	0.00019511932555995882
german	faust	2	PZ	3	2.0184757816547465e-05
german	faust	2	GH	24	0.00016147806253237972
german	faust	2	EX	46	0.0003094996198537278
german	faust	2	XE	44	0.00029604311464269617
german	faust	2	NK	375	0.0025230947270684333
german	faust	2	KU	126	0.0008477598282949935
german	faust	2	UC	533	0.003586158638739933
german	faust	2	ES	2133	0.014351362807565247
german	faust	2	AS	1174	0.007898968558875574
german	faust	2	SS	1154	0.007764403506765258
german	faust	2	SE	1421	0.009560846952437982
german	faust	2	IA	12	8.073903126618986e-05
german	faust	2	AB	277	0.0018637259717278825
german	faust	2	BE	1273	0.00856506556682164
german	faust	2	ND	2747	0.018482509907351962
german	faust	2	DS	199	0.0013389222684976486
german	faust	2	PA	83	0.0005584449662578132
german	faust	2	AZ	21	0.00014129330471583226
german	faust	2	RG	498	0.003350669797546879
german	faust	2	GD	105	0.0007064665235791613
german	faust	2	RN	511	0.003438137081418585
german	faust	2	HB	134	0.0009015858491391201
german	faust	2	AR	779	0.0052413087796968245
german	faust	2	NH	322	0.0021664973389760945
german	faust	2	II	14	9.41955364772215e-05
german	faust	2	NE	1638	0.011020877767834916
german	faust	2	SC	1287	0.008659261103298862
german	faust	2	WA	653	0.004393548951401831
german	faust	2	AL	774	0.005207667516669246
german	faust	2	LD	240	0.0016147806253237972
german	faust	2	DU	537	0.003613071649161996
german	faust	2	DH	71	0.00047770593499162333
german	faust	2	HO	461	0.003101724451142794
german	faust	2	HL	418	0.0028124095891056133
german	faust	2	EG	468	0.0031488222193814044
german	faust	2	GR	252	0.001695519656589987
german	faust	2	RE	1543	0.010381693770310913
german	faust	2	TC	60	0.0004036951563309493
german	faust	2	NS	1286	0.008652532850693347
german	faust	2	UB	298	0.002005019276443715
german	faust	2	MA	712	0.0047905158551272645
german	faust	2	SG	216	0.0014533025627914175
german	faust	2	AM	244	0.0016416936357458605
german	faust	2	MB	82	0.0005517167136522974
german	faust	2	BR	229	0.001540769846663123
german	faust	2	RU	518	0.0034852348496571955
german	faust	2	NZ	300	0.0020184757816547466
german	faust	2	ZW	76	0.0005113471980192025
german	faust	2	WI	823	0.005537351894339521
german	faust	2	GE	1982	0.013335396664132358
german	faust	2	EV	91	0.0006122709871019397
german	faust	2	UR	686	0.004615581287383853
german	faust	2	ED	625	0.004205157878447389
german	faust	2	DO	232	0.0015609546044796706
german	faust	2	OM	193	0.0012985527528645536
german	faust	2	MW	70	0.0004709776823861075
german	faust	2	LP	15	0.00010092378908273733
german	faust	2	PU	68	0.00045752117717507584
german	faust	2	IS	1246	0.008383402746472713
german	faust	2	SN	150	0.0010092378908273733
german	faust	2	TW	314	0.002112671318131968
german	faust	2	UM	431	0.002899876872977319
german	faust	2	TA	572	0.00384856049035505
german	faust	2	GF	18	0.00012110854689928479
german	faust	2	FE	437	0.002940246388610414
german	faust	2	DN	102	0.0006862817657626138
german	faust	2	OF	96	0.0006459122501295189
german	faust	2	FF	127	0.0008544880809005093
german	faust	2	NF	358	0.002408714432774664
german	faust	2	DK	48	0.00032295612506475944
german	faust	2	RK	223	0.0015004003310300283
german	faust	2	IH	476	0.003202648240225531
german	faust	2	HR	729	0.0049048961494210334
german	faust	2	AH	230	0.001547498099268639
german	faust	2	EU	576	0.0038754735007771133
german	faust	2	HW	352	0.0023683449171415694
german	faust	2	LT	431	0.002899876872977319
german	faust	2	EF	304	0.00204538879207681
german	faust	2	FR	303	0.002038660539471294
german	faust	2	UH	275	0.0018502694665168508
german	faust	2	SI	1199	0.008067174874013469
german	faust	2	IC	2436	0.016390023347036542
german	faust	2	NB	292	0.00196464976081062
german	faust	2	BL	156	0.001049607406460468
german	faust	2	LI	800	0.005382602084412657
german	faust	2	CK	339	0.0022808776332698634
german	faust	2	KG	14	9.41955364772215e-05
german	faust	2	EZ	133	0.0008948575965336043
german	faust	2	ZE	379	0.002550007737490496
german	faust	2	GT	256	0.0017224326670120503
german	faust	2	VE	359	0.00241544268538018
german	faust	2	SU	161	0.0010832486694880472
german	faust	2	HD	353	0.002375073169747085
german	faust	2	SM	189	0.0012716397424424903
german	faust	2	TZ	329	0.002213595107214705
german	faust	2	FU	298	0.002005019276443715
german	faust	2	HM	358	0.002408714432774664
german	faust	2	ZN	7	4.709776823861075e-05
german	faust	2	NO	165	0.0011101616799101106
german	faust	2	OC	369	0.0024827252114353383
german	faust	2	HJ	19	0.00012783679950480062
german	faust	2	JE	114	0.0007670207970288036
german	faust	2	HN	561	0.003774549711694376
german	faust	2	TI	705	0.004743418086888654
german	faust	2	DR	217	0.0014600308153969333
german	faust	2	HZ	92	0.0006189992397074556
german	faust	2	GU	141	0.0009486836173777308
german	faust	2	UT	357	0.0024019861801691483
german	faust	2	SO	547	0.0036803541752171544
german	faust	2	MO	97	0.0006526405027350347
german	faust	2	RW	337	0.0022674211280588317
german	faust	2	SD	356	0.0023952579275636323
german	faust	2	EB	677	0.004555027013934211
german	faust	2	LU	307	0.002065573549893357
german	faust	2	MI	885	0.005954503555881502
german	faust	2	TM	421	0.002832594346922161
german	faust	2	BU	124	0.0008343033230839618
german	faust	2	JU	72	0.00048443418759713916
german	faust	2	UG	232	0.0015609546044796706
german	faust	2	DL	97	0.0006526405027350347
german	faust	2	HU	222	0.0014936720784245125
german	faust	2	TT	363	0.0024423556958022433
german	faust	2	MZ	32	0.00021530408337650628
german	faust	2	ZA	61	0.00041042340893646513
german	faust	2	RH	304	0.00204538879207681
german	faust	2	IT	716	0.004817428865549328
german	faust	2	BI	271	0.0018233564560947875
german	faust	2	RF	248	0.0016686066461679236
german	faust	2	DM	104	0.0006997382709736454
german	faust	2	NC	48	0.00032295612506475944
german	faust	2	GL	239	0.0016080523727182814
german	faust	2	BV	10	6.728252605515821e-05
german	faust	2	KL	131	0.0008814010913225726
german	faust	2	SA	410	0.0027585835682614867
german	faust	2	EK	181	0.0012178137215983636
german	faust	2	KO	202	0.0013591070263141959
german	faust	2	DF	86	0.0005786297240743607
german	faust	2	AF	157	0.001056335659065984
german	faust	2	FT	250	0.0016820631513789553
german	faust	2	IR	699	0.004703048571255559
german	faust	2	SW	257	0.0017291609196175661
german	faust	2	SL	105	0.0007064665235791613
german	faust	2	YR	3	2.0184757816547465e-05
german	faust	2	RR	236	0.0015878676149017339
german	faust	2	MS	162	0.001089976922093563
german	faust	2	NV	139	0.0009352271121666992
german	faust	2	MG	100	0.0006728252605515821
german	faust	2	RM	379	0.002550007737490496
german	faust	2	WE	835	0.005618090925605711
german	faust	2	GG	33	0.00022203233598202212
german	faust	2	WU	114	0.0007670207970288036
german	faust	2	EH	924	0.006216905407496619
german	faust	2	NI	1081	0.007273241066562603
german	faust	2	FO	70	0.0004709776823861075
german	faust	2	LG	83	0.0005584449662578132
german	faust	2	GZ	16	0.00010765204168825314
german	faust	2	OB	88	0.0005920862292853923
german	faust	2	DA	942	0.006338013954395903
german	faust	2	SF	120	0.0008073903126618986
german	faust	2	EW	434	0.0029200616307938666
german	faust	2	ID	170	0.0011438029429376897
german	faust	2	GM	33	0.00022203233598202212
german	faust	2	KA	186	0.0012514549846259428
german	faust	2	NM	571	0.003841832237749534
german	faust	2	IF	87	0.0005853579766798765
german	faust	2	LS	300	0.0020184757816547466
german	faust	2	BS	105	0.0007064665235791613
german	faust	2	DW	148	0.0009957813856163416
german	faust	2	ML	82	0.0005517167136522974
german	faust	2	BT	148	0.0009957813856163416
german	faust	2	GS	154	0.0010361509012494364
german	faust	2	TN	178	0.0011976289637818161
german	faust	2	PE	107	0.0007199230287901929
german	faust	2	DD	177	0.0011909007111763003
german	faust	2	AO	3	2.0184757816547465e-05
german	faust	2	SH	155	0.0010428791538549522
german	faust	2	SV	96	0.0006459122501295189
german	faust	2	UW	35	0.00023548884119305375
german	faust	2	HK	66	0.00044406467196404423
german	faust	2	KT	166	0.0011168899325156264
german	faust	2	RL	254	0.0017089761618010186
german	faust	2	EP	353	0.002375073169747085
german	faust	2	OO	4	2.6913010422063286e-05
german	faust	2	OT	146	0.00098232488040531
german	faust	2	DT	56	0.000376782145908886
german	faust	2	SR	61	0.00041042340893646513
german	faust	2	MU	237	0.0015945958675072497
german	faust	2	PF	167	0.0011236181851211422
german	faust	2	OS	258	0.001735889172223082
german	faust	2	DJ	12	8.073903126618986e-05
german	faust	2	LK	45	0.00030277136724821195
german	faust	2	KS	41	0.0002758583568261487
german	faust	2	OV	18	0.00012110854689928479
german	faust	2	SB	121	0.0008141185652674144
german	faust	2	TG	209	0.0014062047945528067
german	faust	2	HV	79	0.0005315319558357499
german	faust	2	VI	84	0.000565173218863329
german	faust	2	UU	26	0.00017493456774341135
german	faust	2	TB	118	0.0007939338074508669
german	faust	2	HG	145	0.0009755966277997942
german	faust	2	MN	58	0.00039023865111991764
german	faust	2	GW	45	0.00030277136724821195
german	faust	2	RC	127	0.0008544880809005093
german	faust	2	AD	109	0.0007333795340012246
german	faust	2	NP	66	0.00044406467196404423
german	faust	2	RV	138	0.0009284988595611833
german	faust	2	FI	110	0.0007401077866067404
german	faust	2	HF	71	0.00047770593499162333
german	faust	2	FS	49	0.00032968437767027527
german	faust	2	NJ	62	0.0004171516615419809
german	faust	2	TF	149	0.0010025096382218575
german	faust	2	FL	179	0.001204357216387332
german	faust	2	UL	135	0.0009083141017446358
german	faust	2	LZ	56	0.000376782145908886
german	faust	2	MD	97	0.0006526405027350347
german	faust	2	AE	16	0.00010765204168825314
german	faust	2	PP	48	0.00032295612506475944
german	faust	2	ZT	101	0.0006795535131570979
german	faust	2	JA	87	0.0005853579766798765
german	faust	2	BO	68	0.00045752117717507584
german	faust	2	IB	137	0.0009217706069556675
german	faust	2	AV	39	0.000262401851615117
german	faust	2	KN	47	0.0003162278724592436
german	faust	2	KR	119	0.0008006620600563828
german	faust	2	VU	2	1.3456505211031643e-05
german	faust	2	DZ	42	0.0002825866094316645
german	faust	2	TL	107	0.0007199230287901929
german	faust	2	TP	19	0.00012783679950480062
german	faust	2	PH	599	0.004030223310703977
german	faust	2	MP	74	0.0004978906928081708
german	faust	2	DV	41	0.0002758583568261487
german	faust	2	BG	22	0.00014802155732134809
german	faust	2	PO	22	0.00014802155732134809
german	faust	2	DG	82	0.0005517167136522974
german	faust	2	LC	74	0.0004978906928081708
german	faust	2	NR	105	0.0007064665235791613
german	faust	2	OU	14	9.41955364772215e-05
german	faust	2	IK	19	0.00012783679950480062
german	faust	2	IW	11	7.401077866067404e-05
german	faust	2	KI	72	0.00048443418759713916
german	faust	2	AX	2	1.3456505211031643e-05
german	faust	2	XI	2	1.3456505211031643e-05
german	faust	2	KZ	9	6.0554273449642395e-05
german	faust	2	ZZ	9	6.0554273449642395e-05
german	faust	2	TK	72	0.00048443418759713916
german	faust	2	TJ	42	0.0002825866094316645
german	faust	2	RJ	35	0.00023548884119305375
german	faust	2	LH	24	0.00016147806253237972
german	faust	2	PL	47	0.0003162278724592436
german	faust	2	KD	28	0.000188391072954443
german	faust	2	OK	42	0.0002825866094316645
german	faust	2	UV	29	0.00019511932555995882
german	faust	2	HH	159	0.0010697921642770156
german	faust	2	ZD	21	0.00014129330471583226
german	faust	2	WG	6	4.036951563309493e-05
german	faust	2	BD	37	0.0002489453464040854
german	faust	2	HY	5	3.3641263027579106e-05
german	faust	2	YT	1	6.728252605515821e-06
german	faust	2	AK	20	0.00013456505211031642
german	faust	2	KK	6	4.036951563309493e-05
german	faust	2	ZV	9	6.0554273449642395e-05
german	faust	2	LY	2	1.3456505211031643e-05
german	faust	2	YM	1	6.728252605515821e-06
german	faust	2	PV	1	6.728252605515821e-06
german	faust	2	ZH	4	2.6913010422063286e-05
german	faust	2	OI	29	0.00019511932555995882
german	faust	2	AI	14	9.41955364772215e-05
german	faust	2	GK	26	0.00017493456774341135
german	faust	2	KC	6	4.036951563309493e-05
german	faust	2	OW	43	0.00028931486203718034
german	faust	2	RQ	15	0.00010092378908273733
german	faust	2	QU	55	0.0003700538933033702
german	faust	2	UI	53	0.00035659738809233854
german	faust	2	DB	73	0.000491162440202655
german	faust	2	KB	5	3.3641263027579106e-05
german	faust	2	BM	16	0.00010765204168825314
german	faust	2	NQ	9	6.0554273449642395e-05
german	faust	2	LM	65	0.0004373364193585284
german	faust	2	EJ	43	0.00028931486203718034
german	faust	2	UA	39	0.000262401851615117
german	faust	2	DC	24	0.00016147806253237972
german	faust	2	ZL	18	0.00012110854689928479
german	faust	2	LV	28	0.000188391072954443
german	faust	2	OP	357	0.0024019861801691483
german	faust	2	GP	4	2.6913010422063286e-05
german	faust	2	AP	33	0.00022203233598202212
german	faust	2	BN	11	7.401077866067404e-05
german	faust	2	FM	36	0.00024221709379856958
german	faust	2	UO	4	2.6913010422063286e-05
german	faust	2	LW	33	0.00022203233598202212
german	faust	2	IU	16	0.00010765204168825314
german	faust	2	GB	18	0.00012110854689928479
german	faust	2	SJ	23	0.0001547498099268639
german	faust	2	UK	21	0.00014129330471583226
german	faust	2	FB	13	8.746728387170568e-05
german	faust	2	BB	9	6.0554273449642395e-05
german	faust	2	MC	5	3.3641263027579106e-05
german	faust	2	IZ	19	0.00012783679950480062
german	faust	2	MF	50	0.00033641263027579105
german	faust	2	UZ	25	0.00016820631513789552
german	faust	2	HP	5	3.3641263027579106e-05
german	faust	2	EO	28	0.000188391072954443
german	faust	2	FH	13	8.746728387170568e-05
german	faust	2	DQ	5	3.3641263027579106e-05
german	faust	2	DP	14	9.41955364772215e-05
german	faust	2	UP	33	0.00022203233598202212
german	faust	2	FW	12	8.073903126618986e-05
german	faust	2	SQ	4	2.6913010422063286e-05
german	faust	2	MK	53	0.00035659738809233854
german	faust	2	BH	7	4.709776823861075e-05
german	faust	2	VA	31	0.00020857583077099045
german	faust	2	ZS	9	6.0554273449642395e-05
german	faust	2	AW	27	0.00018166282034892719
german	faust	2	ZM	6	4.036951563309493e-05
german	faust	2	PT	14	9.41955364772215e-05
german	faust	2	ZO	19	0.00012783679950480062
german	faust	2	BW	13	8.746728387170568e-05
german	faust	2	FC	4	2.6913010422063286e-05
german	faust	2	KF	5	3.3641263027579106e-05
german	faust	2	UJ	7	4.709776823861075e-05
german	faust	2	EQ	16	0.00010765204168825314
german	faust	2	OJ	5	3.3641263027579106e-05
german	faust	2	AA	21	0.00014129330471583226
german	faust	2	IO	12	8.073903126618986e-05
german	faust	2	BF	5	3.3641263027579106e-05
german	faust	2	FN	30	0.00020184757816547465
german	faust	2	MR	21	0.00014129330471583226
german	faust	2	FJ	2	1.3456505211031643e-05
german	faust	2	HC	6	4.036951563309493e-05
german	faust	2	ZG	14	9.41955364772215e-05
german	faust	2	FZ	18	0.00012110854689928479
german	faust	2	BK	4	2.6913010422063286e-05
german	faust	2	GC	1	6.728252605515821e-06
german	faust	2	KM	8	5.382602084412657e-05
german	faust	2	OA	7	4.709776823861075e-05
german	faust	2	FK	2	1.3456505211031643e-05
german	faust	2	LJ	4	2.6913010422063286e-05
german	faust	2	IJ	5	3.3641263027579106e-05
german	faust	2	OZ	9	6.0554273449642395e-05
german	faust	2	MV	26	0.00017493456774341135
german	faust	2	KV	6	4.036951563309493e-05
german	faust	2	LR	12	8.073903126618986e-05
german	faust	2	KW	11	7.401077866067404e-05
german	faust	2	MJ	7	4.709776823861075e-05
german	faust	2	FV	4	2.6913010422063286e-05
german	faust	2	XT	1	6.728252605515821e-06
german	faust	2	SY	3	2.0184757816547465e-05
german	faust	2	YL	4	2.6913010422063286e-05
german	faust	2	CU	9	6.0554273449642395e-05
german	faust	2	ZR	2	1.3456505211031643e-05
german	faust	2	GJ	7	4.709776823861075e-05
german	faust	2	TQ	3	2.0184757816547465e-05
german	faust	2	ZB	3	2.0184757816547465e-05
german	faust	2	UY	3	2.0184757816547465e-05
german	faust	2	YI	3	2.0184757816547465e-05
german	faust	2	YS	5	3.3641263027579106e-05
german	faust	2	KH	8	5.382602084412657e-05
german	faust	2	HQ	2	1.3456505211031643e-05
german	faust	2	CI	4	2.6913010422063286e-05
german	faust	2	AY	22	0.00014802155732134809
german	faust	2	YE	22	0.00014802155732134809
german	faust	2	PS	2	1.3456505211031643e-05
german	faust	2	BC	20	0.00013456505211031642
german	faust	2	PN	1	6.728252605515821e-06
german	faust	2	FP	1	6.728252605515821e-06
german	faust	2	BZ	8	5.382602084412657e-05
german	faust	2	ZK	2	1.3456505211031643e-05
german	faust	2	IV	4	2.6913010422063286e-05
german	faust	2	ZC	2	1.3456505211031643e-05
german	faust	2	XM	1	6.728252605515821e-06
german	faust	2	PC	2	1.3456505211031643e-05
german	faust	2	ZF	2	1.3456505211031643e-05
german	faust	2	VD	1	6.728252605515821e-06
german	faust	2	CT	3	2.0184757816547465e-05
german	faust	2	GQ	1	6.728252605515821e-06
german	faust	2	ZP	1	6.728252605515821e-06
german	faust	2	PK	1	6.728252605515821e-06
german	faust	2	VS	1	6.728252605515821e-06
german	faust	2	CL	1	6.728252605515821e-06
german	faust	2	CD	2	1.3456505211031643e-05
german	faust	2	IX	1	6.728252605515821e-06
german	faust	2	XJ	1	6.728252605515821e-06
german	faust	2	YP	1	6.728252605515821e-06
german	faust	2	ZJ	1	6.728252605515821e-06
german	faust	2	XC	1	6.728252605515821e-06
german	faust	2	OX	1	6.728252605515821e-06
german	faust	2	XK	1	6.728252605515821e-06
german	faust	2	NX	1	6.728252605515821e-06
german	faust	2	VZ	1	6.728252605515821e-06
german	faust	2	TY	1	6.728252605515821e-06
german	kafka_verwandlung	2	PR	93	0.0009372732403450778
german	kafka_verwandlung	2	RO	194	0.001955172135773603
german	kafka_verwandlung	2	OD	62	0.0006248488268967185
german	kafka_verwandlung	2	DU	146	0.0014714182052729177
german	kafka_verwandlung	2	UC	366	0.0036886237200677257
german	kafka_verwandlung	2	CE	3	3.0234620656292832e-05
german	kafka_verwandlung	2	ED	565	0.0056941868902684835
german	kafka_verwandlung	2	DB	30	0.0003023462065629283
german	kafka_verwandlung	2	BY	1	1.0078206885430944e-05
german	kafka_verwandlung	2	YJ	1	1.0078206885430944e-05
german	kafka_verwandlung	2	JA	58	0.0005845359993549948
german	kafka_verwandlung	2	AN	1038	0.01046117874707732
german	kafka_verwandlung	2	NA	593	0.00597637668306055
german	kafka_verwandlung	2	AS	610	0.006147706200112876
german	kafka_verwandlung	2	SR	27	0.0002721115859066355
german	kafka_verwandlung	2	RN	327	0.0032955736515359185
german	kafka_verwandlung	2	AA	32	0.0003225026203337902
german	kafka_verwandlung	2	AL	549	0.005532935580101588
german	kafka_verwandlung	2	LE	673	0.0067826332338950255
german	kafka_verwandlung	2	EX	2	2.0156413770861888e-05
german	kafka_verwandlung	2	XA	1	1.0078206885430944e-05
german	kafka_verwandlung	2	ND	1946	0.019612190599048618
german	kafka_verwandlung	2	DE	1919	0.01934007901314198
german	kafka_verwandlung	2	ER	3781	0.0381057002338144
german	kafka_verwandlung	2	RB	174	0.0017536079980649843
german	kafka_verwandlung	2	BA	87	0.0008768039990324922
german	kafka_verwandlung	2	AU	955	0.009624687575586552
german	kafka_verwandlung	2	UE	123	0.0012396194469080062
german	kafka_verwandlung	2	RA	655	0.006601225509957269
german	kafka_verwandlung	2	DT	26	0.00026203337902120456
german	kafka_verwandlung	2	TH	114	0.0011489155849391277
german	kafka_verwandlung	2	HE	924	0.009312263162138193
german	kafka_verwandlung	2	EO	38	0.0003829718616463759
german	kafka_verwandlung	2	ON	387	0.0039002660646617754
german	kafka_verwandlung	2	NL	137	0.0013807143433040394
german	kafka_verwandlung	2	LI	627	0.006319035717165202
german	kafka_verwandlung	2	IN	1540	0.015520438603563653
german	kafka_verwandlung	2	NE	1154	0.01163025074578731
german	kafka_verwandlung	2	DI	911	0.00918124647262759
german	kafka_verwandlung	2	IS	354	0.003567685237442554
german	kafka_verwandlung	2	ST	1073	0.010813915988067403
german	kafka_verwandlung	2	TR	202	0.0020357977908570506
german	kafka_verwandlung	2	RI	429	0.004323550753849875
german	kafka_verwandlung	2	IB	45	0.0004535193098443925
german	kafka_verwandlung	2	BU	24	0.00024187696525034265
german	kafka_verwandlung	2	UT	228	0.0022978311698782553
german	kafka_verwandlung	2	TE	2427	0.024459808110940902
german	kafka_verwandlung	2	DP	6	6.0469241312585663e-05
german	kafka_verwandlung	2	OO	2	2.0156413770861888e-05
german	kafka_verwandlung	2	OF	108	0.001088446343626542
german	kafka_verwandlung	2	FR	166	0.0016729823429815368
german	kafka_verwandlung	2	RE	1325	0.013353624123196002
german	kafka_verwandlung	2	EA	247	0.0024893171007014433
german	kafka_verwandlung	2	AD	76	0.0007659437232927518
german	kafka_verwandlung	2	NG	824	0.008304442473595098
german	kafka_verwandlung	2	GT	195	0.001965250342659034
german	kafka_verwandlung	2	AM	215	0.002166814480367653
german	kafka_verwandlung	2	MA	345	0.0034769813754736757
german	kafka_verwandlung	2	AT	486	0.004898008546319439
german	kafka_verwandlung	2	HT	722	0.0072764653712811414
german	kafka_verwandlung	2	TT	501	0.005049181649600903
german	kafka_verwandlung	2	TP	8	8.062565508344755e-05
german	kafka_verwandlung	2	PW	1	1.0078206885430944e-05
german	kafka_verwandlung	2	WW	2	2.0156413770861888e-05
german	kafka_verwandlung	2	WP	1	1.0078206885430944e-05
german	kafka_verwandlung	2	PG	1	1.0078206885430944e-05
german	kafka_verwandlung	2	GD	76	0.0007659437232927518
german	kafka_verwandlung	2	PN	2	2.0156413770861888e-05
german	kafka_verwandlung	2	ET	434	0.00437394178827703
german	kafka_verwandlung	2	TD	270	0.002721115859066355
german	kafka_verwandlung	2	IE	1860	0.018745464806901556
german	kafka_verwandlung	2	EV	113	0.0011388373780536966
german	kafka_verwandlung	2	VE	300	0.003023462065629283
german	kafka_verwandlung	2	RW	258	0.0026001773764411837
german	kafka_verwandlung	2	WA	546	0.005502700959445296
german	kafka_verwandlung	2	DL	52	0.0005240667580424091
german	kafka_verwandlung	2	LU	126	0.001269854067564299
german	kafka_verwandlung	2	UN	1315	0.013252842054341692
german	kafka_verwandlung	2	GV	23	0.0002317987583649117
german	kafka_verwandlung	2	VO	317	0.0031947915826816093
german	kafka_verwandlung	2	NF	158	0.0015923566878980893
german	kafka_verwandlung	2	NZ	360	0.00362815447875514
german	kafka_verwandlung	2	ZK	3	3.0234620656292832e-05
german	kafka_verwandlung	2	KA	143	0.001441183584616625
german	kafka_verwandlung	2	AF	105	0.001058211722970249
german	kafka_verwandlung	2	FK	5	5.039103442715472e-05
german	kafka_verwandlung	2	AK	13	0.00013101668951060228
german	kafka_verwandlung	2	KU	100	0.0010078206885430945
german	kafka_verwandlung	2	UR	597	0.0060166895106022735
german	kafka_verwandlung	2	RT	376	0.003789405788922035
german	kafka_verwandlung	2	TW	181	0.001824155446263001
german	kafka_verwandlung	2	WO	247	0.0024893171007014433
german	kafka_verwandlung	2	OL	219	0.002207127307909377
german	kafka_verwandlung	2	LF	29	0.0002922679996774974
german	kafka_verwandlung	2	FF	101	0.0010178988954285253
german	kafka_verwandlung	2	FV	8	8.062565508344755e-05
german	kafka_verwandlung	2	RL	179	0.001803999032492139
german	kafka_verwandlung	2	LA	389	0.003920422478432637
german	kafka_verwandlung	2	AG	221	0.0022272837216802386
german	kafka_verwandlung	2	GL	144	0.0014512617915020559
german	kafka_verwandlung	2	EI	1908	0.019229218737402243
german	kafka_verwandlung	2	IP	4	4.0312827541723776e-05
german	kafka_verwandlung	2	PZ	3	3.0234620656292832e-05
german	kafka_verwandlung	2	ZI	193	0.0019450939288881723
german	kafka_verwandlung	2	IG	418	0.004212690478110135
german	kafka_verwandlung	2	GB	18	0.00018140772393775698
german	kafka_verwandlung	2	CH	2996	0.03019430782875111
german	kafka_verwandlung	2	ID	68	0.0006853180682093042
german	kafka_verwandlung	2	RJ	28	0.00028218979279206644
german	kafka_verwandlung	2	JU	7	7.054744819801661e-05
german	kafka_verwandlung	2	GS	137	0.0013807143433040394
german	kafka_verwandlung	2	TA	362	0.003648310892526002
german	kafka_verwandlung	2	DG	63	0.0006349270337821495
german	kafka_verwandlung	2	GE	1454	0.014653712811416593
german	kafka_verwandlung	2	DR	105	0.001058211722970249
german	kafka_verwandlung	2	RU	516	0.0052003547528823675
german	kafka_verwandlung	2	CK	323	0.0032552608239941948
german	kafka_verwandlung	2	KT	106	0.0010682899298556801
german	kafka_verwandlung	2	TB	45	0.0004535193098443925
german	kafka_verwandlung	2	BE	1095	0.011035636539546884
german	kafka_verwandlung	2	TS	262	0.0026404902039829075
german	kafka_verwandlung	2	SC	861	0.008677336128356044
german	kafka_verwandlung	2	HB	43	0.0004333628960735306
german	kafka_verwandlung	2	BR	111	0.0011186809642828347
german	kafka_verwandlung	2	KN	22	0.00022172055147948077
german	kafka_verwandlung	2	WE	545	0.005492622752559864
german	kafka_verwandlung	2	IM	358	0.003607998064984278
german	kafka_verwandlung	2	AR	684	0.0068934935096347655
german	kafka_verwandlung	2	RC	78	0.0007861001370636137
german	kafka_verwandlung	2	CO	1	1.0078206885430944e-05
german	kafka_verwandlung	2	OP	60	0.0006046924131258566
german	kafka_verwandlung	2	PY	1	1.0078206885430944e-05
german	kafka_verwandlung	2	YR	1	1.0078206885430944e-05
german	kafka_verwandlung	2	GH	24	0.00024187696525034265
german	kafka_verwandlung	2	TK	26	0.00026203337902120456
german	kafka_verwandlung	2	GI	58	0.0005845359993549948
german	kafka_verwandlung	2	IA	11	0.00011086027573974039
german	kafka_verwandlung	2	LS	236	0.002378456824961703
german	kafka_verwandlung	2	SG	174	0.0017536079980649843
german	kafka_verwandlung	2	GR	372	0.003749092961380311
german	kafka_verwandlung	2	EG	648	0.006530678061759252
german	kafka_verwandlung	2	GO	284	0.002862210755462388
german	kafka_verwandlung	2	OR	699	0.00704466661291623
german	kafka_verwandlung	2	RS	768	0.007740062888010965
german	kafka_verwandlung	2	SA	414	0.0041723776505684105
german	kafka_verwandlung	2	MS	130	0.0013101668951060227
german	kafka_verwandlung	2	AE	14	0.00014109489639603322
german	kafka_verwandlung	2	ES	1635	0.016477868257679593
german	kafka_verwandlung	2	SM	66	0.0006651616544384423
german	kafka_verwandlung	2	MO	83	0.0008364911714907684
german	kafka_verwandlung	2	RG	335	0.0033761993066193665
german	kafka_verwandlung	2	EN	3865	0.0389522696121906
german	kafka_verwandlung	2	NS	715	0.007205917923083125
german	kafka_verwandlung	2	US	497	0.005008868822059179
german	kafka_verwandlung	2	SU	100	0.0010078206885430945
german	kafka_verwandlung	2	NR	62	0.0006248488268967185
german	kafka_verwandlung	2	UH	214	0.002156736273482222
german	kafka_verwandlung	2	HI	320	0.0032250262033379023
german	kafka_verwandlung	2	NT	419	0.0042227686849955655
german	kafka_verwandlung	2	UM	277	0.0027916633072643717
german	kafka_verwandlung	2	ME	596	0.006006611303716843
german	kafka_verwandlung	2	AC	317	0.0031947915826816093
german	kafka_verwandlung	2	EF	231	0.0023280657905345482
german	kafka_verwandlung	2	FA	204	0.0020559542046279127
german	kafka_verwandlung	2	SI	840	0.008465693783761993
german	kafka_verwandlung	2	IC	1273	0.012829557365153592
german	kafka_verwandlung	2	SE	1125	0.011337982746109813
german	kafka_verwandlung	2	EM	619	0.0062384100620817545
german	kafka_verwandlung	2	MB	56	0.0005643795855841329
german	kafka_verwandlung	2	TZ	250	0.002519551721357736
german	kafka_verwandlung	2	ZU	662	0.0066717729581552854
german	kafka_verwandlung	2	MU	245	0.002469160686930581
german	kafka_verwandlung	2	EH	455	0.00458558413287108
german	kafka_verwandlung	2	EU	285	0.0028722889623478192
german	kafka_verwandlung	2	NU	594	0.005986454889945981
german	kafka_verwandlung	2	EZ	169	0.0017032169636378295
german	kafka_verwandlung	2	FE	281	0.0028319761348060955
german	kafka_verwandlung	2	RV	197	0.001985406756429896
german	kafka_verwandlung	2	EL	582	0.005865516407320809
german	kafka_verwandlung	2	LT	317	0.0031947915826816093
german	kafka_verwandlung	2	GA	273	0.002751350479722648
german	kafka_verwandlung	2	UF	379	0.003819640409578328
german	kafka_verwandlung	2	FS	50	0.0005039103442715472
german	kafka_verwandlung	2	MP	41	0.0004132064823026687
german	kafka_verwandlung	2	PA	53	0.0005341449649278401
german	kafka_verwandlung	2	ZE	200	0.002015641377086189
german	kafka_verwandlung	2	TI	305	0.003073853100056438
german	kafka_verwandlung	2	HA	706	0.007115214061114246
german	kafka_verwandlung	2	KE	277	0.0027916633072643717
german	kafka_verwandlung	2	DS	133	0.0013404015157623156
german	kafka_verwandlung	2	AH	222	0.0022373619285656694
german	kafka_verwandlung	2	HW	237	0.0023885350318471337
german	kafka_verwandlung	2	NN	510	0.005139885511569782
german	kafka_verwandlung	2	RD	607	0.006117471579456583
german	kafka_verwandlung	2	NK	265	0.0026707248246392
german	kafka_verwandlung	2	KO	210	0.002116423445940498
german	kafka_verwandlung	2	PF	108	0.001088446343626542
german	kafka_verwandlung	2	NW	369	0.0037188583407240182
german	kafka_verwandlung	2	NI	607	0.006117471579456583
german	kafka_verwandlung	2	HO	258	0.0026001773764411837
german	kafka_verwandlung	2	OB	88	0.0008868822059179231
german	kafka_verwandlung	2	BS	68	0.0006853180682093042
german	kafka_verwandlung	2	EW	291	0.0029327582036604047
german	kafka_verwandlung	2	LB	72	0.0007256308957510279
german	kafka_verwandlung	2	BT	30	0.0003023462065629283
german	kafka_verwandlung	2	NB	211	0.0021265016528259294
german	kafka_verwandlung	2	NV	162	0.001632669515439813
german	kafka_verwandlung	2	BO	35	0.000352737240990083
german	kafka_verwandlung	2	OG	97	0.0009775860678868016
german	kafka_verwandlung	2	FO	81	0.0008163347577199065
german	kafka_verwandlung	2	RM	208	0.0020962670321696365
german	kafka_verwandlung	2	MI	358	0.003607998064984278
german	kafka_verwandlung	2	IF	38	0.0003829718616463759
german	kafka_verwandlung	2	FU	164	0.001652825929210675
german	kafka_verwandlung	2	IL	174	0.0017536079980649843
german	kafka_verwandlung	2	FD	130	0.0013101668951060227
german	kafka_verwandlung	2	SS	866	0.008727727162783198
german	kafka_verwandlung	2	NH	207	0.0020861888252842052
german	kafka_verwandlung	2	OH	180	0.00181407723937757
german	kafka_verwandlung	2	HD	157	0.0015822784810126582
german	kafka_verwandlung	2	EB	301	0.0030335402725147143
german	kafka_verwandlung	2	EC	132	0.0013303233088768846
german	kafka_verwandlung	2	MG	66	0.0006651616544384423
german	kafka_verwandlung	2	ZL	34	0.0003426590341046521
german	kafka_verwandlung	2	IT	554	0.005583326614528743
german	kafka_verwandlung	2	MN	46	0.0004635975167298234
german	kafka_verwandlung	2	NO	156	0.0015722002741272274
german	kafka_verwandlung	2	OC	206	0.0020761106183987744
german	kafka_verwandlung	2	RH	244	0.0024590824800451504
german	kafka_verwandlung	2	VI	97	0.0009775860678868016
german	kafka_verwandlung	2	MV	41	0.0004132064823026687
german	kafka_verwandlung	2	HZ	72	0.0007256308957510279
german	kafka_verwandlung	2	SO	307	0.0030940095138272997
german	kafka_verwandlung	2	MF	52	0.0005240667580424091
german	kafka_verwandlung	2	GK	21	0.00021164234459404983
german	kafka_verwandlung	2	KL	128	0.0012900104813351608
german	kafka_verwandlung	2	FL	70	0.000705474481980166
german	kafka_verwandlung	2	MM	342	0.0034467467548173827
german	kafka_verwandlung	2	IH	348	0.0035072159961299686
german	kafka_verwandlung	2	HM	198	0.001995484963315327
german	kafka_verwandlung	2	MH	33	0.00033258082721922115
german	kafka_verwandlung	2	LO	119	0.0011993066193662822
german	kafka_verwandlung	2	OS	175	0.0017636862049504151
german	kafka_verwandlung	2	SV	64	0.0006450052406675804
german	kafka_verwandlung	2	UG	152	0.0015318874465855036
german	kafka_verwandlung	2	TM	89	0.000896960412803354
german	kafka_verwandlung	2	IR	103	0.0010380553091993872
german	kafka_verwandlung	2	DA	668	0.00673224219946787
german	kafka_verwandlung	2	EE	377	0.0037994839958074658
german	kafka_verwandlung	2	SW	130	0.0013101668951060227
german	kafka_verwandlung	2	RK	180	0.00181407723937757
german	kafka_verwandlung	2	SN	78	0.0007861001370636137
german	kafka_verwandlung	2	SZ	103	0.0010380553091993872
german	kafka_verwandlung	2	UK	33	0.00033258082721922115
german	kafka_verwandlung	2	GZ	25	0.0002519551721357736
german	kafka_verwandlung	2	ZW	68	0.0006853180682093042
german	kafka_verwandlung	2	WI	311	0.0031343223413690235
german	kafka_verwandlung	2	HL	275	0.0027715068934935096
german	kafka_verwandlung	2	EK	109	0.0010985245505119728
german	kafka_verwandlung	2	UB	226	0.002277674756107393
german	kafka_verwandlung	2	MT	55	0.0005543013786987019
german	kafka_verwandlung	2	EP	37	0.0003728936547609449
german	kafka_verwandlung	2	LL	440	0.0044344110295896156
german	kafka_verwandlung	2	IO	20	0.0002015641377086189
german	kafka_verwandlung	2	TU	347	0.0034971377892445378
german	kafka_verwandlung	2	AW	7	7.054744819801661e-05
german	kafka_verwandlung	2	RR	170	0.0017132951705232605
german	kafka_verwandlung	2	SB	60	0.0006046924131258566
german	kafka_verwandlung	2	BI	67	0.0006752398613238732
german	kafka_verwandlung	2	LD	107	0.001078368136741111
german	kafka_verwandlung	2	DD	152	0.0015318874465855036
german	kafka_verwandlung	2	RZ	215	0.002166814480367653
german	kafka_verwandlung	2	HR	445	0.00448480206401677
german	kafka_verwandlung	2	FT	132	0.0013303233088768846
german	kafka_verwandlung	2	HN	360	0.00362815447875514
german	kafka_verwandlung	2	HU	124	0.001249697653793437
german	kafka_verwandlung	2	PE	91	0.0009171168265742159
german	kafka_verwandlung	2	LZ	38	0.0003829718616463759
german	kafka_verwandlung	2	ZH	6	6.0469241312585663e-05
german	kafka_verwandlung	2	RP	65	0.0006550834475530114
german	kafka_verwandlung	2	ZB	3	3.0234620656292832e-05
german	kafka_verwandlung	2	OA	10	0.00010078206885430945
german	kafka_verwandlung	2	AV	11	0.00011086027573974039
german	kafka_verwandlung	2	NP	40	0.0004031282754172378
german	kafka_verwandlung	2	ZM	4	4.0312827541723776e-05
german	kafka_verwandlung	2	FI	76	0.0007659437232927518
german	kafka_verwandlung	2	WU	106	0.0010682899298556801
german	kafka_verwandlung	2	TG	113	0.0011388373780536966
german	kafka_verwandlung	2	BG	11	0.00011086027573974039
german	kafka_verwandlung	2	BL	129	0.0013000886882205919
german	kafka_verwandlung	2	KR	64	0.0006450052406675804
german	kafka_verwandlung	2	SF	49	0.0004938321373861163
german	kafka_verwandlung	2	NM	202	0.0020357977908570506
german	kafka_verwandlung	2	NC	28	0.00028218979279206644
german	kafka_verwandlung	2	GW	35	0.000352737240990083
german	kafka_verwandlung	2	AB	318	0.00320486978956704
german	kafka_verwandlung	2	HF	21	0.00021164234459404983
german	kafka_verwandlung	2	DN	41	0.0004132064823026687
german	kafka_verwandlung	2	LC	40	0.0004031282754172378
german	kafka_verwandlung	2	RF	180	0.00181407723937757
german	kafka_verwandlung	2	LH	15	0.00015117310328146416
german	kafka_verwandlung	2	SD	182	0.0018342336531484318
german	kafka_verwandlung	2	MD	96	0.0009675078610013706
german	kafka_verwandlung	2	ZA	32	0.0003225026203337902
german	kafka_verwandlung	2	AP	47	0.00047367572361525437
german	kafka_verwandlung	2	PP	32	0.0003225026203337902
german	kafka_verwandlung	2	LN	43	0.0004333628960735306
german	kafka_verwandlung	2	ZZ	4	4.0312827541723776e-05
german	kafka_verwandlung	2	HG	88	0.0008868822059179231
german	kafka_verwandlung	2	OT	78	0.0007861001370636137
german	kafka_verwandlung	2	FH	14	0.00014109489639603322
german	kafka_verwandlung	2	TL	84	0.0008465693783761993
german	kafka_verwandlung	2	GU	111	0.0011186809642828347
german	kafka_verwandlung	2	DV	35	0.000352737240990083
german	kafka_verwandlung	2	LG	42	0.00042328468918809966
german	kafka_verwandlung	2	PL	25	0.0002519551721357736
german	kafka_verwandlung	2	LM	16	0.0001612513101668951
german	kafka_verwandlung	2	HS	146	0.0014714182052729177
german	kafka_verwandlung	2	SH	64	0.0006450052406675804
german	kafka_verwandlung	2	SJ	13	0.00013101668951060228
german	kafka_verwandlung	2	MR	17	0.00017132951705232604
german	kafka_verwandlung	2	FB	11	0.00011086027573974039
german	kafka_verwandlung	2	EJ	25	0.0002519551721357736
german	kafka_verwandlung	2	PU	11	0.00011086027573974039
german	kafka_verwandlung	2	TC	1	1.0078206885430944e-05
german	kafka_verwandlung	2	ZT	99	0.0009977424816576634
german	kafka_verwandlung	2	DW	64	0.0006450052406675804
german	kafka_verwandlung	2	ZO	25	0.0002519551721357736
german	kafka_verwandlung	2	KD	18	0.00018140772393775698
german	kafka_verwandlung	2	MW	37	0.0003728936547609449
german	kafka_verwandlung	2	SP	125	0.001259775860678868
german	kafka_verwandlung	2	PI	43	0.0004333628960735306
german	kafka_verwandlung	2	ML	32	0.0003225026203337902
german	kafka_verwandlung	2	KG	21	0.00021164234459404983
german	kafka_verwandlung	2	UU	14	0.00014109489639603322
german	kafka_verwandlung	2	MC	2	2.0156413770861888e-05
german	kafka_verwandlung	2	BD	15	0.00015117310328146416
german	kafka_verwandlung	2	TF	45	0.0004535193098443925
german	kafka_verwandlung	2	KH	6	6.0469241312585663e-05
german	kafka_verwandlung	2	HH	39	0.00039305006853180684
german	kafka_verwandlung	2	DH	46	0.0004635975167298234
german	kafka_verwandlung	2	TV	55	0.0005543013786987019
german	kafka_verwandlung	2	OM	90	0.000907038619688785
german	kafka_verwandlung	2	UL	66	0.0006651616544384423
german	kafka_verwandlung	2	BM	3	3.0234620656292832e-05
german	kafka_verwandlung	2	ZN	3	3.0234620656292832e-05
german	kafka_verwandlung	2	FN	54	0.000544223171813271
german	kafka_verwandlung	2	TN	78	0.0007861001370636137
german	kafka_verwandlung	2	FG	43	0.0004333628960735306
german	kafka_verwandlung	2	BZ	6	6.0469241312585663e-05
german	kafka_verwandlung	2	UZ	11	0.00011086027573974039
german	kafka_verwandlung	2	GF	23	0.0002317987583649117
german	kafka_verwandlung	2	MK	48	0.0004837539305006853
german	kafka_verwandlung	2	VA	108	0.001088446343626542
german	kafka_verwandlung	2	BV	4	4.0312827541723776e-05
german	kafka_verwandlung	2	IV	6	6.0469241312585663e-05
german	kafka_verwandlung	2	HV	49	0.0004938321373861163
german	kafka_verwandlung	2	TJ	16	0.0001612513101668951
german	kafka_verwandlung	2	UV	31	0.00031242441344835926
german	kafka_verwandlung	2	TO	64	0.0006450052406675804
german	kafka_verwandlung	2	JE	83	0.0008364911714907684
german	kafka_verwandlung	2	GG	37	0.0003728936547609449
german	kafka_verwandlung	2	DO	90	0.000907038619688785
german	kafka_verwandlung	2	SL	56	0.0005643795855841329
german	kafka_verwandlung	2	HK	37	0.0003728936547609449
german	kafka_verwandlung	2	KM	3	3.0234620656292832e-05
german	kafka_verwandlung	2	FJ	5	5.039103442715472e-05
german	kafka_verwandlung	2	LK	12	0.00012093848262517133
german	kafka_verwandlung	2	FM	23	0.0002317987583649117
german	kafka_verwandlung	2	UP	21	0.00021164234459404983
german	kafka_verwandlung	2	PT	14	0.00014109489639603322
german	kafka_verwandlung	2	ZG	8	8.062565508344755e-05
german	kafka_verwandlung	2	FW	5	5.039103442715472e-05
german	kafka_verwandlung	2	SK	58	0.0005845359993549948
german	kafka_verwandlung	2	PS	1	1.0078206885430944e-05
german	kafka_verwandlung	2	KI	24	0.00024187696525034265
german	kafka_verwandlung	2	FZ	30	0.0003023462065629283
german	kafka_verwandlung	2	NJ	26	0.00026203337902120456
german	kafka_verwandlung	2	AJ	3	3.0234620656292832e-05
german	kafka_verwandlung	2	KS	47	0.00047367572361525437
german	kafka_verwandlung	2	KZ	15	0.00015117310328146416
german	kafka_verwandlung	2	UW	22	0.00022172055147948077
german	kafka_verwandlung	2	LV	12	0.00012093848262517133
german	kafka_verwandlung	2	OU	5	5.039103442715472e-05
german	kafka_verwandlung	2	OW	20	0.0002015641377086189
german	kafka_verwandlung	2	GN	32	0.0003225026203337902
german	kafka_verwandlung	2	GM	19	0.00019148593082318795
german	kafka_verwandlung	2	ZD	29	0.0002922679996774974
german	kafka_verwandlung	2	DZ	26	0.00026203337902120456
german	kafka_verwandlung	2	UD	55	0.0005543013786987019
german	kafka_verwandlung	2	DK	19	0.00019148593082318795
german	kafka_verwandlung	2	UO	9	9.070386196887849e-05
german	kafka_verwandlung	2	II	9	9.070386196887849e-05
german	kafka_verwandlung	2	DM	35	0.000352737240990083
german	kafka_verwandlung	2	KW	9	9.070386196887849e-05
german	kafka_verwandlung	2	MZ	42	0.00042328468918809966
german	kafka_verwandlung	2	DC	14	0.00014109489639603322
german	kafka_verwandlung	2	OE	8	8.062565508344755e-05
german	kafka_verwandlung	2	KB	7	7.054744819801661e-05
german	kafka_verwandlung	2	OK	47	0.00047367572361525437
german	kafka_verwandlung	2	AZ	10	0.00010078206885430945
german	kafka_verwandlung	2	BN	4	4.0312827541723776e-05
german	kafka_verwandlung	2	AI	9	9.070386196887849e-05
german	kafka_verwandlung	2	IU	7	7.054744819801661e-05
german	kafka_verwandlung	2	PO	7	7.054744819801661e-05
german	kafka_verwandlung	2	HJ	12	0.00012093848262517133
german	kafka_verwandlung	2	IK	6	6.0469241312585663e-05
german	kafka_verwandlung	2	ZF	1	1.0078206885430944e-05
german	kafka_verwandlung	2	LW	10	0.00010078206885430945
german	kafka_verwandlung	2	AO	3	3.0234620656292832e-05
german	kafka_verwandlung	2	RQ	2	2.0156413770861888e-05
german	kafka_verwandlung	2	QU	9	9.070386196887849e-05
german	kafka_verwandlung	2	UA	8	8.062565508344755e-05
german	kafka_verwandlung	2	LR	8	8.062565508344755e-05
german	kafka_verwandlung	2	ZS	5	5.039103442715472e-05
german	kafka_verwandlung	2	DF	21	0.00021164234459404983
german	kafka_verwandlung	2	LJ	3	3.0234620656292832e-05
german	kafka_verwandlung	2	DJ	8	8.062565508344755e-05
german	kafka_verwandlung	2	UI	14	0.00014109489639603322
german	kafka_verwandlung	2	PH	4	4.0312827541723776e-05
german	kafka_verwandlung	2	BW	7	7.054744819801661e-05
german	kafka_verwandlung	2	MJ	4	4.0312827541723776e-05
german	kafka_verwandlung	2	OV	6	6.0469241312585663e-05
german	kafka_verwandlung	2	BH	6	6.0469241312585663e-05
german	kafka_verwandlung	2	IZ	6	6.0469241312585663e-05
german	kafka_verwandlung	2	IX	1	1.0078206885430944e-05
german	kafka_verwandlung	2	XE	1	1.0078206885430944e-05
german	kafka_verwandlung	2	KC	2	2.0156413770861888e-05
german	kafka_verwandlung	2	EQ	5	5.039103442715472e-05
german	kafka_verwandlung	2	IJ	2	2.0156413770861888e-05
german	kafka_verwandlung	2	BJ	1	1.0078206885430944e-05
german	kafka_verwandlung	2	KV	2	2.0156413770861888e-05
german	kafka_verwandlung	2	DQ	1	1.0078206885430944e-05
german	kafka_verwandlung	2	KK	4	4.0312827541723776e-05
german	kafka_verwandlung	2	BB	6	6.0469241312585663e-05
german	kafka_verwandlung	2	XI	1	1.0078206885430944e-05
german	kafka_verwandlung	2	ZV	5	5.039103442715472e-05
german	kafka_verwandlung	2	HC	2	2.0156413770861888e-05
german	kafka_verwandlung	2	LP	1	1.0078206885430944e-05
german	kafka_verwandlung	2	HQ	1	1.0078206885430944e-05
german	kafka_verwandlung	2	GJ	1	1.0078206885430944e-05
german	kafka_verwandlung	2	HP	1	1.0078206885430944e-05
german	kafka_verwandlung	2	IW	5	5.039103442715472e-05
german	kafka_verwandlung	2	BF	3	3.0234620656292832e-05
german	kafka_verwandlung	2	OI	3	3.0234620656292832e-05
german	kafka_verwandlung	2	KF	2	2.0156413770861888e-05
german	kafka_verwandlung	2	VR	2	2.0156413770861888e-05
german	kafka_verwandlung	2	FC	1	1.0078206885430944e-05
german	kafka_verwandlung	2	ZR	1	1.0078206885430944e-05
german	kafka_verwandlung	2	BK	1	1.0078206885430944e-05
german	nietzsche_zarathustra	2	CO	2	4.867778954157692e-06
german	nietzsche_zarathustra	2	OV	42	0.00010222335803731152
german	nietzsche_zarathustra	2	VE	916	0.0022294427610042226
german	nietzsche_zarathustra	2	ER	14281	0.034758375622162996
german	nietzsche_zarathustra	2	RA	3687	0.008973750501989704
german	nietzsche_zarathustra	2	AL	2664	0.0064838815669380455
german	nietzsche_zarathustra	2	LS	1264	0.0030764362990276612
german	nietzsche_zarathustra	2	SO	1607	0.003911260389665706
german	nietzsche_zarathustra	2	OS	977	0.0023779100191060323
german	nietzsche_zarathustra	2	SP	785	0.001910603239506894
german	nietzsche_zarathustra	2	PR	619	0.0015065775863118056
german	nietzsche_zarathustra	2	AC	1751	0.004261740474365059
german	nietzsche_zarathustra	2	CH	14557	0.03543012911783676
german	nietzsche_zarathustra	2	HZ	446	0.0010855147067771653
german	nietzsche_zarathustra	2	ZA	728	0.0017718715393133999
german	nietzsche_zarathustra	2	AR	2177	0.005298577391600647
german	nietzsche_zarathustra	2	AT	1346	0.0032760152361481264
german	nietzsche_zarathustra	2	TH	1867	0.004544071653706205
german	nietzsche_zarathustra	2	HU	1352	0.0032906185730105994
german	nietzsche_zarathustra	2	US	2258	0.005495722439244034
german	nietzsche_zarathustra	2	ST	6010	0.014627675757243863
german	nietzsche_zarathustra	2	TR	1326	0.0032273374466065497
german	nietzsche_zarathustra	2	AE	81	0.00019714504764338652
german	nietzsche_zarathustra	2	EI	10405	0.025324620009005393
german	nietzsche_zarathustra	2	IN	7672	0.018672800068148906
german	nietzsche_zarathustra	2	NB	602	0.0014652014652014652
german	nietzsche_zarathustra	2	BU	163	0.0003967239847638519
german	nietzsche_zarathustra	2	UC	1671	0.004067029316198751
german	nietzsche_zarathustra	2	HF	140	0.0003407445267910384
german	nietzsche_zarathustra	2	FU	537	0.0013069986491913402
german	nietzsche_zarathustra	2	UR	1595	0.0038820537159407593
german	nietzsche_zarathustra	2	LL	2636	0.006415732661579837
german	nietzsche_zarathustra	2	LE	4269	0.010390274177649593
german	nietzsche_zarathustra	2	EU	2247	0.0054689496549961665
german	nietzsche_zarathustra	2	UN	6564	0.015976050527545544
german	nietzsche_zarathustra	2	ND	9521	0.023173061711267692
german	nietzsche_zarathustra	2	DK	133	0.0003237073004514865
german	nietzsche_zarathustra	2	KE	1370	0.003334428583598019
german	nietzsche_zarathustra	2	NE	5265	0.012814428096820124
german	nietzsche_zarathustra	2	EN	14597	0.035527484696919916
german	nietzsche_zarathustra	2	NV	404	0.0009832913487398537
german	nietzsche_zarathustra	2	VO	1251	0.003044795735825636
german	nietzsche_zarathustra	2	ON	1301	0.0031664902096795785
german	nietzsche_zarathustra	2	NF	578	0.001406788117751573
german	nietzsche_zarathustra	2	FR	598	0.0014554659072931499
german	nietzsche_zarathustra	2	RI	1439	0.003502366957516459
german	nietzsche_zarathustra	2	IE	6533	0.0159005999537561
german	nietzsche_zarathustra	2	ED	2449	0.005960595329366093
german	nietzsche_zarathustra	2	DR	332	0.0008080513063901769
german	nietzsche_zarathustra	2	IC	6240	0.015187470336971999
german	nietzsche_zarathustra	2	HW	952	0.002317062782179061
german	nietzsche_zarathustra	2	WI	2259	0.0054981563287211125
german	nietzsche_zarathustra	2	IL	1103	0.002684580093217967
german	nietzsche_zarathustra	2	LH	68	0.00016550448444136153
german	nietzsche_zarathustra	2	HE	5173	0.01259051026492887
german	nietzsche_zarathustra	2	EL	3347	0.008146228079782897
german	nietzsche_zarathustra	2	LM	143	0.00034804619522227495
german	nietzsche_zarathustra	2	MN	107	0.00026042617404743653
german	nietzsche_zarathustra	2	NI	2480	0.006036045903155538
german	nietzsche_zarathustra	2	ET	1578	0.0038406775948304187
german	nietzsche_zarathustra	2	TZ	867	0.0021101821766273594
german	nietzsche_zarathustra	2	ZS	41	9.978946856023268e-05
german	nietzsche_zarathustra	2	SC	3388	0.00824601754834313
german	nietzsche_zarathustra	2	NH	743	0.0018083798814695824
german	nietzsche_zarathustra	2	HA	2305	0.00561011524466674
german	nietzsche_zarathustra	2	LT	1116	0.002716220656419992
german	nietzsche_zarathustra	2	TS	1223	0.0029766468304674287
german	nietzsche_zarathustra	2	SV	229	0.0005573606902510557
german	nietzsche_zarathustra	2	RZ	811	0.001973884365910944
german	nietzsche_zarathustra	2	ZE	865	0.0021053143976732017
german	nietzsche_zarathustra	2	HN	1332	0.0032419407834690227
german	nietzsche_zarathustra	2	IS	2772	0.00674674163046256
german	nietzsche_zarathustra	2	SE	4948	0.01204288513258613
german	nietzsche_zarathustra	2	RS	2255	0.005488420770812797
german	nietzsche_zarathustra	2	TE	7096	0.017270879729351492
german	nietzsche_zarathustra	2	RT	1552	0.0037773964684263686
german	nietzsche_zarathustra	2	LZ	171	0.00041619510058048265
german	nietzsche_zarathustra	2	AS	2931	0.007133730057318097
german	nietzsche_zarathustra	2	OR	1232	0.002998551835761138
german	nietzsche_zarathustra	2	RR	463	0.0011268908278875057
german	nietzsche_zarathustra	2	RE	4129	0.010049529650858554
german	nietzsche_zarathustra	2	DE	8643	0.021036106750392466
german	nietzsche_zarathustra	2	DI	3398	0.008270356443113918
german	nietzsche_zarathustra	2	NZ	695	0.001691553186569798
german	nietzsche_zarathustra	2	IV	12	2.920667372494615e-05
german	nietzsche_zarathustra	2	RW	1156	0.002813576235503146
german	nietzsche_zarathustra	2	WA	1906	0.00463899334331228
german	nietzsche_zarathustra	2	AN	2937	0.00714833339418057
german	nietzsche_zarathustra	2	DL	355	0.0008640307643629902
german	nietzsche_zarathustra	2	LU	876	0.002132087181921069
german	nietzsche_zarathustra	2	NG	2572	0.006259963735046791
german	nietzsche_zarathustra	2	GE	5511	0.01341316490818152
german	nietzsche_zarathustra	2	NL	523	0.0012729241965122363
german	nietzsche_zarathustra	2	EH	2171	0.005283974054738174
german	nietzsche_zarathustra	2	HR	2463	0.005994669782045197
german	nietzsche_zarathustra	2	TU	1207	0.002937704598834167
german	nietzsche_zarathustra	2	UH	352	0.0008567290959317537
german	nietzsche_zarathustra	2	HL	1235	0.0030058535041923747
german	nietzsche_zarathustra	2	UG	861	0.0020955788397648864
german	nietzsche_zarathustra	2	DV	170	0.0004137612111034038
german	nietzsche_zarathustra	2	HI	1486	0.0036167597629391647
german	nietzsche_zarathustra	2	NT	1294	0.0031494529833400267
german	nietzsche_zarathustra	2	WE	2586	0.006294038187725896
german	nietzsche_zarathustra	2	TL	403	0.0009808574592627749
german	nietzsche_zarathustra	2	RN	1582	0.003850413152738734
german	nietzsche_zarathustra	2	HT	3066	0.0074623051367237415
german	nietzsche_zarathustra	2	ES	5822	0.01417010453555304
german	nietzsche_zarathustra	2	SL	372	0.0009054068854733306
german	nietzsche_zarathustra	2	IB	251	0.0006109062587467903
german	nietzsche_zarathustra	2	BE	4411	0.01073588648339479
german	nietzsche_zarathustra	2	UD	474	0.0011536636121353729
german	nietzsche_zarathustra	2	NU	2161	0.005259635159967386
german	nietzsche_zarathustra	2	ID	507	0.0012339819648789748
german	nietzsche_zarathustra	2	NS	3648	0.00887882881238363
german	nietzsche_zarathustra	2	AF	500	0.001216944738539423
german	nietzsche_zarathustra	2	FT	534	0.0012996969807601037
german	nietzsche_zarathustra	2	OM	417	0.0010149319119418787
german	nietzsche_zarathustra	2	MB	149	0.00036264953208474805
german	nietzsche_zarathustra	2	BL	422	0.001027101359327273
german	nietzsche_zarathustra	2	RB	667	0.0016234042812115902
german	nietzsche_zarathustra	2	BR	480	0.001168266948997846
german	nietzsche_zarathustra	2	EC	528	0.0012850936438976307
german	nietzsche_zarathustra	2	RV	321	0.0007812785221423095
german	nietzsche_zarathustra	2	ML	325	0.0007910140800506249
german	nietzsche_zarathustra	2	DS	771	0.0018765287868277901
german	nietzsche_zarathustra	2	BA	332	0.0008080513063901769
german	nietzsche_zarathustra	2	AU	2973	0.007235953415355409
german	nietzsche_zarathustra	2	UM	1078	0.0026237328562909957
german	nietzsche_zarathustra	2	MA	1207	0.002937704598834167
german	nietzsche_zarathustra	2	AM	1051	0.002558017840409867
german	nietzsche_zarathustra	2	RG	1181	0.002874423472430117
german	nietzsche_zarathustra	2	EV	366	0.0008908035486108576
german	nietzsche_zarathustra	2	NP	74	0.00018010782130383458
german	nietzsche_zarathustra	2	IG	1485	0.003614325873462086
german	nietzsche_zarathustra	2	TO	368	0.0008956713275650153
german	nietzsche_zarathustra	2	OD	420	0.0010222335803731152
german	nietzsche_zarathustra	2	MK	141	0.0003431784162681173
german	nietzsche_zarathustra	2	KR	255	0.0006206418166551057
german	nietzsche_zarathustra	2	EG	1582	0.003850413152738734
german	nietzsche_zarathustra	2	GU	542	0.0013191680965767344
german	nietzsche_zarathustra	2	GS	370	0.0009005391065191729
german	nietzsche_zarathustra	2	OL	1205	0.0029328368198800092
german	nietzsche_zarathustra	2	LK	218	0.0005305879060031884
german	nietzsche_zarathustra	2	UE	554	0.0013483747703016806
german	nietzsche_zarathustra	2	GO	326	0.0007934479695277037
german	nietzsche_zarathustra	2	OT	462	0.0011244569384104269
german	nietzsche_zarathustra	2	FL	369	0.0008981052170420941
german	nietzsche_zarathustra	2	LI	2630	0.006401129324717364
german	nietzsche_zarathustra	2	SM	431	0.0010490063646209826
german	nietzsche_zarathustra	2	RK	561	0.0013654119966412326
german	nietzsche_zarathustra	2	KT	347	0.0008445596485463596
german	nietzsche_zarathustra	2	HH	262	0.0006376790429946576
german	nietzsche_zarathustra	2	IT	2055	0.005001642875397028
german	nietzsche_zarathustra	2	TV	267	0.0006498484903800518
german	nietzsche_zarathustra	2	MF	101	0.0002458228371849634
german	nietzsche_zarathustra	2	TA	1386	0.00337337081523128
german	nietzsche_zarathustra	2	DU	1513	0.0036824747788202937
german	nietzsche_zarathustra	2	EM	2115	0.005147676244021759
german	nietzsche_zarathustra	2	MZ	95	0.00023121950032249034
german	nietzsche_zarathustra	2	ZI	165	0.00040159176371800954
german	nietzsche_zarathustra	2	NA	2331	0.005673396371070789
german	nietzsche_zarathustra	2	HS	1078	0.0026237328562909957
german	nietzsche_zarathustra	2	EB	1734	0.004220364353254719
german	nietzsche_zarathustra	2	MW	226	0.0005500590218198192
german	nietzsche_zarathustra	2	SS	3423	0.008331203680040889
german	nietzsche_zarathustra	2	FF	281	0.0006839229430591557
german	nietzsche_zarathustra	2	FE	1398	0.0034025774889562266
german	nietzsche_zarathustra	2	DJ	49	0.00011926058437686345
german	nietzsche_zarathustra	2	JU	95	0.00023121950032249034
german	nietzsche_zarathustra	2	NW	1559	0.003794433694765921
german	nietzsche_zarathustra	2	BI	555	0.0013508086597787594
german	nietzsche_zarathustra	2	SD	770	0.0018740948973507113
german	nietzsche_zarathustra	2	TT	914	0.002224574982050065
german	nietzsche_zarathustra	2	NK	944	0.0022975916663624304
german	nietzsche_zarathustra	2	KI	171	0.00041619510058048265
german	nietzsche_zarathustra	2	DZ	191	0.0004648728901220596
german	nietzsche_zarathustra	2	ZW	237	0.0005768318060676864
german	nietzsche_zarathustra	2	LD	566	0.0013775814440266268
german	nietzsche_zarathustra	2	DA	3202	0.0077933141056064645
german	nietzsche_zarathustra	2	SK	134	0.00032614118992856534
german	nietzsche_zarathustra	2	DM	276	0.0006717534956737615
german	nietzsche_zarathustra	2	MI	2059	0.005011378433305343
german	nietzsche_zarathustra	2	TD	1966	0.004785026711937011
german	nietzsche_zarathustra	2	MS	479	0.0011658330595207672
german	nietzsche_zarathustra	2	PI	141	0.0003431784162681173
german	nietzsche_zarathustra	2	LA	1480	0.0036021564260766917
german	nietzsche_zarathustra	2	UF	1034	0.0025166417192995266
german	nietzsche_zarathustra	2	FD	222	0.0005403234639115038
german	nietzsche_zarathustra	2	GL	744	0.0018108137709466612
german	nietzsche_zarathustra	2	CK	822	0.0020006571501588115
german	nietzsche_zarathustra	2	KS	127	0.0003091039635890134
german	nietzsche_zarathustra	2	LN	286	0.0006960923904445499
german	nietzsche_zarathustra	2	NM	1054	0.0025653195088411037
german	nietzsche_zarathustra	2	DH	252	0.0006133401482238691
german	nietzsche_zarathustra	2	MG	255	0.0006206418166551057
german	nietzsche_zarathustra	2	SI	3036	0.007389288452411376
german	nietzsche_zarathustra	2	LV	60	0.00014603336862473076
german	nietzsche_zarathustra	2	RU	1685	0.0041011037688778555
german	nietzsche_zarathustra	2	HM	1028	0.0025020383824370536
german	nietzsche_zarathustra	2	MT	307	0.0007472040694632057
german	nietzsche_zarathustra	2	SN	272	0.0006620179377654461
german	nietzsche_zarathustra	2	DD	636	0.001547953707422146
german	nietzsche_zarathustra	2	ZL	45	0.00010952502646854806
german	nietzsche_zarathustra	2	SG	554	0.0013483747703016806
german	nietzsche_zarathustra	2	GR	671	0.0016331398391199055
german	nietzsche_zarathustra	2	AB	1458	0.0035486108575809574
german	nietzsche_zarathustra	2	LB	556	0.0013532425492558382
german	nietzsche_zarathustra	2	BS	247	0.000601170700838475
german	nietzsche_zarathustra	2	UB	948	0.0023073272242707457
german	nietzsche_zarathustra	2	GV	52	0.0001265622528081
german	nietzsche_zarathustra	2	RH	839	0.0020420332712691516
german	nietzsche_zarathustra	2	EF	713	0.0017353631971572172
german	nietzsche_zarathustra	2	NN	1898	0.004619522227495649
german	nietzsche_zarathustra	2	TN	453	0.0011025519331167171
german	nietzsche_zarathustra	2	RO	771	0.0018765287868277901
german	nietzsche_zarathustra	2	GN	203	0.0004940795638470057
german	nietzsche_zarathustra	2	AH	983	0.0023925133559685053
german	nietzsche_zarathustra	2	SA	1371	0.0033368624730750977
german	nietzsche_zarathustra	2	AG	860	0.0020931449502878076
german	nietzsche_zarathustra	2	RL	945	0.002300025555839509
german	nietzsche_zarathustra	2	LO	418	0.0010173658014189576
german	nietzsche_zarathustra	2	SU	701	0.001706156523432271
german	nietzsche_zarathustra	2	RM	1026	0.002497170603482896
german	nietzsche_zarathustra	2	ME	3069	0.007469606805154978
german	nietzsche_zarathustra	2	KL	411	0.0010003285750794057
german	nietzsche_zarathustra	2	GH	66	0.00016063670548720384
german	nietzsche_zarathustra	2	TI	1377	0.0033514658099375707
german	nietzsche_zarathustra	2	GK	160	0.0003894223163326153
german	nietzsche_zarathustra	2	TW	801	0.0019495454711401555
german	nietzsche_zarathustra	2	FG	50	0.0001216944738539423
german	nietzsche_zarathustra	2	GA	421	0.001024667469850194
german	nietzsche_zarathustra	2	MO	245	0.0005963029218843172
german	nietzsche_zarathustra	2	MV	80	0.00019471115816630766
german	nietzsche_zarathustra	2	BT	418	0.0010173658014189576
german	nietzsche_zarathustra	2	IM	719	0.0017499665340196902
german	nietzsche_zarathustra	2	BO	280	0.0006814890535820768
german	nietzsche_zarathustra	2	DN	278	0.0006766212746279191
german	nietzsche_zarathustra	2	RD	2321	0.005649057476300001
german	nietzsche_zarathustra	2	SJ	62	0.00015090114757888845
german	nietzsche_zarathustra	2	JA	128	0.0003115378530660923
german	nietzsche_zarathustra	2	VI	286	0.0006960923904445499
german	nietzsche_zarathustra	2	ZT	318	0.000773976853711073
german	nietzsche_zarathustra	2	SH	441	0.001073345259391771
german	nietzsche_zarathustra	2	HO	1181	0.002874423472430117
german	nietzsche_zarathustra	2	OP	144	0.0003504800846993538
german	nietzsche_zarathustra	2	PF	334	0.0008129190853443345
german	nietzsche_zarathustra	2	NO	897	0.002183198860939725
german	nietzsche_zarathustra	2	KO	429	0.001044138585666825
german	nietzsche_zarathustra	2	UT	1026	0.002497170603482896
german	nietzsche_zarathustra	2	HD	1170	0.0028476506881822496
german	nietzsche_zarathustra	2	RF	585	0.0014238253440911248
german	nietzsche_zarathustra	2	IW	39	9.492168960607498e-05
german	nietzsche_zarathustra	2	GD	197	0.0004794762269845326
german	nietzsche_zarathustra	2	MH	183	0.0004454017743054288
german	nietzsche_zarathustra	2	OH	1094	0.0026626750879242575
german	nietzsche_zarathustra	2	MU	706	0.0017183259708176651
german	nietzsche_zarathustra	2	HV	211	0.0005135506796636364
german	nietzsche_zarathustra	2	OC	1110	0.002701617319557519
german	nietzsche_zarathustra	2	WU	416	0.0010124980224648
german	nietzsche_zarathustra	2	EE	1221	0.002971779051513271
german	nietzsche_zarathustra	2	KU	238	0.0005792656955447653
german	nietzsche_zarathustra	2	SF	155	0.0003772528689472211
german	nietzsche_zarathustra	2	SZ	224	0.0005451912428656615
german	nietzsche_zarathustra	2	EA	829	0.0020176943764983633
german	nietzsche_zarathustra	2	AD	344	0.000837257980115123
german	nietzsche_zarathustra	2	GJ	3	7.301668431236538e-06
german	nietzsche_zarathustra	2	DG	257	0.0006255095956092634
german	nietzsche_zarathustra	2	GI	487	0.001185304175337398
german	nietzsche_zarathustra	2	IR	1418	0.0034512552784978032
german	nietzsche_zarathustra	2	DW	599	0.0014578997967702287
german	nietzsche_zarathustra	2	NJ	117	0.00028476506881822496
german	nietzsche_zarathustra	2	TM	704	0.0017134581918635075
german	nietzsche_zarathustra	2	ZU	1879	0.004573278327431152
german	nietzsche_zarathustra	2	NR	227	0.000552492911296898
german	nietzsche_zarathustra	2	UI	85	0.0002068806055517019
german	nietzsche_zarathustra	2	IH	1602	0.003899090942280311
german	nietzsche_zarathustra	2	SW	578	0.001406788117751573
german	nietzsche_zarathustra	2	KW	30	7.301668431236538e-05
german	nietzsche_zarathustra	2	LC	373	0.0009078407749504095
german	nietzsche_zarathustra	2	UL	330	0.0008031835274360191
german	nietzsche_zarathustra	2	EK	421	0.001024667469850194
german	nietzsche_zarathustra	2	KA	397	0.0009662541224003017
german	nietzsche_zarathustra	2	FZ	72	0.0001752400423496769
german	nietzsche_zarathustra	2	UW	146	0.0003553478636535115
german	nietzsche_zarathustra	2	TG	348	0.0008469935380234384
german	nietzsche_zarathustra	2	EW	1329	0.0032346391150377862
german	nietzsche_zarathustra	2	WO	1026	0.002497170603482896
german	nietzsche_zarathustra	2	JE	315	0.0007666751852798365
german	nietzsche_zarathustra	2	MM	1104	0.002687013982695046
german	nietzsche_zarathustra	2	HB	220	0.000535455684957346
german	nietzsche_zarathustra	2	GW	101	0.0002458228371849634
german	nietzsche_zarathustra	2	UV	98	0.0002385211687537269
german	nietzsche_zarathustra	2	LG	107	0.00026042617404743653
german	nietzsche_zarathustra	2	SR	134	0.00032614118992856534
german	nietzsche_zarathustra	2	HG	263	0.0006401129324717364
german	nietzsche_zarathustra	2	AZ	114	0.0002774634003869884
german	nietzsche_zarathustra	2	TB	227	0.000552492911296898
german	nietzsche_zarathustra	2	UU	63	0.00015333503705596728
german	nietzsche_zarathustra	2	BW	47	0.00011439280542270576
german	nietzsche_zarathustra	2	BG	73	0.00017767393182675575
german	nietzsche_zarathustra	2	ZD	37	9.005391065191729e-05
german	nietzsche_zarathustra	2	LW	115	0.0002798972898640673
german	nietzsche_zarathustra	2	AW	82	0.00019957893712046535
german	nietzsche_zarathustra	2	OB	305	0.0007423362905090479
german	nietzsche_zarathustra	2	GZ	85	0.0002068806055517019
german	nietzsche_zarathustra	2	DB	233	0.0005670962481593711
german	nietzsche_zarathustra	2	MD	279	0.000679055164104998
german	nietzsche_zarathustra	2	EZ	541	0.0013167342070996555
german	nietzsche_zarathustra	2	UZ	64	0.00015576892653304614
german	nietzsche_zarathustra	2	TF	197	0.0004794762269845326
german	nietzsche_zarathustra	2	NC	64	0.00015576892653304614
german	nietzsche_zarathustra	2	MJ	22	5.354556849573461e-05
german	nietzsche_zarathustra	2	IZ	30	7.301668431236538e-05
german	nietzsche_zarathustra	2	RC	229	0.0005573606902510557
german	nietzsche_zarathustra	2	SB	205	0.0004989473428011635
german	nietzsche_zarathustra	2	IF	229	0.0005573606902510557
german	nietzsche_zarathustra	2	AI	60	0.00014603336862473076
german	nietzsche_zarathustra	2	GT	617	0.001501709807357648
german	nietzsche_zarathustra	2	HK	170	0.0004137612111034038
german	nietzsche_zarathustra	2	EP	72	0.0001752400423496769
german	nietzsche_zarathustra	2	PP	57	0.0001387317001934942
german	nietzsche_zarathustra	2	PE	131	0.0003188395214973288
german	nietzsche_zarathustra	2	AA	138	0.0003358767478368807
german	nietzsche_zarathustra	2	DO	289	0.0007033940588757865
german	nietzsche_zarathustra	2	EJ	64	0.00015576892653304614
german	nietzsche_zarathustra	2	KG	17	4.137612111034038e-05
german	nietzsche_zarathustra	2	DT	210	0.0005111167901865576
german	nietzsche_zarathustra	2	OG	233	0.0005670962481593711
german	nietzsche_zarathustra	2	BN	26	6.328112640405e-05
german	nietzsche_zarathustra	2	FS	129	0.0003139717425431711
german	nietzsche_zarathustra	2	OF	150	0.0003650834215618269
german	nietzsche_zarathustra	2	AV	126	0.00030667007411193457
german	nietzsche_zarathustra	2	IK	15	3.650834215618269e-05
german	nietzsche_zarathustra	2	KN	76	0.00018497560025799227
german	nietzsche_zarathustra	2	OZ	37	9.005391065191729e-05
german	nietzsche_zarathustra	2	TK	124	0.0003018022951577769
german	nietzsche_zarathustra	2	FA	531	0.0012923953123288672
german	nietzsche_zarathustra	2	KV	11	2.6772784247867304e-05
german	nietzsche_zarathustra	2	BB	25	6.084723692697115e-05
german	nietzsche_zarathustra	2	HJ	54	0.00013143003176225768
german	nietzsche_zarathustra	2	PA	74	0.00018010782130383458
german	nietzsche_zarathustra	2	RP	64	0.00015576892653304614
german	nietzsche_zarathustra	2	FN	67	0.00016307059496428267
german	nietzsche_zarathustra	2	TJ	44	0.00010709113699146922
german	nietzsche_zarathustra	2	FO	77	0.00018740948973507113
german	nietzsche_zarathustra	2	UA	99	0.00024095505823080573
german	nietzsche_zarathustra	2	UP	58	0.00014116558967057307
german	nietzsche_zarathustra	2	BV	18	4.381001058741922e-05
german	nietzsche_zarathustra	2	UK	86	0.00020931449502878074
german	nietzsche_zarathustra	2	KZ	20	4.8677789541576915e-05
german	nietzsche_zarathustra	2	OE	43	0.00010465724751439037
german	nietzsche_zarathustra	2	OI	59	0.0001435994791476519
german	nietzsche_zarathustra	2	OW	139	0.00033831063731395956
german	nietzsche_zarathustra	2	OA	48	0.0001168266948997846
german	nietzsche_zarathustra	2	MP	116	0.00028233117934114613
german	nietzsche_zarathustra	2	KB	18	4.381001058741922e-05
german	nietzsche_zarathustra	2	DP	28	6.814890535820769e-05
german	nietzsche_zarathustra	2	EO	100	0.0002433889477078846
german	nietzsche_zarathustra	2	FI	209	0.0005086829007094788
german	nietzsche_zarathustra	2	KH	31	7.545057378944423e-05
german	nietzsche_zarathustra	2	ZO	70	0.0001703722633955192
german	nietzsche_zarathustra	2	DF	154	0.00037481897947014227
german	nietzsche_zarathustra	2	ZK	9	2.190500529370961e-05
german	nietzsche_zarathustra	2	HP	11	2.6772784247867304e-05
german	nietzsche_zarathustra	2	ZM	12	2.920667372494615e-05
german	nietzsche_zarathustra	2	GP	8	1.9471115816630768e-05
german	nietzsche_zarathustra	2	HC	3	7.301668431236538e-06
german	nietzsche_zarathustra	2	AO	8	1.9471115816630768e-05
german	nietzsche_zarathustra	2	GB	37	9.005391065191729e-05
german	nietzsche_zarathustra	2	LP	12	2.920667372494615e-05
german	nietzsche_zarathustra	2	GG	59	0.0001435994791476519
german	nietzsche_zarathustra	2	PO	90	0.00021905005293709612
german	nietzsche_zarathustra	2	TC	3	7.301668431236538e-06
german	nietzsche_zarathustra	2	IU	34	8.275224222068077e-05
german	nietzsche_zarathustra	2	KJ	3	7.301668431236538e-06
german	nietzsche_zarathustra	2	FB	21	5.111167901865576e-05
german	nietzsche_zarathustra	2	GM	78	0.00018984337921214997
german	nietzsche_zarathustra	2	IA	44	0.00010709113699146922
german	nietzsche_zarathustra	2	PT	16	3.8942231633261536e-05
german	nietzsche_zarathustra	2	BF	10	2.4338894770788458e-05
german	nietzsche_zarathustra	2	FW	57	0.0001387317001934942
german	nietzsche_zarathustra	2	KD	46	0.00011195891594562691
german	nietzsche_zarathustra	2	AK	31	7.545057378944423e-05
german	nietzsche_zarathustra	2	MR	62	0.00015090114757888845
german	nietzsche_zarathustra	2	VD	1	2.433889477078846e-06
german	nietzsche_zarathustra	2	LF	65	0.00015820281601012498
german	nietzsche_zarathustra	2	RQ	13	3.1640563202025e-05
german	nietzsche_zarathustra	2	QU	46	0.00011195891594562691
german	nietzsche_zarathustra	2	GF	32	7.788446326652307e-05
german	nietzsche_zarathustra	2	OO	18	4.381001058741922e-05
german	nietzsche_zarathustra	2	FV	11	2.6772784247867304e-05
german	nietzsche_zarathustra	2	II	26	6.328112640405e-05
german	nietzsche_zarathustra	2	BD	66	0.00016063670548720384
german	nietzsche_zarathustra	2	FK	11	2.6772784247867304e-05
german	nietzsche_zarathustra	2	BZ	22	5.354556849573461e-05
german	nietzsche_zarathustra	2	OK	25	6.084723692697115e-05
german	nietzsche_zarathustra	2	FM	39	9.492168960607498e-05
german	nietzsche_zarathustra	2	FH	49	0.00011926058437686345
german	nietzsche_zarathustra	2	FJ	7	1.703722633955192e-05
german	nietzsche_zarathustra	2	BH	17	4.137612111034038e-05
german	nietzsche_zarathustra	2	VA	35	8.51861316977596e-05
german	nietzsche_zarathustra	2	ZG	13	3.1640563202025e-05
german	nietzsche_zarathustra	2	KM	19	4.624390006449807e-05
german	nietzsche_zarathustra	2	RJ	86	0.00020931449502878074
german	nietzsche_zarathustra	2	DQ	6	1.4603336862473075e-05
german	nietzsche_zarathustra	2	UJ	16	3.8942231633261536e-05
german	nietzsche_zarathustra	2	LR	29	7.058279483528653e-05
german	nietzsche_zarathustra	2	BK	20	4.8677789541576915e-05
german	nietzsche_zarathustra	2	EQ	15	3.650834215618269e-05
german	nietzsche_zarathustra	2	ZN	9	2.190500529370961e-05
german	nietzsche_zarathustra	2	IO	3	7.301668431236538e-06
german	nietzsche_zarathustra	2	EX	8	1.9471115816630768e-05
german	nietzsche_zarathustra	2	XE	8	1.9471115816630768e-05
german	nietzsche_zarathustra	2	IP	24	5.84133474498923e-05
german	nietzsche_zarathustra	2	ZB	16	3.8942231633261536e-05
german	nietzsche_zarathustra	2	TP	17	4.137612111034038e-05
german	nietzsche_zarathustra	2	PH	8	1.9471115816630768e-05
german	nietzsche_zarathustra	2	AP	62	0.00015090114757888845
german	nietzsche_zarathustra	2	DC	17	4.137612111034038e-05
german	nietzsche_zarathustra	2	CL	4	9.735557908315384e-06
german	nietzsche_zarathustra	2	PU	28	6.814890535820769e-05
german	nietzsche_zarathustra	2	PL	26	6.328112640405e-05
german	nietzsche_zarathustra	2	KF	6	1.4603336862473075e-05
german	nietzsche_zarathustra	2	ZZ	11	2.6772784247867304e-05
german	nietzsche_zarathustra	2	TY	4	9.735557908315384e-06
german	nietzsche_zarathustra	2	YR	4	9.735557908315384e-06
german	nietzsche_zarathustra	2	JO	4	9.735557908315384e-06
german	nietzsche_zarathustra	2	BM	23	5.5979457972813454e-05
german	nietzsche_zarathustra	2	LJ	7	1.703722633955192e-05
german	nietzsche_zarathustra	2	ZV	12	2.920667372494615e-05
german	nietzsche_zarathustra	2	ZH	18	4.381001058741922e-05
german	nietzsche_zarathustra	2	BJ	2	4.867778954157692e-06
german	nietzsche_zarathustra	2	UO	14	3.407445267910384e-05
german	nietzsche_zarathustra	2	NQ	8	1.9471115816630768e-05
german	nietzsche_zarathustra	2	OU	11	2.6772784247867304e-05
german	nietzsche_zarathustra	2	ZF	7	1.703722633955192e-05
german	nietzsche_zarathustra	2	BP	3	7.301668431236538e-06
german	nietzsche_zarathustra	2	CI	1	2.433889477078846e-06
german	nietzsche_zarathustra	2	ZR	2	4.867778954157692e-06
german	nietzsche_zarathustra	2	KK	8	1.9471115816630768e-05
german	nietzsche_zarathustra	2	CY	1	2.433889477078846e-06
german	nietzsche_zarathustra	2	YP	1	2.433889477078846e-06
german	nietzsche_zarathustra	2	CU	1	2.433889477078846e-06
german	nietzsche_zarathustra	2	BC	11	2.6772784247867304e-05
german	nietzsche_zarathustra	2	CA	3	7.301668431236538e-06
german	nietzsche_zarathustra	2	ZJ	1	2.433889477078846e-06
german	nietzsche_zarathustra	2	FP	2	4.867778954157692e-06
german	nietzsche_zarathustra	2	OQ	1	2.433889477078846e-06
german	nietzsche_zarathustra	2	AJ	3	7.301668431236538e-06
german	nietzsche_zarathustra	2	IJ	1	2.433889477078846e-06
german	nietzsche_zarathustra	2	ZP	1	2.433889477078846e-06
german	nietzsche_zarathustra	2	OJ	1	2.433889477078846e-06
german	nietzsche_zarathustra	2	KC	2	4.867778954157692e-06
german	nietzsche_zarathustra	2	HQ	2	4.867778954157692e-06
german	nietzsche_zarathustra	2	BY	1	2.433889477078846e-06
german	nietzsche_zarathustra	2	YL	1	2.433889477078846e-06
german	nietzsche_zarathustra	2	PS	16	3.8942231633261536e-05
german	nietzsche_zarathustra	2	AX	2	4.867778954157692e-06
german	nietzsche_zarathustra	2	XT	3	7.301668431236538e-06
german	nietzsche_zarathustra	2	VT	1	2.433889477078846e-06
german	nietzsche_zarathustra	2	KP	1	2.433889477078846e-06
german	nietzsche_zarathustra	2	NX	1	2.433889477078846e-06
german	nietzsche_zarathustra	2	SQ	1	2.433889477078846e-06
polish	lalka	2	ET	3493	0.008697839111142098
polish	lalka	2	TE	3748	0.009332808757102944
polish	lalka	2	EX	422	0.0010508125121391255
polish	lalka	2	XT	158	0.00039343217279142617
polish	lalka	2	TP	204	0.0005079757167686768
polish	lalka	2	PR	1111	0.0027664755947549016
polish	lalka	2	RE	6024	0.01500022410693387
polish	lalka	2	EP	1311	0.0032644910033516436
polish	lalka	2	PA	1030	0.002564779354273221
polish	lalka	2	AR	3700	0.009213285059039726
polish	lalka	2	ED	3818	0.009507114150111804
polish	lalka	2	DB	666	0.001658391310627151
polish	lalka	2	BY	625	0.0015562981518648187
polish	lalka	2	YG	94	0.00023406724204046874
polish	lalka	2	GR	902	0.0022460494927713064
polish	lalka	2	EG	1141	0.002841177906044413
polish	lalka	2	GB	154	0.0003834718646194913
polish	lalka	2	BE	1642	0.004088706504579252
polish	lalka	2	ER	7220	0.017978356250342387
polish	lalka	2	RG	364	0.0009063880436460704
polish	lalka	2	GQ	7	1.743053930088597e-05
polish	lalka	2	QU	465	0.0011578858249874252
polish	lalka	2	UI	330	0.0008217254241846243
polish	lalka	2	IS	2998	0.007465250974865162
polish	lalka	2	ST	5243	0.01305547393636359
polish	lalka	2	TA	2432	0.006055867368536382
polish	lalka	2	AN	7524	0.01873533967140943
polish	lalka	2	ND	6306	0.015702425833055273
polish	lalka	2	DT	1912	0.004761027306184854
polish	lalka	2	TH	13521	0.033668331698182744
polish	lalka	2	HE	12041	0.02998301767456685
polish	lalka	2	EO	1667	0.004150958430653845
polish	lalka	2	ON	4759	0.011850276647559475
polish	lalka	2	NL	314	0.0007818841914968849
polish	lalka	2	LI	1661	0.004136017968395942
polish	lalka	2	IN	7419	0.018473881581896143
polish	lalka	2	NE	2528	0.006294914764662819
polish	lalka	2	DI	1809	0.0045045493707575315
polish	lalka	2	TR	1412	0.0035159887846929984
polish	lalka	2	RI	2250	0.005602673346713347
polish	lalka	2	IB	185	0.00046066425295198635
polish	lalka	2	BU	913	0.002273440340244127
polish	lalka	2	UT	1582	0.003939301882000229
polish	lalka	2	DP	296	0.0007370628047231781
polish	lalka	2	RO	3223	0.008025518309536498
polish	lalka	2	OO	1300	0.003237100155878823
polish	lalka	2	OF	4018	0.010005129558708546
polish	lalka	2	FR	936	0.0023307121122327526
polish	lalka	2	EA	4422	0.011011120684073965
polish	lalka	2	AD	1560	0.0038845201870545873
polish	lalka	2	NG	3464	0.00862562687689557
polish	lalka	2	GT	678	0.0016882722351429552
polish	lalka	2	AM	1028	0.0025597992001872537
polish	lalka	2	MH	80	0.0001992061634386968
polish	lalka	2	HT	1037	0.0025822098935741073
polish	lalka	2	TT	2267	0.0056450046564440704
polish	lalka	2	PW	63	0.00015687485370797371
polish	lalka	2	WW	78	0.00019422600935272937
polish	lalka	2	WP	34	8.466261946144614e-05
polish	lalka	2	PG	8	1.992061634386968e-05
polish	lalka	2	GD	81	0.0002016962404816805
polish	lalka	2	PN	11	2.739084747282081e-05
polish	lalka	2	TF	344	0.0008565865027863962
polish	lalka	2	OM	1859	0.004629053222906717
polish	lalka	2	MP	586	0.001459185147188454
polish	lalka	2	AG	794	0.001977121172129066
polish	lalka	2	GE	1319	0.0032844116196955133
polish	lalka	2	EI	1730	0.0043078332843618184
polish	lalka	2	IM	760	0.0018924585526676196
polish	lalka	2	MA	1430	0.003560810171466705
polish	lalka	2	ES	5898	0.014686474399517922
polish	lalka	2	SG	181	0.0004507039447800515
polish	lalka	2	EN	4375	0.01089408706305373
polish	lalka	2	OU	3893	0.009693869928335583
polish	lalka	2	US	1557	0.0038770499559256364
polish	lalka	2	SL	402	0.0010010109712794515
polish	lalka	2	LY	1187	0.0029557214500216637
polish	lalka	2	YM	226	0.0005627574117143184
polish	lalka	2	DE	2343	0.005834250511710833
polish	lalka	2	AV	889	0.0022136784912125183
polish	lalka	2	VA	668	0.0016633714647131183
polish	lalka	2	AI	1217	0.003030423761311175
polish	lalka	2	IL	1993	0.004962723546666534
polish	lalka	2	LA	2093	0.005211731250964905
polish	lalka	2	AB	860	0.0021414662569659904
polish	lalka	2	BL	593	0.00147661568648934
polish	lalka	2	LE	2934	0.007305886044114205
polish	lalka	2	EB	931	0.002318261727017834
polish	lalka	2	YI	492	0.0012251179051479854
polish	lalka	2	NT	4768	0.011872687340946328
polish	lalka	2	RN	835	0.002079214330891398
polish	lalka	2	RC	500	0.0012450385214918549
polish	lalka	2	CH	1903	0.004738616612798
polish	lalka	2	HI	2840	0.007071818802073736
polish	lalka	2	IV	859	0.002138976179923007
polish	lalka	2	VE	2769	0.006895023332021893
polish	lalka	2	ME	2060	0.005129558708546442
polish	lalka	2	IC	1432	0.0035657903255526726
polish	lalka	2	CA	1344	0.003346663545770106
polish	lalka	2	BR	444	0.0011055942070847672
polish	lalka	2	RA	2789	0.006944824872881567
polish	lalka	2	IE	963	0.0023979441923933126
polish	lalka	2	SH	1750	0.004357634825221493
polish	lalka	2	WA	1371	0.0034138956259306664
polish	lalka	2	OR	4487	0.011172975691867907
polish	lalka	2	LS	645	0.001606099692724493
polish	lalka	2	SA	2732	0.006802890481431495
polish	lalka	2	NA	1623	0.0040413950407625614
polish	lalka	2	NO	2168	0.005398487029188683
polish	lalka	2	OT	2177	0.005420897722575537
polish	lalka	2	OJ	27	6.723208016056017e-05
polish	lalka	2	JE	64	0.00015936493075095743
polish	lalka	2	EC	2110	0.005254062560695628
polish	lalka	2	CT	809	0.0020144723277738213
polish	lalka	2	TG	106	0.00026394816655627324
polish	lalka	2	GU	216	0.0005378566412844813
polish	lalka	2	NB	299	0.0007445330358521292
polish	lalka	2	GA	777	0.0019347898623983425
polish	lalka	2	AL	2752	0.006852692022291169
polish	lalka	2	SO	2539	0.006322305612135639
polish	lalka	2	OH	212	0.0005278963331125465
polish	lalka	2	HA	3151	0.00784623276244167
polish	lalka	2	AS	2987	0.007437860127392342
polish	lalka	2	NH	344	0.0008565865027863962
polish	lalka	2	TM	211	0.0005254062560695628
polish	lalka	2	ML	36	8.964277354741356e-05
polish	lalka	2	LV	147	0.00036604132531860533
polish	lalka	2	RS	1978	0.004925372391021778
polish	lalka	2	SI	2195	0.005465719109349243
polish	lalka	2	IO	1371	0.0034138956259306664
polish	lalka	2	FT	1940	0.004830749463388398
polish	lalka	2	SF	622	0.0015488279207358676
polish	lalka	2	FI	1202	0.002993072605666419
polish	lalka	2	EW	1565	0.003896970572269506
polish	lalka	2	WH	1434	0.00357077047963864
polish	lalka	2	NC	1199	0.0029856023745374683
polish	lalka	2	CL	432	0.0010757132825689626
polish	lalka	2	LU	373	0.0009287987370329238
polish	lalka	2	UD	163	0.00040588255800634473
polish	lalka	2	IG	881	0.0021937578748686486
polish	lalka	2	GI	550	0.0013695423736410405
polish	lalka	2	LL	2625	0.006536452237832238
polish	lalka	2	AT	3856	0.009601737077745186
polish	lalka	2	TI	3387	0.008433890944585826
polish	lalka	2	NS	1637	0.004076256119364333
polish	lalka	2	SS	1651	0.004111117197966105
polish	lalka	2	SE	3016	0.0075100723616388695
polish	lalka	2	EE	2176	0.005418407645532553
polish	lalka	2	EH	1071	0.0026668725130355535
polish	lalka	2	HH	142	0.0003535909401036868
polish	lalka	2	MO	1026	0.0025548190461012863
polish	lalka	2	RH	318	0.0007918444996688198
polish	lalka	2	HZ	2	4.98015408596742e-06
polish	lalka	2	ZI	21	5.2291617902657905e-05
polish	lalka	2	IP	218	0.0005428367953704487
polish	lalka	2	PH	82	0.00020418631752466422
polish	lalka	2	PS	183	0.0004556840988660189
polish	lalka	2	SW	850	0.0021165654865361533
polish	lalka	2	WG	25	6.225192607459275e-05
polish	lalka	2	GO	1257	0.003130026843030523
polish	lalka	2	GC	110	0.0002739084747282081
polish	lalka	2	AC	1542	0.0038396988002808805
polish	lalka	2	PU	291	0.0007246124195082595
polish	lalka	2	UB	173	0.0004307833284361818
polish	lalka	2	BP	1	2.49007704298371e-06
polish	lalka	2	LO	1442	0.0035906910959825097
polish	lalka	2	GF	148	0.00036853140236158905
polish	lalka	2	PI	409	0.0010184415105803373
polish	lalka	2	LP	118	0.0002938290910720778
polish	lalka	2	HR	455	0.001132985054557588
polish	lalka	2	UG	593	0.00147661568648934
polish	lalka	2	GH	1157	0.0028810191387321524
polish	lalka	2	TW	1019	0.0025373885068004005
polish	lalka	2	WO	946	0.0023556128826625897
polish	lalka	2	OY	144	0.00035857109418965425
polish	lalka	2	YE	509	0.0012674492148787083
polish	lalka	2	NN	293	0.000729592573594227
polish	lalka	2	HO	1996	0.004970193777795485
polish	lalka	2	NY	527	0.001312270601652415
polish	lalka	2	YA	849	0.00211407540949317
polish	lalka	2	AQ	81	0.0002016962404816805
polish	lalka	2	BA	521	0.0012973301393945128
polish	lalka	2	AY	941	0.002343162497447671
polish	lalka	2	YT	919	0.0022883808025020293
polish	lalka	2	YW	352	0.0008765071191302659
polish	lalka	2	SN	392	0.0009761102008496143
polish	lalka	2	AU	234	0.0005826780280581881
polish	lalka	2	FO	1861	0.0046340333769926845
polish	lalka	2	CK	722	0.0017978356250342386
polish	lalka	2	KI	389	0.0009686399697206631
polish	lalka	2	MI	953	0.0023730434219634755
polish	lalka	2	EY	900	0.002241069338685339
polish	lalka	2	HC	85	0.00021165654865361533
polish	lalka	2	TN	160	0.0003984123268773936
polish	lalka	2	PL	627	0.0015612783059507861
polish	lalka	2	SU	780	0.0019422600935272937
polish	lalka	2	UR	1550	0.0038596194166247502
polish	lalka	2	EL	1912	0.004761027306184854
polish	lalka	2	DS	1296	0.003227139847706888
polish	lalka	2	SC	925	0.0023033212647599315
polish	lalka	2	AP	688	0.0017131730055727924
polish	lalka	2	PE	1139	0.0028361977519584455
polish	lalka	2	UN	1778	0.004427356982425037
polish	lalka	2	IT	3183	0.00792591522781715
polish	lalka	2	SR	244	0.0006075787984880253
polish	lalka	2	RU	433	0.0010782033596119464
polish	lalka	2	TL	900	0.002241069338685339
polish	lalka	2	AW	284	0.0007071818802073737
polish	lalka	2	WN	476	0.001185276672460246
polish	lalka	2	DF	514	0.0012798996000936268
polish	lalka	2	FA	1103	0.002746554978411032
polish	lalka	2	OW	1707	0.004250561512373192
polish	lalka	2	WS	190	0.0004731146381669049
polish	lalka	2	NI	1155	0.002876038984646185
polish	lalka	2	BB	51	0.0001269939291921692
polish	lalka	2	FL	390	0.0009711300467636468
polish	lalka	2	OC	572	0.0014243240685866822
polish	lalka	2	KS	330	0.0008217254241846243
polish	lalka	2	SD	220	0.0005478169494564162
polish	lalka	2	DO	1240	0.0030876955332998003
polish	lalka	2	OS	1174	0.0029233504484628752
polish	lalka	2	NW	429	0.0010682430514400115
polish	lalka	2	RR	509	0.0012674492148787083
polish	lalka	2	NR	206	0.0005129558708546442
polish	lalka	2	MW	71	0.0001767954700518434
polish	lalka	2	WI	1542	0.0038396988002808805
polish	lalka	2	HD	35	8.715269650442985e-05
polish	lalka	2	DA	1744	0.00434269436296359
polish	lalka	2	SP	871	0.0021688571044388115
polish	lalka	2	WB	57	0.00014193439145007147
polish	lalka	2	OK	318	0.0007918444996688198
polish	lalka	2	DR	580	0.0014442446849305519
polish	lalka	2	ID	1048	0.002609600741046928
polish	lalka	2	TU	598	0.0014890660717042585
polish	lalka	2	NF	459	0.0011429453627295229
polish	lalka	2	RT	2254	0.005612633654885282
polish	lalka	2	HY	67	0.00016683516187990856
polish	lalka	2	LW	205	0.0005104657938116605
polish	lalka	2	HS	237	0.0005901482591871393
polish	lalka	2	SM	338	0.0008416460405284939
polish	lalka	2	RF	302	0.0007520032669810804
polish	lalka	2	LD	895	0.0022286189534704206
polish	lalka	2	DW	616	0.0015338874584779653
polish	lalka	2	WE	1571	0.003911911034527408
polish	lalka	2	UP	477	0.0011877667495032297
polish	lalka	2	PO	1121	0.0027913763651847387
polish	lalka	2	RD	673	0.0016758218499280367
polish	lalka	2	OA	895	0.0022286189534704206
polish	lalka	2	TO	4183	0.010415992270800858
polish	lalka	2	TS	1572	0.003914401111570392
polish	lalka	2	FM	87	0.00021663670273958276
polish	lalka	2	YL	161	0.0004009024039203773
polish	lalka	2	RM	668	0.0016633714647131183
polish	lalka	2	DM	283	0.0007046918031643899
polish	lalka	2	FH	147	0.00036604132531860533
polish	lalka	2	YS	583	0.0014517149160595028
polish	lalka	2	WY	59	0.0001469145455360389
polish	lalka	2	YO	989	0.002462686195510889
polish	lalka	2	RK	330	0.0008217254241846243
polish	lalka	2	KD	13	3.2371001558788227e-05
polish	lalka	2	PP	370	0.0009213285059039727
polish	lalka	2	DC	460	0.0011454354397725066
polish	lalka	2	CO	2274	0.005662435195744956
polish	lalka	2	BO	760	0.0018924585526676196
polish	lalka	2	TC	475	0.0011827865954172623
polish	lalka	2	OP	729	0.0018152661643351246
polish	lalka	2	PY	25	6.225192607459275e-05
polish	lalka	2	YR	164	0.00040837263504932844
polish	lalka	2	TB	303	0.0007544933440240641
polish	lalka	2	YD	178	0.00044323371365110036
polish	lalka	2	SB	551	0.0013720324506840242
polish	lalka	2	KT	150	0.00037351155644755647
polish	lalka	2	MY	104	0.0002589680124703058
polish	lalka	2	YF	346	0.0008615666568723636
polish	lalka	2	RW	333	0.0008291956553135754
polish	lalka	2	EV	962	0.002395454115350329
polish	lalka	2	MU	264	0.0006573803393476994
polish	lalka	2	CE	1553	0.0038670896477537016
polish	lalka	2	HU	418	0.0010408522039671907
polish	lalka	2	IR	1051	0.0026170709721758793
polish	lalka	2	EF	1409	0.0035085185535640474
polish	lalka	2	FU	275	0.0006847711868205202
polish	lalka	2	UL	820	0.002041863175246642
polish	lalka	2	LT	581	0.0014467347619735356
polish	lalka	2	SK	140	0.0003486107860177194
polish	lalka	2	OG	283	0.0007046918031643899
polish	lalka	2	GN	86	0.00021414662569659904
polish	lalka	2	IZ	96	0.00023904739612643614
polish	lalka	2	ZE	121	0.0003012993222010289
polish	lalka	2	EM	1487	0.0037027445629167766
polish	lalka	2	KE	820	0.002041863175246642
polish	lalka	2	DK	33	8.217254241846243e-05
polish	lalka	2	DN	291	0.0007246124195082595
polish	lalka	2	HW	199	0.0004955253315537583
polish	lalka	2	HM	95	0.00023655731908345246
polish	lalka	2	OD	675	0.001680802004014004
polish	lalka	2	TV	44	0.00010956338989128323
polish	lalka	2	VO	121	0.0003012993222010289
polish	lalka	2	OL	1070	0.0026643824359925696
polish	lalka	2	UM	401	0.0009985208942364678
polish	lalka	2	KO	112	0.0002788886288141755
polish	lalka	2	EK	164	0.00040837263504932844
polish	lalka	2	UE	288	0.0007171421883793085
polish	lalka	2	LM	170	0.00042331309730723066
polish	lalka	2	NU	257	0.0006399498000468134
polish	lalka	2	MB	421	0.0010483224350961418
polish	lalka	2	VI	579	0.0014417546078875681
polish	lalka	2	GJ	10	2.49007704298371e-05
polish	lalka	2	JO	120	0.0002988092451580452
polish	lalka	2	OV	514	0.0012798996000936268
polish	lalka	2	RY	885	0.0022037181830405835
polish	lalka	2	YB	255	0.000634969645960846
polish	lalka	2	DU	420	0.001045832358053158
polish	lalka	2	TY	926	0.0023058113418029155
polish	lalka	2	NP	258	0.0006424398770897971
polish	lalka	2	FC	154	0.0003834718646194913
polish	lalka	2	MM	233	0.0005801879510152044
polish	lalka	2	HB	144	0.00035857109418965425
polish	lalka	2	BI	369	0.000918838428860989
polish	lalka	2	FP	102	0.0002539878583843384
polish	lalka	2	NM	211	0.0005254062560695628
polish	lalka	2	YP	178	0.00044323371365110036
polish	lalka	2	CR	634	0.001578708845251672
polish	lalka	2	OB	402	0.0010010109712794515
polish	lalka	2	PM	48	0.00011952369806321807
polish	lalka	2	LC	139	0.0003461207089747357
polish	lalka	2	FS	246	0.0006125589525739927
polish	lalka	2	RP	308	0.0007669437292389826
polish	lalka	2	GL	245	0.000610068875531009
polish	lalka	2	DD	371	0.0009238185829469564
polish	lalka	2	RV	339	0.0008441361175714776
polish	lalka	2	XE	69	0.000171815315965876
polish	lalka	2	PT	410	0.001020931587623321
polish	lalka	2	MT	433	0.0010782033596119464
polish	lalka	2	CI	535	0.0013321912179962848
polish	lalka	2	GS	388	0.0009661498926776794
polish	lalka	2	RL	312	0.0007769040374109175
polish	lalka	2	YC	269	0.000669830724562618
polish	lalka	2	IF	615	0.0015313973814349816
polish	lalka	2	FF	529	0.0013172507557383825
polish	lalka	2	FE	808	0.0020119822507308374
polish	lalka	2	KA	169	0.00042082302026424695
polish	lalka	2	EQ	140	0.0003486107860177194
polish	lalka	2	HP	44	0.00010956338989128323
polish	lalka	2	WR	63	0.00015687485370797371
polish	lalka	2	OE	159	0.0003959222498344099
polish	lalka	2	MS	287	0.0007146521113363248
polish	lalka	2	DG	293	0.000729592573594227
polish	lalka	2	DH	442	0.0011006140529987998
polish	lalka	2	XP	157	0.00039094209574844246
polish	lalka	2	XC	76	0.00018924585526676195
polish	lalka	2	HF	104	0.0002589680124703058
polish	lalka	2	AF	389	0.0009686399697206631
polish	lalka	2	NV	111	0.0002763985517711918
polish	lalka	2	LF	247	0.0006150490296169763
polish	lalka	2	KN	161	0.0004009024039203773
polish	lalka	2	WL	58	0.00014442446849305518
polish	lalka	2	CC	182	0.0004531940218230352
polish	lalka	2	IH	91	0.0002265970109115176
polish	lalka	2	TK	28	6.972215720354388e-05
polish	lalka	2	UC	507	0.0012624690607927409
polish	lalka	2	IW	56	0.00013944431440708776
polish	lalka	2	AK	461	0.0011479255168154903
polish	lalka	2	GP	97	0.00024153747316941985
polish	lalka	2	AH	171	0.0004258031743502144
polish	lalka	2	LB	177	0.00044074363660811665
polish	lalka	2	FB	102	0.0002539878583843384
polish	lalka	2	LR	207	0.0005154459478976279
polish	lalka	2	GY	31	7.7192388332495e-05
polish	lalka	2	WT	150	0.00037351155644755647
polish	lalka	2	YN	92	0.00022908708795450132
polish	lalka	2	FN	45	0.00011205346693426695
polish	lalka	2	TD	156	0.00038845201870545875
polish	lalka	2	GG	124	0.00030876955332998
polish	lalka	2	CU	353	0.0008789971961732496
polish	lalka	2	YH	221	0.0005503070264993999
polish	lalka	2	EJ	93	0.00023157716499748503
polish	lalka	2	JU	226	0.0005627574117143184
polish	lalka	2	DV	115	0.00028635885994312665
polish	lalka	2	IA	548	0.001364562219555073
polish	lalka	2	NK	199	0.0004955253315537583
polish	lalka	2	MR	75	0.00018675577822377824
polish	lalka	2	BJ	28	6.972215720354388e-05
polish	lalka	2	HN	38	9.462292763338097e-05
polish	lalka	2	SY	160	0.0003984123268773936
polish	lalka	2	DL	360	0.0008964277354741356
polish	lalka	2	LH	124	0.00030876955332998
polish	lalka	2	FW	173	0.0004307833284361818
polish	lalka	2	EU	243	0.0006050887214450416
polish	lalka	2	CY	49	0.00012201377510620178
polish	lalka	2	RB	294	0.0007320826506372107
polish	lalka	2	PF	30	7.47023112895113e-05
polish	lalka	2	IK	117	0.00029133901402909407
polish	lalka	2	OI	383	0.0009536995074627608
polish	lalka	2	YU	45	0.00011205346693426695
polish	lalka	2	GW	131	0.000326200092630866
polish	lalka	2	DY	219	0.0005453268724134325
polish	lalka	2	CQ	13	3.2371001558788227e-05
polish	lalka	2	UA	330	0.0008217254241846243
polish	lalka	2	II	39	9.711300467636469e-05
polish	lalka	2	OX	33	8.217254241846243e-05
polish	lalka	2	XH	26	6.474200311757645e-05
polish	lalka	2	PC	26	6.474200311757645e-05
polish	lalka	2	AX	58	0.00014442446849305518
polish	lalka	2	MC	54	0.00013446416032112033
polish	lalka	2	HG	59	0.0001469145455360389
polish	lalka	2	CB	7	1.743053930088597e-05
polish	lalka	2	KH	61	0.00015189469962200632
polish	lalka	2	WM	40	9.96030817193484e-05
polish	lalka	2	WF	35	8.715269650442985e-05
polish	lalka	2	VH	2	4.98015408596742e-06
polish	lalka	2	WD	75	0.00018675577822377824
polish	lalka	2	XG	3	7.470231128951129e-06
polish	lalka	2	LK	98	0.00024402755021240357
polish	lalka	2	KF	44	0.00010956338989128323
polish	lalka	2	HL	106	0.00026394816655627324
polish	lalka	2	GV	10	2.49007704298371e-05
polish	lalka	2	AO	51	0.0001269939291921692
polish	lalka	2	KQ	4	9.96030817193484e-06
polish	lalka	2	LG	47	0.00011703362102023437
polish	lalka	2	UF	64	0.00015936493075095743
polish	lalka	2	UV	10	2.49007704298371e-05
polish	lalka	2	VR	2	4.98015408596742e-06
polish	lalka	2	KB	56	0.00013944431440708776
polish	lalka	2	KW	75	0.00018675577822377824
polish	lalka	2	WK	6	1.4940462257902259e-05
polish	lalka	2	JA	38	9.462292763338097e-05
polish	lalka	2	IU	24	5.9761849031609035e-05
polish	lalka	2	KY	50	0.0001245038521491855
polish	lalka	2	SQ	54	0.00013446416032112033
polish	lalka	2	IX	158	0.00039343217279142617
polish	lalka	2	XI	78	0.00019422600935272937
polish	lalka	2	SV	93	0.00023157716499748503
polish	lalka	2	RX	30	7.47023112895113e-05
polish	lalka	2	TZ	12	2.9880924515804518e-05
polish	lalka	2	ZR	5	1.245038521491855e-05
polish	lalka	2	KC	42	0.00010458323580531581
polish	lalka	2	CN	8	1.992061634386968e-05
polish	lalka	2	KM	26	6.474200311757645e-05
polish	lalka	2	KJ	11	2.739084747282081e-05
polish	lalka	2	FJ	19	4.731146381669049e-05
polish	lalka	2	BT	50	0.0001245038521491855
polish	lalka	2	VT	4	9.96030817193484e-06
polish	lalka	2	BF	6	1.4940462257902259e-05
polish	lalka	2	EZ	12	2.9880924515804518e-05
polish	lalka	2	XV	8	1.992061634386968e-05
polish	lalka	2	MD	22	5.478169494564162e-05
polish	lalka	2	GM	71	0.0001767954700518434
polish	lalka	2	FG	68	0.00016932523892289228
polish	lalka	2	SJ	42	0.00010458323580531581
polish	lalka	2	HJ	9	2.241069338685339e-05
polish	lalka	2	PQ	19	4.731146381669049e-05
polish	lalka	2	AA	71	0.0001767954700518434
polish	lalka	2	AZ	35	8.715269650442985e-05
polish	lalka	2	ZA	17	4.233130973072307e-05
polish	lalka	2	FD	61	0.00015189469962200632
polish	lalka	2	PD	21	5.2291617902657905e-05
polish	lalka	2	RJ	13	3.2371001558788227e-05
polish	lalka	2	XW	7	1.743053930088597e-05
polish	lalka	2	CS	34	8.466261946144614e-05
polish	lalka	2	XX	10	2.49007704298371e-05
polish	lalka	2	KG	16	3.984123268773936e-05
polish	lalka	2	KV	15	3.735115564475565e-05
polish	lalka	2	UO	28	6.972215720354388e-05
polish	lalka	2	YJ	32	7.968246537547871e-05
polish	lalka	2	AE	7	1.743053930088597e-05
polish	lalka	2	XA	55	0.00013695423736410404
polish	lalka	2	NQ	38	9.462292763338097e-05
polish	lalka	2	YY	49	0.00012201377510620178
polish	lalka	2	HQ	8	1.992061634386968e-05
polish	lalka	2	VY	39	9.711300467636469e-05
polish	lalka	2	BS	110	0.0002739084747282081
polish	lalka	2	YV	26	6.474200311757645e-05
polish	lalka	2	XF	12	2.9880924515804518e-05
polish	lalka	2	MF	75	0.00018675577822377824
polish	lalka	2	KR	14	3.486107860177194e-05
polish	lalka	2	DJ	39	9.711300467636469e-05
polish	lalka	2	UY	21	5.2291617902657905e-05
polish	lalka	2	UW	39	9.711300467636469e-05
polish	lalka	2	GK	3	7.470231128951129e-06
polish	lalka	2	TJ	29	7.221223424652759e-05
polish	lalka	2	XS	9	2.241069338685339e-05
polish	lalka	2	KL	74	0.00018426570118079452
polish	lalka	2	OZ	14	3.486107860177194e-05
polish	lalka	2	PB	37	9.213285059039726e-05
polish	lalka	2	WC	36	8.964277354741356e-05
polish	lalka	2	XB	2	4.98015408596742e-06
polish	lalka	2	XD	2	4.98015408596742e-06
polish	lalka	2	MN	48	0.00011952369806321807
polish	lalka	2	NJ	45	0.00011205346693426695
polish	lalka	2	UX	4	9.96030817193484e-06
polish	lalka	2	XU	3	7.470231128951129e-06
polish	lalka	2	XM	19	4.731146381669049e-05
polish	lalka	2	LN	57	0.00014193439145007147
polish	lalka	2	YQ	8	1.992061634386968e-05
polish	lalka	2	IJ	8	1.992061634386968e-05
polish	lalka	2	FK	7	1.743053930088597e-05
polish	lalka	2	OQ	17	4.233130973072307e-05
polish	lalka	2	HV	13	3.2371001558788227e-05
polish	lalka	2	XO	22	5.478169494564162e-05
polish	lalka	2	KP	22	5.478169494564162e-05
polish	lalka	2	UU	5	1.245038521491855e-05
polish	lalka	2	TQ	19	4.731146381669049e-05
polish	lalka	2	MG	4	9.96030817193484e-06
polish	lalka	2	FY	49	0.00012201377510620178
polish	lalka	2	LJ	12	2.9880924515804518e-05
polish	lalka	2	MJ	1	2.49007704298371e-06
polish	lalka	2	PV	4	9.96030817193484e-06
polish	lalka	2	DQ	36	8.964277354741356e-05
polish	lalka	2	NX	7	1.743053930088597e-05
polish	lalka	2	WJ	4	9.96030817193484e-06
polish	lalka	2	FV	16	3.984123268773936e-05
polish	lalka	2	KU	19	4.731146381669049e-05
polish	lalka	2	UH	25	6.225192607459275e-05
polish	lalka	2	WQ	3	7.470231128951129e-06
polish	lalka	2	CP	8	1.992061634386968e-05
polish	lalka	2	IQ	3	7.470231128951129e-06
polish	lalka	2	UK	9	2.241069338685339e-05
polish	lalka	2	AJ	22	5.478169494564162e-05
polish	lalka	2	YK	26	6.474200311757645e-05
polish	lalka	2	BM	4	9.96030817193484e-06
polish	lalka	2	PK	11	2.739084747282081e-05
polish	lalka	2	UQ	2	4.98015408596742e-06
polish	lalka	2	ZO	4	9.96030817193484e-06
polish	lalka	2	UZ	3	7.470231128951129e-06
polish	lalka	2	ZZ	4	9.96030817193484e-06
polish	lalka	2	ZL	4	9.96030817193484e-06
polish	lalka	2	XY	5	1.245038521491855e-05
polish	lalka	2	CW	12	2.9880924515804518e-05
polish	lalka	2	CF	9	2.241069338685339e-05
polish	lalka	2	WU	9	2.241069338685339e-05
polish	lalka	2	MV	5	1.245038521491855e-05
polish	lalka	2	PJ	2	4.98015408596742e-06
polish	lalka	2	CJ	2	4.98015408596742e-06
polish	lalka	2	RQ	6	1.4940462257902259e-05
polish	lalka	2	VU	4	9.96030817193484e-06
polish	lalka	2	WV	5	1.245038521491855e-05
polish	lalka	2	KK	2	4.98015408596742e-06
polish	lalka	2	BH	3	7.470231128951129e-06
polish	lalka	2	XL	3	7.470231128951129e-06
polish	lalka	2	YX	1	2.49007704298371e-06
polish	lalka	2	VS	1	2.49007704298371e-06
polish	lalka	2	LQ	5	1.245038521491855e-05
polish	lalka	2	CM	4	9.96030817193484e-06
polish	lalka	2	RZ	2	4.98015408596742e-06
polish	lalka	2	ZW	2	4.98015408596742e-06
polish	lalka	2	CG	4	9.96030817193484e-06
polish	lalka	2	ZP	1	2.49007704298371e-06
polish	lalka	2	BD	2	4.98015408596742e-06
polish	lalka	2	ZT	2	4.98015408596742e-06
polish	lalka	2	NZ	3	7.470231128951129e-06
polish	lalka	2	ZY	2	4.98015408596742e-06
polish	lalka	2	BV	3	7.470231128951129e-06
polish	lalka	2	BW	1	2.49007704298371e-06
polish	lalka	2	FQ	1	2.49007704298371e-06
polish	lalka	2	UJ	2	4.98015408596742e-06
polish	lalka	2	HK	2	4.98015408596742e-06
polish	lalka	2	JI	1	2.49007704298371e-06
polish	lalka	2	DX	1	2.49007704298371e-06
polish	lalka	2	BC	1	2.49007704298371e-06
polish	lalka	2	JR	1	2.49007704298371e-06
polish	lalka	2	MQ	1	2.49007704298371e-06
polish	lalka	2	CD	4	9.96030817193484e-06
polish	lalka	2	CV	1	2.49007704298371e-06
polish	pan_tadeusz	2	PA	1166	0.0023414218816517666
polish	pan_tadeusz	2	AN	8358	0.016783536952697655
polish	pan_tadeusz	2	NT	5585	0.011215129681839723
polish	pan_tadeusz	2	TA	2611	0.0052430982272665206
polish	pan_tadeusz	2	AD	2558	0.005136669959918713
polish	pan_tadeusz	2	DE	2950	0.00592383752218929
polish	pan_tadeusz	2	EU	434	0.0008715069439424243
polish	pan_tadeusz	2	US	2222	0.0044619549065439326
polish	pan_tadeusz	2	SZ	199	0.0003996080226832775
polish	pan_tadeusz	2	ZO	152	0.00030522823843144814
polish	pan_tadeusz	2	OR	4450	0.008935958296183844
polish	pan_tadeusz	2	RT	2409	0.004837465963035254
polish	pan_tadeusz	2	TH	18553	0.037255917813280644
polish	pan_tadeusz	2	HE	16970	0.03407712635645839
polish	pan_tadeusz	2	EL	2746	0.005514189096926031
polish	pan_tadeusz	2	LA	2197	0.004411752893644024
polish	pan_tadeusz	2	AS	4270	0.008574503803304497
polish	pan_tadeusz	2	ST	5597	0.01123922664803168
polish	pan_tadeusz	2	TF	458	0.0009197008763263372
polish	pan_tadeusz	2	FO	2037	0.004090460011084604
polish	pan_tadeusz	2	RA	2607	0.005235065905202535
polish	pan_tadeusz	2	AY	910	0.001827353269556696
polish	pan_tadeusz	2	YI	452	0.000907652393230359
polish	pan_tadeusz	2	IN	8188	0.01644216326497827
polish	pan_tadeusz	2	NL	481	0.0009658867281942537
polish	pan_tadeusz	2	LI	2607	0.005235065905202535
polish	pan_tadeusz	2	IT	4405	0.008845594672964007
polish	pan_tadeusz	2	HU	693	0.001391599797585484
polish	pan_tadeusz	2	UA	491	0.0009859675333542173
polish	pan_tadeusz	2	NI	1559	0.0031305975244383397
polish	pan_tadeusz	2	IA	913	0.0018333775111046852
polish	pan_tadeusz	2	AA	125	0.0002510100644995462
polish	pan_tadeusz	2	AL	3076	0.006176855667204832
polish	pan_tadeusz	2	LL	2776	0.005574431512405921
polish	pan_tadeusz	2	LR	232	0.0004658746797111577
polish	pan_tadeusz	2	RI	2693	0.005407760829578223
polish	pan_tadeusz	2	IG	954	0.0019157088122605363
polish	pan_tadeusz	2	GH	1602	0.0032169449866261838
polish	pan_tadeusz	2	HT	1478	0.002967943002642634
polish	pan_tadeusz	2	TS	1872	0.0037591267259452035
polish	pan_tadeusz	2	SR	252	0.000506036290031085
polish	pan_tadeusz	2	RE	6744	0.013542494999879515
polish	pan_tadeusz	2	ES	6041	0.012130814397134067
polish	pan_tadeusz	2	SE	3693	0.007415841345574592
polish	pan_tadeusz	2	ER	8275	0.016616866269869957
polish	pan_tadeusz	2	RV	279	0.0005602544639629871
polish	pan_tadeusz	2	VE	2995	0.006014201145409126
polish	pan_tadeusz	2	ED	6349	0.012749303196060949
polish	pan_tadeusz	2	DP	349	0.0007008201000827329
polish	pan_tadeusz	2	TO	4680	0.009397816814863008
polish	pan_tadeusz	2	RY	1128	0.0022651148220439047
polish	pan_tadeusz	2	YO	1718	0.0034498823264817627
polish	pan_tadeusz	2	OF	4113	0.008259235162293068
polish	pan_tadeusz	2	FL	472	0.0009478140035502863
polish	pan_tadeusz	2	IF	630	0.0012650907250777127
polish	pan_tadeusz	2	FE	795	0.0015964240102171138
polish	pan_tadeusz	2	EA	5570	0.011185008474099778
polish	pan_tadeusz	2	AM	1451	0.002913724828710732
polish	pan_tadeusz	2	MO	1263	0.0025362056917034147
polish	pan_tadeusz	2	ON	5020	0.010080564190301775
polish	pan_tadeusz	2	NG	4184	0.00840180887892881
polish	pan_tadeusz	2	GP	77	0.00015462219973172043
polish	pan_tadeusz	2	PO	1327	0.0026647228447271823
polish	pan_tadeusz	2	OL	1554	0.003120557121858358
polish	pan_tadeusz	2	IS	4625	0.009287372386483209
polish	pan_tadeusz	2	SH	2874	0.005771223402973566
polish	pan_tadeusz	2	HG	75	0.0001506060386997277
polish	pan_tadeusz	2	GE	1747	0.0035081166614456573
polish	pan_tadeusz	2	EN	6017	0.012082620464750154
polish	pan_tadeusz	2	TL	1070	0.0021486461521161154
polish	pan_tadeusz	2	LE	3502	0.007032297967019286
polish	pan_tadeusz	2	EF	1560	0.0031326056049543363
polish	pan_tadeusz	2	LK	203	0.000407640344747263
polish	pan_tadeusz	2	KI	924	0.0018554663967806453
polish	pan_tadeusz	2	EY	1356	0.002722957179691077
polish	pan_tadeusz	2	YE	675	0.0013554543482975493
polish	pan_tadeusz	2	AR	4637	0.009311469352675164
polish	pan_tadeusz	2	RS	2098	0.004212952922560383
polish	pan_tadeusz	2	SA	3240	0.006506180871828237
polish	pan_tadeusz	2	ND	6383	0.012817577933604826
polish	pan_tadeusz	2	DI	2237	0.004492076114283879
polish	pan_tadeusz	2	TW	1092	0.0021928239234680355
polish	pan_tadeusz	2	WE	1479	0.0029699510831586303
polish	pan_tadeusz	2	LV	111	0.000222896937275597
polish	pan_tadeusz	2	EB	1225	0.0024598986320955524
polish	pan_tadeusz	2	BO	938	0.0018835795240045945
polish	pan_tadeusz	2	OO	1423	0.0028574985742628334
polish	pan_tadeusz	2	OK	485	0.0009739190502582392
polish	pan_tadeusz	2	KS	308	0.0006184887989268817
polish	pan_tadeusz	2	SB	731	0.001467906857193346
polish	pan_tadeusz	2	BY	619	0.0012430018394017526
polish	pan_tadeusz	2	YA	879	0.0017651027735608087
polish	pan_tadeusz	2	DA	2130	0.0042772114990722665
polish	pan_tadeusz	2	MM	288	0.0005783271886069544
polish	pan_tadeusz	2	MI	928	0.0018634987188446308
polish	pan_tadeusz	2	IC	1594	0.0032008803424982126
polish	pan_tadeusz	2	CK	764	0.0015341735142212262
polish	pan_tadeusz	2	IE	1577	0.0031667429737262747
polish	pan_tadeusz	2	EW	2383	0.004785255869619348
polish	pan_tadeusz	2	WI	2670	0.005361574977710306
polish	pan_tadeusz	2	CZ	166	0.0003333413656553973
polish	pan_tadeusz	2	ZT	31	6.225049599588745e-05
polish	pan_tadeusz	2	TR	1635	0.003283211643654064
polish	pan_tadeusz	2	NS	1731	0.0034759873731897155
polish	pan_tadeusz	2	SL	636	0.001277139208173691
polish	pan_tadeusz	2	AT	4894	0.009827546045286233
polish	pan_tadeusz	2	TE	3841	0.007713037261942055
polish	pan_tadeusz	2	DF	686	0.0013775432339735094
polish	pan_tadeusz	2	FR	1191	0.002391623894551676
polish	pan_tadeusz	2	RO	3501	0.0070302898865032895
polish	pan_tadeusz	2	OM	2354	0.004727021534655453
polish	pan_tadeusz	2	MT	619	0.0012430018394017526
polish	pan_tadeusz	2	EP	1586	0.003184815698370242
polish	pan_tadeusz	2	HB	182	0.0003654706539113392
polish	pan_tadeusz	2	YG	168	0.00033735752668739003
polish	pan_tadeusz	2	EO	1492	0.002996056129866583
polish	pan_tadeusz	2	RG	359	0.0007209009052426966
polish	pan_tadeusz	2	AP	938	0.0018835795240045945
polish	pan_tadeusz	2	LN	129	0.00025904238656353164
polish	pan_tadeusz	2	NO	2727	0.005476035567122099
polish	pan_tadeusz	2	OY	195	0.00039157570061929204
polish	pan_tadeusz	2	LO	1976	0.003967967099608826
polish	pan_tadeusz	2	DO	1683	0.0033795995084218897
polish	pan_tadeusz	2	NA	1955	0.003925797408772902
polish	pan_tadeusz	2	DT	2860	0.005743110275749617
polish	pan_tadeusz	2	OJ	62	0.0001245009919917749
polish	pan_tadeusz	2	JM	7	1.4056563611974586e-05
polish	pan_tadeusz	2	MD	23	4.61858518679165e-05
polish	pan_tadeusz	2	SO	2875	0.005773231483489562
polish	pan_tadeusz	2	LT	792	0.0015903997686691246
polish	pan_tadeusz	2	TD	268	0.0005381655782870269
polish	pan_tadeusz	2	SJ	55	0.00011044442837980032
polish	pan_tadeusz	2	ET	4000	0.008032322063985478
polish	pan_tadeusz	2	FI	957	0.0019217330538085255
polish	pan_tadeusz	2	IL	1817	0.003648682297565403
polish	pan_tadeusz	2	LS	606	0.0012168967926937998
polish	pan_tadeusz	2	SN	463	0.000929741278906319
polish	pan_tadeusz	2	NE	2839	0.005700940584913693
polish	pan_tadeusz	2	WY	31	6.225049599588745e-05
polish	pan_tadeusz	2	RK	251	0.0005040282095150888
polish	pan_tadeusz	2	KE	1304	0.0026185369928592656
polish	pan_tadeusz	2	PD	9	1.8072724643967325e-05
polish	pan_tadeusz	2	DU	376	0.0007550382740146349
polish	pan_tadeusz	2	UT	1893	0.0038012964167811274
polish	pan_tadeusz	2	TT	2668	0.005357558816678314
polish	pan_tadeusz	2	NC	1569	0.0031506783295983036
polish	pan_tadeusz	2	CO	2337	0.004692884165883515
polish	pan_tadeusz	2	OC	489	0.0009819513723222247
polish	pan_tadeusz	2	SP	1087	0.0021827835208880534
polish	pan_tadeusz	2	PR	1090	0.0021888077624360428
polish	pan_tadeusz	2	FA	1185	0.0023795754114556977
polish	pan_tadeusz	2	AC	1533	0.0030783874310224345
polish	pan_tadeusz	2	CE	1915	0.0038454741881330475
polish	pan_tadeusz	2	EI	1912	0.003839449946585058
polish	pan_tadeusz	2	OD	923	0.001853458316264649
polish	pan_tadeusz	2	UC	484	0.0009719109697422428
polish	pan_tadeusz	2	CT	596	0.0011968159875338361
polish	pan_tadeusz	2	TI	3195	0.0064158172486084
polish	pan_tadeusz	2	IO	1210	0.002429777424355607
polish	pan_tadeusz	2	FT	1892	0.003799288336265131
polish	pan_tadeusz	2	CI	560	0.0011245250889579668
polish	pan_tadeusz	2	IP	275	0.0005522221418990016
polish	pan_tadeusz	2	LC	167	0.0003353494461713937
polish	pan_tadeusz	2	CH	2134	0.004285243821136252
polish	pan_tadeusz	2	HA	5578	0.011201073118227748
polish	pan_tadeusz	2	SI	2335	0.0046888680048515225
polish	pan_tadeusz	2	NP	238	0.00047792316280713593
polish	pan_tadeusz	2	ZW	25	5.0202012899909234e-05
polish	pan_tadeusz	2	HN	52	0.0001044201868318112
polish	pan_tadeusz	2	OT	2757	0.00553627798260199
polish	pan_tadeusz	2	HP	105	0.0002108484541796188
polish	pan_tadeusz	2	NU	249	0.000500012048483096
polish	pan_tadeusz	2	UN	2025	0.004066363044892648
polish	pan_tadeusz	2	NB	315	0.0006325453625388563
polish	pan_tadeusz	2	RM	818	0.0016426098620850303
polish	pan_tadeusz	2	MB	535	0.0010743230760580577
polish	pan_tadeusz	2	II	67	0.00013454139457175674
polish	pan_tadeusz	2	EC	2391	0.004801320513747319
polish	pan_tadeusz	2	CA	1386	0.002783199595170968
polish	pan_tadeusz	2	IR	1430	0.0028715551378748084
polish	pan_tadeusz	2	IV	598	0.001200832148565829
polish	pan_tadeusz	2	VD	4	8.032322063985478e-06
polish	pan_tadeusz	2	PL	797	0.0016004401712491063
polish	pan_tadeusz	2	MA	2115	0.004247090291332321
polish	pan_tadeusz	2	CY	66	0.00013253331405576037
polish	pan_tadeusz	2	KV	11	2.2088885675960065e-05
polish	pan_tadeusz	2	VT	19	3.815352980393102e-05
polish	pan_tadeusz	2	BR	780	0.0015663028024771682
polish	pan_tadeusz	2	AW	648	0.0013012361743656475
polish	pan_tadeusz	2	WL	154	0.00030924439946344086
polish	pan_tadeusz	2	LB	183	0.0003674787344273356
polish	pan_tadeusz	2	VI	671	0.001347422026233564
polish	pan_tadeusz	2	EH	1820	0.003654706539113392
polish	pan_tadeusz	2	ML	66	0.00013253331405576037
polish	pan_tadeusz	2	TB	449	0.0009016281516823698
polish	pan_tadeusz	2	SU	946	0.0018996441681325654
polish	pan_tadeusz	2	UL	1061	0.0021305734274721477
polish	pan_tadeusz	2	YB	417	0.000837369575170486
polish	pan_tadeusz	2	IX	31	6.225049599588745e-05
polish	pan_tadeusz	2	XT	84	0.00016867876334369502
polish	pan_tadeusz	2	BA	760	0.0015261411921572408
polish	pan_tadeusz	2	KX	6	1.2048483095978216e-05
polish	pan_tadeusz	2	EE	2145	0.004307332706812213
polish	pan_tadeusz	2	EM	2272	0.0045623589323437515
polish	pan_tadeusz	2	GR	875	0.0017570704514968231
polish	pan_tadeusz	2	NJ	57	0.00011446058941179305
polish	pan_tadeusz	2	JA	168	0.00033735752668739003
polish	pan_tadeusz	2	EK	374	0.0007510221129826422
polish	pan_tadeusz	2	KB	48	9.638786476782573e-05
polish	pan_tadeusz	2	XI	33	6.626665702788019e-05
polish	pan_tadeusz	2	RB	411	0.0008253210920745078
polish	pan_tadeusz	2	TU	801	0.0016084724933130919
polish	pan_tadeusz	2	OV	900	0.0018072724643967324
polish	pan_tadeusz	2	RN	768	0.0015422058362852117
polish	pan_tadeusz	2	FP	151	0.00030322015791545175
polish	pan_tadeusz	2	ZI	105	0.0002108484541796188
polish	pan_tadeusz	2	FB	179	0.00035944641236335015
polish	pan_tadeusz	2	BI	350	0.0007028281805987293
polish	pan_tadeusz	2	EG	1201	0.0024117046997116395
polish	pan_tadeusz	2	BE	2277	0.004572399334923733
polish	pan_tadeusz	2	GA	1198	0.0024056804581636506
polish	pan_tadeusz	2	DK	77	0.00015462219973172043
polish	pan_tadeusz	2	KA	250	0.0005020201289990924
polish	pan_tadeusz	2	DY	481	0.0009658867281942537
polish	pan_tadeusz	2	IH	194	0.00038956762010329565
polish	pan_tadeusz	2	AV	927	0.0018614906383286345
polish	pan_tadeusz	2	DC	392	0.0007871675622705769
polish	pan_tadeusz	2	LY	1595	0.0032028884230142093
polish	pan_tadeusz	2	YM	237	0.00047591508229113955
polish	pan_tadeusz	2	ME	3019	0.006062395077793039
polish	pan_tadeusz	2	YL	213	0.00042772114990722665
polish	pan_tadeusz	2	PI	584	0.0011727190213418797
polish	pan_tadeusz	2	DL	527	0.0010582584319300866
polish	pan_tadeusz	2	PZ	5	1.0040402579981846e-05
polish	pan_tadeusz	2	OS	1339	0.0026888198109191385
polish	pan_tadeusz	2	OW	2407	0.004833449802003261
polish	pan_tadeusz	2	WS	393	0.0007891756427865731
polish	pan_tadeusz	2	SK	504	0.00101207258006217
polish	pan_tadeusz	2	BT	58	0.00011646866992778943
polish	pan_tadeusz	2	GL	459	0.0009217089568423336
polish	pan_tadeusz	2	SS	2162	0.004341470075584151
polish	pan_tadeusz	2	SM	574	0.001152638216181916
polish	pan_tadeusz	2	AU	397	0.0007972079648505587
polish	pan_tadeusz	2	UD	517	0.001038177626770123
polish	pan_tadeusz	2	UR	2045	0.0041065246552125755
polish	pan_tadeusz	2	GG	167	0.0003353494461713937
polish	pan_tadeusz	2	GS	444	0.000891587749102388
polish	pan_tadeusz	2	DD	694	0.0013936078781014802
polish	pan_tadeusz	2	ID	1173	0.0023554784452637415
polish	pan_tadeusz	2	DN	459	0.0009217089568423336
polish	pan_tadeusz	2	LM	202	0.0004056322642312666
polish	pan_tadeusz	2	MY	692	0.0013895917170694877
polish	pan_tadeusz	2	WN	474	0.0009518301645822791
polish	pan_tadeusz	2	NV	171	0.00034338176823537914
polish	pan_tadeusz	2	NW	557	0.0011185008474099778
polish	pan_tadeusz	2	WA	2460	0.004939878069351068
polish	pan_tadeusz	2	RL	584	0.0011727190213418797
polish	pan_tadeusz	2	YC	263	0.0005281251757070451
polish	pan_tadeusz	2	MP	567	0.0011385816525699415
polish	pan_tadeusz	2	AF	501	0.0010060483385141812
polish	pan_tadeusz	2	YV	27	5.421817393190197e-05
polish	pan_tadeusz	2	YR	183	0.0003674787344273356
polish	pan_tadeusz	2	HI	4331	0.008696996714780275
polish	pan_tadeusz	2	NK	445	0.0008935958296183844
polish	pan_tadeusz	2	KT	194	0.00038956762010329565
polish	pan_tadeusz	2	MU	498	0.001000024096966192
polish	pan_tadeusz	2	OB	572	0.0011486220551499232
polish	pan_tadeusz	2	BL	743	0.0014920038233853024
polish	pan_tadeusz	2	OI	416	0.0008353614946544896
polish	pan_tadeusz	2	NM	254	0.0005100524510630778
polish	pan_tadeusz	2	AH	266	0.0005341494172550343
polish	pan_tadeusz	2	LF	427	0.0008574503803304497
polish	pan_tadeusz	2	FD	88	0.00017671108540768052
polish	pan_tadeusz	2	OZ	45	9.036362321983662e-05
polish	pan_tadeusz	2	ZE	313	0.0006285292015068637
polish	pan_tadeusz	2	SC	1047	0.0021024603002481987
polish	pan_tadeusz	2	FM	194	0.00038956762010329565
polish	pan_tadeusz	2	YT	999	0.002006072435480373
polish	pan_tadeusz	2	EX	315	0.0006325453625388563
polish	pan_tadeusz	2	TP	223	0.0004478019550671904
polish	pan_tadeusz	2	PE	1349	0.0027089006160791024
polish	pan_tadeusz	2	RH	657	0.0013193088990096147
polish	pan_tadeusz	2	PS	273	0.0005482059808670089
polish	pan_tadeusz	2	HO	2689	0.005399728507514238
polish	pan_tadeusz	2	EV	933	0.0018735391214246126
polish	pan_tadeusz	2	YU	51	0.00010241210631581484
polish	pan_tadeusz	2	FF	505	0.0010140806605781665
polish	pan_tadeusz	2	FZ	14	2.8113127223949173e-05
polish	pan_tadeusz	2	ZA	91	0.0001827353269556696
polish	pan_tadeusz	2	AJ	117	0.00023494542037157522
polish	pan_tadeusz	2	AZ	330	0.000662666570278802
polish	pan_tadeusz	2	ZD	14	2.8113127223949173e-05
polish	pan_tadeusz	2	SD	287	0.000576319108090958
polish	pan_tadeusz	2	UE	433	0.0008694988634264279
polish	pan_tadeusz	2	OA	614	0.001232961436821771
polish	pan_tadeusz	2	OU	5057	0.01015486316939364
polish	pan_tadeusz	2	SV	74	0.00014859795818373135
polish	pan_tadeusz	2	VO	179	0.00035944641236335015
polish	pan_tadeusz	2	LU	356	0.0007148766636947075
polish	pan_tadeusz	2	UM	431	0.0008654827023944352
polish	pan_tadeusz	2	SW	1174	0.0023574865257797377
polish	pan_tadeusz	2	WH	1998	0.004012144870960746
polish	pan_tadeusz	2	AG	883	0.0017731350956247942
polish	pan_tadeusz	2	GO	840	0.0016867876334369504
polish	pan_tadeusz	2	NF	463	0.000929741278906319
polish	pan_tadeusz	2	WO	1230	0.002469939034675534
polish	pan_tadeusz	2	YN	196	0.0003935837811352884
polish	pan_tadeusz	2	YD	240	0.00048193932383912866
polish	pan_tadeusz	2	DH	1166	0.0023414218816517666
polish	pan_tadeusz	2	RC	442	0.0008875715880703953
polish	pan_tadeusz	2	AB	908	0.0018233371085247035
polish	pan_tadeusz	2	NH	792	0.0015903997686691246
polish	pan_tadeusz	2	IM	1477	0.0029659349221266376
polish	pan_tadeusz	2	KM	35	7.028281805987292e-05
polish	pan_tadeusz	2	YF	304	0.0006104564768628963
polish	pan_tadeusz	2	AK	540	0.0010843634786380394
polish	pan_tadeusz	2	FH	336	0.0006747150533747801
polish	pan_tadeusz	2	RW	515	0.0010341614657381302
polish	pan_tadeusz	2	DM	448	0.0008996200711663735
polish	pan_tadeusz	2	YH	487	0.000977935211290232
polish	pan_tadeusz	2	ZN	9	1.8072724643967325e-05
polish	pan_tadeusz	2	NY	375	0.0007530301934986386
polish	pan_tadeusz	2	MG	35	7.028281805987292e-05
polish	pan_tadeusz	2	FU	390	0.0007831514012385841
polish	pan_tadeusz	2	AI	1729	0.0034719712121577227
polish	pan_tadeusz	2	DV	120	0.00024096966191956433
polish	pan_tadeusz	2	FS	216	0.00043374539145521576
polish	pan_tadeusz	2	LP	123	0.0002469939034675534
polish	pan_tadeusz	2	PU	311	0.0006245130404748709
polish	pan_tadeusz	2	UZ	38	7.630705960786204e-05
polish	pan_tadeusz	2	ZZ	38	7.630705960786204e-05
polish	pan_tadeusz	2	ZL	25	5.0202012899909234e-05
polish	pan_tadeusz	2	BU	1034	0.002076355253540246
polish	pan_tadeusz	2	TM	348	0.0006988120195667365
polish	pan_tadeusz	2	YW	435	0.0008735150244584207
polish	pan_tadeusz	2	FJ	29	5.8234334963894714e-05
polish	pan_tadeusz	2	JU	386	0.0007751190791745986
polish	pan_tadeusz	2	LD	1363	0.0027370137433030514
polish	pan_tadeusz	2	DB	859	0.0017249411632408813
polish	pan_tadeusz	2	JO	186	0.0003735029759753247
polish	pan_tadeusz	2	UG	732	0.0014699149377093424
polish	pan_tadeusz	2	HS	271	0.0005441898198350161
polish	pan_tadeusz	2	CQ	15	3.012120773994554e-05
polish	pan_tadeusz	2	QU	420	0.0008433938167184752
polish	pan_tadeusz	2	DW	894	0.0017952239813007543
polish	pan_tadeusz	2	HL	104	0.0002088403736636224
polish	pan_tadeusz	2	GU	397	0.0007972079648505587
polish	pan_tadeusz	2	YP	186	0.0003735029759753247
polish	pan_tadeusz	2	PH	166	0.0003333413656553973
polish	pan_tadeusz	2	HR	516	0.0010361695462541265
polish	pan_tadeusz	2	GB	162	0.00032530904359141186
polish	pan_tadeusz	2	RR	740	0.0014859795818373133
polish	pan_tadeusz	2	SY	192	0.0003855514590713029
polish	pan_tadeusz	2	LH	175	0.00035141409029936465
polish	pan_tadeusz	2	PB	33	6.626665702788019e-05
polish	pan_tadeusz	2	NN	302	0.0006064403158309035
polish	pan_tadeusz	2	OE	265	0.0005321413367390379
polish	pan_tadeusz	2	OP	726	0.0014578664546133643
polish	pan_tadeusz	2	RD	1433	0.0028775793794227973
polish	pan_tadeusz	2	NQ	63	0.00012650907250777126
polish	pan_tadeusz	2	UI	341	0.000684755455954762
polish	pan_tadeusz	2	XO	7	1.4056563611974586e-05
polish	pan_tadeusz	2	VA	365	0.0007329493883386748
polish	pan_tadeusz	2	DS	1716	0.00344586616544977
polish	pan_tadeusz	2	TN	174	0.00034940600978336826
polish	pan_tadeusz	2	WT	235	0.0004718989212591468
polish	pan_tadeusz	2	CP	12	2.4096966191956433e-05
polish	pan_tadeusz	2	FV	39	7.831514012385841e-05
polish	pan_tadeusz	2	WM	70	0.00014056563611974585
polish	pan_tadeusz	2	ZH	22	4.417777135192013e-05
polish	pan_tadeusz	2	RF	418	0.0008393776556864824
polish	pan_tadeusz	2	KW	86	0.00017269492437568777
polish	pan_tadeusz	2	DG	581	0.0011666947797938907
polish	pan_tadeusz	2	WW	95	0.0001907676490196551
polish	pan_tadeusz	2	RP	281	0.0005642706249949798
polish	pan_tadeusz	2	RU	658	0.0013213169795256111
polish	pan_tadeusz	2	CN	4	8.032322063985478e-06
polish	pan_tadeusz	2	UP	642	0.0012891876912696691
polish	pan_tadeusz	2	WR	126	0.0002530181450155425
polish	pan_tadeusz	2	PP	471	0.00094580592303429
polish	pan_tadeusz	2	YZ	13	2.61050467079528e-05
polish	pan_tadeusz	2	ZY	229	0.0004598504381631686
polish	pan_tadeusz	2	GM	152	0.00030522823843144814
polish	pan_tadeusz	2	TK	68	0.00013654947508775312
polish	pan_tadeusz	2	KR	46	9.2371703735833e-05
polish	pan_tadeusz	2	ZS	11	2.2088885675960065e-05
polish	pan_tadeusz	2	OG	337	0.0006767231338907765
polish	pan_tadeusz	2	CC	155	0.00031125247997943725
polish	pan_tadeusz	2	EJ	441	0.0008855635075543989
polish	pan_tadeusz	2	TY	555	0.001114484686377985
polish	pan_tadeusz	2	PT	460	0.0009237170373583299
polish	pan_tadeusz	2	ZB	10	2.0080805159963693e-05
polish	pan_tadeusz	2	TJ	44	8.835554270384026e-05
polish	pan_tadeusz	2	XP	116	0.00023293733985557886
polish	pan_tadeusz	2	FK	32	6.425857651188383e-05
polish	pan_tadeusz	2	HY	214	0.00042972923042322304
polish	pan_tadeusz	2	YS	700	0.0014056563611974586
polish	pan_tadeusz	2	CR	504	0.00101207258006217
polish	pan_tadeusz	2	ZP	8	1.6064644127970956e-05
polish	pan_tadeusz	2	SF	625	0.001255050322497731
polish	pan_tadeusz	2	CS	22	4.417777135192013e-05
polish	pan_tadeusz	2	OH	393	0.0007891756427865731
polish	pan_tadeusz	2	KN	451	0.0009056443127143626
polish	pan_tadeusz	2	EQ	131	0.0002630585475955244
polish	pan_tadeusz	2	IB	188	0.0003775191370073174
polish	pan_tadeusz	2	CL	506	0.0010160887410941629
polish	pan_tadeusz	2	NR	160	0.0003212928825594191
polish	pan_tadeusz	2	GI	640	0.0012851715302376763
polish	pan_tadeusz	2	GJ	16	3.212928825594191e-05
polish	pan_tadeusz	2	FW	221	0.00044378579403519765
polish	pan_tadeusz	2	HH	414	0.000831345333622497
polish	pan_tadeusz	2	HF	146	0.0002931797553354699
polish	pan_tadeusz	2	DR	718	0.0014418018104853931
polish	pan_tadeusz	2	GT	751	0.0015080684675132733
polish	pan_tadeusz	2	GY	60	0.00012048483095978216
polish	pan_tadeusz	2	MN	79	0.00015863836076371318
polish	pan_tadeusz	2	IU	56	0.00011245250889579669
polish	pan_tadeusz	2	KO	424	0.0008514261387824606
polish	pan_tadeusz	2	UB	189	0.0003795272175233138
polish	pan_tadeusz	2	HW	220	0.00044177771351920127
polish	pan_tadeusz	2	MS	533	0.001070306915026065
polish	pan_tadeusz	2	GF	157	0.00031526864101143
polish	pan_tadeusz	2	CD	4	8.032322063985478e-06
polish	pan_tadeusz	2	CM	7	1.4056563611974586e-05
polish	pan_tadeusz	2	GW	186	0.0003735029759753247
polish	pan_tadeusz	2	MH	206	0.0004136645862952521
polish	pan_tadeusz	2	WD	51	0.00010241210631581484
polish	pan_tadeusz	2	HM	163	0.0003273171241074082
polish	pan_tadeusz	2	MK	6	1.2048483095978216e-05
polish	pan_tadeusz	2	BB	99	0.00019879997108364057
polish	pan_tadeusz	2	HC	121	0.0002429777424355607
polish	pan_tadeusz	2	ZF	3	6.024241547989108e-06
polish	pan_tadeusz	2	TZ	24	4.8193932383912866e-05
polish	pan_tadeusz	2	WF	44	8.835554270384026e-05
polish	pan_tadeusz	2	WB	59	0.00011847675044378579
polish	pan_tadeusz	2	FC	113	0.00022691309830758974
polish	pan_tadeusz	2	CF	10	2.0080805159963693e-05
polish	pan_tadeusz	2	TC	468	0.0009397816814863009
polish	pan_tadeusz	2	CU	372	0.0007470059519506494
polish	pan_tadeusz	2	WC	33	6.626665702788019e-05
polish	pan_tadeusz	2	LG	69	0.00013855755560374949
polish	pan_tadeusz	2	LW	232	0.0004658746797111577
polish	pan_tadeusz	2	GC	95	0.0001907676490196551
polish	pan_tadeusz	2	MF	93	0.00018675148798766235
polish	pan_tadeusz	2	SG	279	0.0005602544639629871
polish	pan_tadeusz	2	GN	258	0.0005180847731270633
polish	pan_tadeusz	2	XC	77	0.00015462219973172043
polish	pan_tadeusz	2	BJ	18	3.614544928793465e-05
polish	pan_tadeusz	2	JE	153	0.00030723631894744453
polish	pan_tadeusz	2	FG	138	0.00027711511120749897
polish	pan_tadeusz	2	BS	76	0.00015261411921572407
polish	pan_tadeusz	2	RZ	103	0.00020683229314762605
polish	pan_tadeusz	2	JT	28	5.6226254447898346e-05
polish	pan_tadeusz	2	FN	43	8.634746218784388e-05
polish	pan_tadeusz	2	MW	131	0.0002630585475955244
polish	pan_tadeusz	2	WP	35	7.028281805987292e-05
polish	pan_tadeusz	2	TG	141	0.0002831393527554881
polish	pan_tadeusz	2	WG	23	4.61858518679165e-05
polish	pan_tadeusz	2	YJ	33	6.626665702788019e-05
polish	pan_tadeusz	2	DZ	49	9.83959452838221e-05
polish	pan_tadeusz	2	MC	49	9.83959452838221e-05
polish	pan_tadeusz	2	KG	29	5.8234334963894714e-05
polish	pan_tadeusz	2	RJ	37	7.429897909186567e-05
polish	pan_tadeusz	2	IK	549	0.0011024362032820067
polish	pan_tadeusz	2	YY	67	0.00013454139457175674
polish	pan_tadeusz	2	HK	16	3.212928825594191e-05
polish	pan_tadeusz	2	CB	9	1.8072724643967325e-05
polish	pan_tadeusz	2	CG	3	6.024241547989108e-06
polish	pan_tadeusz	2	AO	38	7.630705960786204e-05
polish	pan_tadeusz	2	MR	48	9.638786476782573e-05
polish	pan_tadeusz	2	HQ	7	1.4056563611974586e-05
polish	pan_tadeusz	2	SQ	67	0.00013454139457175674
polish	pan_tadeusz	2	KL	158	0.00031727672152742636
polish	pan_tadeusz	2	FY	120	0.00024096966191956433
polish	pan_tadeusz	2	VY	16	3.212928825594191e-05
polish	pan_tadeusz	2	UW	125	0.0002510100644995462
polish	pan_tadeusz	2	CW	13	2.61050467079528e-05
polish	pan_tadeusz	2	PY	62	0.0001245009919917749
polish	pan_tadeusz	2	PF	36	7.22908985758693e-05
polish	pan_tadeusz	2	KH	97	0.00019478381005164782
polish	pan_tadeusz	2	UO	33	6.626665702788019e-05
polish	pan_tadeusz	2	YK	103	0.00020683229314762605
polish	pan_tadeusz	2	ZC	12	2.4096966191956433e-05
polish	pan_tadeusz	2	WV	13	2.61050467079528e-05
polish	pan_tadeusz	2	KP	29	5.8234334963894714e-05
polish	pan_tadeusz	2	PV	2	4.016161031992739e-06
polish	pan_tadeusz	2	KK	8	1.6064644127970956e-05
polish	pan_tadeusz	2	OX	46	9.2371703735833e-05
polish	pan_tadeusz	2	KJ	8	1.6064644127970956e-05
polish	pan_tadeusz	2	ZK	87	0.00017470300489168413
polish	pan_tadeusz	2	BZ	2	4.016161031992739e-06
polish	pan_tadeusz	2	JL	12	2.4096966191956433e-05
polish	pan_tadeusz	2	IW	229	0.0004598504381631686
polish	pan_tadeusz	2	KY	68	0.00013654947508775312
polish	pan_tadeusz	2	KD	25	5.0202012899909234e-05
polish	pan_tadeusz	2	ZM	14	2.8113127223949173e-05
polish	pan_tadeusz	2	AE	15	3.012120773994554e-05
polish	pan_tadeusz	2	DJ	72	0.0001445817971517386
polish	pan_tadeusz	2	UV	17	3.413736877193828e-05
polish	pan_tadeusz	2	VN	2	4.016161031992739e-06
polish	pan_tadeusz	2	EZ	66	0.00013253331405576037
polish	pan_tadeusz	2	GD	59	0.00011847675044378579
polish	pan_tadeusz	2	ZU	24	4.8193932383912866e-05
polish	pan_tadeusz	2	VB	7	1.4056563611974586e-05
polish	pan_tadeusz	2	NZ	19	3.815352980393102e-05
polish	pan_tadeusz	2	HD	70	0.00014056563611974585
polish	pan_tadeusz	2	HJ	14	2.8113127223949173e-05
polish	pan_tadeusz	2	JI	9	1.8072724643967325e-05
polish	pan_tadeusz	2	XA	31	6.225049599588745e-05
polish	pan_tadeusz	2	IZ	100	0.00020080805159963694
polish	pan_tadeusz	2	IY	3	6.024241547989108e-06
polish	pan_tadeusz	2	HV	10	2.0080805159963693e-05
polish	pan_tadeusz	2	TQ	18	3.614544928793465e-05
polish	pan_tadeusz	2	KF	63	0.00012650907250777126
polish	pan_tadeusz	2	FQ	3	6.024241547989108e-06
polish	pan_tadeusz	2	UH	72	0.0001445817971517386
polish	pan_tadeusz	2	KC	40	8.032322063985477e-05
polish	pan_tadeusz	2	XE	40	8.032322063985477e-05
polish	pan_tadeusz	2	PC	15	3.012120773994554e-05
polish	pan_tadeusz	2	UF	94	0.0001887595685036587
polish	pan_tadeusz	2	OQ	23	4.61858518679165e-05
polish	pan_tadeusz	2	AX	17	3.413736877193828e-05
polish	pan_tadeusz	2	UK	43	8.634746218784388e-05
polish	pan_tadeusz	2	RQ	9	1.8072724643967325e-05
polish	pan_tadeusz	2	XU	7	1.4056563611974586e-05
polish	pan_tadeusz	2	XS	6	1.2048483095978216e-05
polish	pan_tadeusz	2	BD	1	2.0080805159963695e-06
polish	pan_tadeusz	2	DQ	18	3.614544928793465e-05
polish	pan_tadeusz	2	WQ	3	6.024241547989108e-06
polish	pan_tadeusz	2	LQ	3	6.024241547989108e-06
polish	pan_tadeusz	2	MZ	2	4.016161031992739e-06
polish	pan_tadeusz	2	XW	3	6.024241547989108e-06
polish	pan_tadeusz	2	ZG	1	2.0080805159963695e-06
polish	pan_tadeusz	2	JC	7	1.4056563611974586e-05
polish	pan_tadeusz	2	ZV	1	2.0080805159963695e-06
polish	pan_tadeusz	2	WK	17	3.413736877193828e-05
polish	pan_tadeusz	2	WJ	4	8.032322063985478e-06
polish	pan_tadeusz	2	IJ	7	1.4056563611974586e-05
polish	pan_tadeusz	2	KU	20	4.0161610319927386e-05
polish	pan_tadeusz	2	GV	8	1.6064644127970956e-05
polish	pan_tadeusz	2	TV	48	9.638786476782573e-05
polish	pan_tadeusz	2	GK	6	1.2048483095978216e-05
polish	pan_tadeusz	2	PM	16	3.212928825594191e-05
polish	pan_tadeusz	2	XJ	2	4.016161031992739e-06
polish	pan_tadeusz	2	VR	6	1.2048483095978216e-05
polish	pan_tadeusz	2	WU	18	3.614544928793465e-05
polish	pan_tadeusz	2	XH	13	2.61050467079528e-05
polish	pan_tadeusz	2	XV	1	2.0080805159963695e-06
polish	pan_tadeusz	2	AQ	19	3.815352980393102e-05
polish	pan_tadeusz	2	GQ	9	1.8072724643967325e-05
polish	pan_tadeusz	2	VU	6	1.2048483095978216e-05
polish	pan_tadeusz	2	UX	6	1.2048483095978216e-05
polish	pan_tadeusz	2	XM	3	6.024241547989108e-06
polish	pan_tadeusz	2	IQ	15	3.012120773994554e-05
polish	pan_tadeusz	2	BN	1	2.0080805159963695e-06
polish	pan_tadeusz	2	HZ	7	1.4056563611974586e-05
polish	pan_tadeusz	2	PW	32	6.425857651188383e-05
polish	pan_tadeusz	2	UY	18	3.614544928793465e-05
polish	pan_tadeusz	2	YQ	7	1.4056563611974586e-05
polish	pan_tadeusz	2	JK	46	9.2371703735833e-05
polish	pan_tadeusz	2	JS	22	4.417777135192013e-05
polish	pan_tadeusz	2	MJ	10	2.0080805159963693e-05
polish	pan_tadeusz	2	PK	8	1.6064644127970956e-05
polish	pan_tadeusz	2	XD	1	2.0080805159963695e-06
polish	pan_tadeusz	2	XB	1	2.0080805159963695e-06
polish	pan_tadeusz	2	BK	2	4.016161031992739e-06
polish	pan_tadeusz	2	MQ	5	1.0040402579981846e-05
polish	pan_tadeusz	2	NX	6	1.2048483095978216e-05
polish	pan_tadeusz	2	PQ	3	6.024241547989108e-06
polish	pan_tadeusz	2	PN	6	1.2048483095978216e-05
polish	pan_tadeusz	2	PG	3	6.024241547989108e-06
polish	pan_tadeusz	2	LZ	5	1.0040402579981846e-05
polish	pan_tadeusz	2	GZ	3	6.024241547989108e-06
polish	pan_tadeusz	2	XL	1	2.0080805159963695e-06
polish	pan_tadeusz	2	KQ	1	2.0080805159963695e-06
polish	pan_tadeusz	2	UU	4	8.032322063985478e-06
polish	pan_tadeusz	2	XF	2	4.016161031992739e-06
polish	pan_tadeusz	2	JG	1	2.0080805159963695e-06
polish	pan_tadeusz	2	KZ	1	2.0080805159963695e-06
polish	pan_tadeusz	2	LJ	10	2.0080805159963693e-05
polish	pan_tadeusz	2	JW	6	1.2048483095978216e-05
polish	pan_tadeusz	2	JR	1	2.0080805159963695e-06
polish	pan_tadeusz	2	BW	4	8.032322063985478e-06
polish	pan_tadeusz	2	JD	6	1.2048483095978216e-05
polish	pan_tadeusz	2	JY	1	2.0080805159963695e-06
polish	pan_tadeusz	2	BM	3	6.024241547989108e-06
polish	pan_tadeusz	2	MV	11	2.2088885675960065e-05
polish	pan_tadeusz	2	UQ	1	2.0080805159963695e-06
polish	pan_tadeusz	2	XG	1	2.0080805159963695e-06
polish	pan_tadeusz	2	VS	11	2.2088885675960065e-05
polish	pan_tadeusz	2	UJ	4	8.032322063985478e-06
polish	pan_tadeusz	2	BH	2	4.016161031992739e-06
polish	pan_tadeusz	2	ZR	3	6.024241547989108e-06
polish	pan_tadeusz	2	JF	1	2.0080805159963695e-06
polish	pan_tadeusz	2	BF	1	2.0080805159963695e-06
polish	pan_tadeusz	2	VW	3	6.024241547989108e-06
polish	pan_tadeusz	2	VH	4	8.032322063985478e-06
polish	pan_tadeusz	2	VP	2	4.016161031992739e-06
polish	pan_tadeusz	2	VM	3	6.024241547989108e-06
polish	pan_tadeusz	2	VC	2	4.016161031992739e-06
polish	pan_tadeusz	2	VG	3	6.024241547989108e-06
polish	pan_tadeusz	2	BC	2	4.016161031992739e-06
polish	pan_tadeusz	2	BG	1	2.0080805159963695e-06
polish	pan_tadeusz	2	VL	3	6.024241547989108e-06
polish	pan_tadeusz	2	JH	3	6.024241547989108e-06
polish	pan_tadeusz	2	PJ	3	6.024241547989108e-06
polish	pan_tadeusz	2	JN	1	2.0080805159963695e-06
polish	pan_tadeusz	2	ZJ	1	2.0080805159963695e-06
polish	pan_tadeusz	2	PX	1	2.0080805159963695e-06
polish	pan_tadeusz	2	WX	1	2.0080805159963695e-06
polish	quo_vadis	2	PR	16	0.0014106859460412625
polish	quo_vadis	2	RO	56	0.004937400811144419
polish	quo_vadis	2	OD	40	0.0035267148651031564
polish	quo_vadis	2	DU	13	0.0011461823311585259
polish	quo_vadis	2	UC	11	0.000969846587903368
polish	quo_vadis	2	CE	25	0.002204196790689473
polish	quo_vadis	2	ED	157	0.013842355845529888
polish	quo_vadis	2	DB	10	0.0008816787162757891
polish	quo_vadis	2	BY	4	0.00035267148651031563
polish	quo_vadis	2	YG	3	0.0002645036148827367
polish	quo_vadis	2	GR	20	0.0017633574325515782
polish	quo_vadis	2	RE	121	0.010668312466937047
polish	quo_vadis	2	EG	24	0.0021160289190618937
polish	quo_vadis	2	GW	6	0.0005290072297654734
polish	quo_vadis	2	WE	45	0.003967554223241051
polish	quo_vadis	2	EE	42	0.003703050608358314
polish	quo_vadis	2	EK	7	0.0006171751013930523
polish	quo_vadis	2	KS	5	0.00044083935813789456
polish	quo_vadis	2	SS	45	0.003967554223241051
polish	quo_vadis	2	ST	153	0.013489684359019573
polish	quo_vadis	2	TE	126	0.011109151825074944
polish	quo_vadis	2	EP	30	0.0026450361488273674
polish	quo_vadis	2	PH	11	0.000969846587903368
polish	quo_vadis	2	HE	340	0.02997707635337683
polish	quo_vadis	2	EN	117	0.010315640980426732
polish	quo_vadis	2	NB	7	0.0006171751013930523
polish	quo_vadis	2	BL	16	0.0014106859460412625
polish	quo_vadis	2	LU	4	0.00035267148651031563
polish	quo_vadis	2	UN	34	0.002997707635337683
polish	quo_vadis	2	ND	104	0.009169458649268207
polish	quo_vadis	2	DE	51	0.004496561453006524
polish	quo_vadis	2	EL	37	0.0032622112502204196
polish	quo_vadis	2	LL	64	0.00564274378416505
polish	quo_vadis	2	LA	39	0.0034385469934755776
polish	quo_vadis	2	AN	158	0.013930523717157467
polish	quo_vadis	2	DT	63	0.005554575912537472
polish	quo_vadis	2	TH	378	0.03332745547522483
polish	quo_vadis	2	EO	36	0.0031740433785928408
polish	quo_vadis	2	ON	114	0.010051137365543996
polish	quo_vadis	2	NL	10	0.0008816787162757891
polish	quo_vadis	2	LI	57	0.005025568682771998
polish	quo_vadis	2	IN	244	0.021512960677129253
polish	quo_vadis	2	NE	60	0.005290072297654735
polish	quo_vadis	2	DI	78	0.006877093986951155
polish	quo_vadis	2	IS	102	0.008993122906013049
polish	quo_vadis	2	TR	16	0.0014106859460412625
polish	quo_vadis	2	RI	45	0.003967554223241051
polish	quo_vadis	2	IB	5	0.00044083935813789456
polish	quo_vadis	2	BU	14	0.0012343502027861047
polish	quo_vadis	2	UT	53	0.004672897196261682
polish	quo_vadis	2	DP	7	0.0006171751013930523
polish	quo_vadis	2	OO	83	0.00731793334508905
polish	quo_vadis	2	OF	52	0.0045847293246341035
polish	quo_vadis	2	FR	50	0.004408393581378946
polish	quo_vadis	2	EA	114	0.010051137365543996
polish	quo_vadis	2	AD	22	0.001939693175806736
polish	quo_vadis	2	NG	134	0.011814494798095574
polish	quo_vadis	2	GT	21	0.001851525304179157
polish	quo_vadis	2	AM	20	0.0017633574325515782
polish	quo_vadis	2	MA	35	0.003085875506965262
polish	quo_vadis	2	AT	171	0.015076706048315994
polish	quo_vadis	2	HT	28	0.0024687004055722094
polish	quo_vadis	2	TT	80	0.007053429730206313
polish	quo_vadis	2	TP	7	0.0006171751013930523
polish	quo_vadis	2	PS	9	0.0007935108446482102
polish	quo_vadis	2	SW	21	0.001851525304179157
polish	quo_vadis	2	WW	3	0.0002645036148827367
polish	quo_vadis	2	WP	1	8.816787162757891e-05
polish	quo_vadis	2	PG	3	0.0002645036148827367
polish	quo_vadis	2	GD	7	0.0006171751013930523
polish	quo_vadis	2	PN	1	8.816787162757891e-05
polish	quo_vadis	2	ET	119	0.01049197672368189
polish	quo_vadis	2	TI	89	0.007846940574854524
polish	quo_vadis	2	IL	35	0.003085875506965262
polish	quo_vadis	2	US	46	0.00405572209486863
polish	quo_vadis	2	RA	64	0.00564274378416505
polish	quo_vadis	2	IO	19	0.0016751895609239992
polish	quo_vadis	2	NT	114	0.010051137365543996
polish	quo_vadis	2	EW	85	0.007494269088344207
polish	quo_vadis	2	WU	56	0.004937400811144419
polish	quo_vadis	2	UB	60	0.005290072297654735
polish	quo_vadis	2	BS	25	0.002204196790689473
polish	quo_vadis	2	SI	56	0.004937400811144419
polish	quo_vadis	2	IR	22	0.001939693175806736
polish	quo_vadis	2	RP	13	0.0011461823311585259
polish	quo_vadis	2	PE	59	0.005201904426027156
polish	quo_vadis	2	ER	157	0.013842355845529888
polish	quo_vadis	2	RS	54	0.004761065067889261
polish	quo_vadis	2	SO	73	0.006436254628813261
polish	quo_vadis	2	NS	43	0.0037912184799858933
polish	quo_vadis	2	SA	111	0.009786633750661258
polish	quo_vadis	2	AI	117	0.010315640980426732
polish	quo_vadis	2	ID	91	0.00802327631810968
polish	quo_vadis	2	IT	153	0.013489684359019573
polish	quo_vadis	2	TS	87	0.007670604831599365
polish	quo_vadis	2	SP	31	0.0027332040204549463
polish	quo_vadis	2	PO	19	0.0016751895609239992
polish	quo_vadis	2	OK	24	0.0021160289190618937
polish	quo_vadis	2	KE	36	0.0031740433785928408
polish	quo_vadis	2	EB	12	0.0010580144595309468
polish	quo_vadis	2	BE	41	0.0036148827367307353
polish	quo_vadis	2	EY	31	0.0027332040204549463
polish	quo_vadis	2	YO	78	0.006877093986951155
polish	quo_vadis	2	DL	22	0.001939693175806736
polish	quo_vadis	2	IE	14	0.0012343502027861047
polish	quo_vadis	2	ES	125	0.011020983953447364
polish	quo_vadis	2	BB	6	0.0005290072297654734
polish	quo_vadis	2	YP	8	0.0007053429730206313
polish	quo_vadis	2	HI	115	0.010139305237171575
polish	quo_vadis	2	IP	11	0.000969846587903368
polish	quo_vadis	2	PK	3	0.0002645036148827367
polish	quo_vadis	2	KD	1	8.816787162757891e-05
polish	quo_vadis	2	IC	36	0.0031740433785928408
polish	quo_vadis	2	CK	21	0.001851525304179157
polish	quo_vadis	2	KT	8	0.0007053429730206313
polish	quo_vadis	2	SL	12	0.0010580144595309468
polish	quo_vadis	2	LO	45	0.003967554223241051
polish	quo_vadis	2	OV	11	0.000969846587903368
polish	quo_vadis	2	VE	58	0.005113736554399576
polish	quo_vadis	2	LY	39	0.0034385469934755776
polish	quo_vadis	2	YW	11	0.000969846587903368
polish	quo_vadis	2	BM	1	8.816787162757891e-05
polish	quo_vadis	2	MI	29	0.002556868277199788
polish	quo_vadis	2	IG	23	0.002027861047434315
polish	quo_vadis	2	GH	26	0.0022923646623170518
polish	quo_vadis	2	TW	27	0.0023805325339446306
polish	quo_vadis	2	LH	3	0.0002645036148827367
polish	quo_vadis	2	HA	84	0.007406101216716628
polish	quo_vadis	2	AV	22	0.001939693175806736
polish	quo_vadis	2	DM	12	0.0010580144595309468
polish	quo_vadis	2	NY	25	0.002204196790689473
polish	quo_vadis	2	YM	6	0.0005290072297654734
polish	quo_vadis	2	ME	85	0.007494269088344207
polish	quo_vadis	2	TA	105	0.009257626520895786
polish	quo_vadis	2	AL	70	0.006171751013930524
polish	quo_vadis	2	LK	14	0.0012343502027861047
polish	quo_vadis	2	KL	2	0.00017633574325515782
polish	quo_vadis	2	IK	7	0.0006171751013930523
polish	quo_vadis	2	OS	33	0.002909539763710104
polish	quo_vadis	2	OP	29	0.002556868277199788
polish	quo_vadis	2	IV	18	0.0015870216892964204
polish	quo_vadis	2	EF	21	0.001851525304179157
polish	quo_vadis	2	FO	28	0.0024687004055722094
polish	quo_vadis	2	OL	25	0.002204196790689473
polish	quo_vadis	2	LS	10	0.0008816787162757891
polish	quo_vadis	2	YH	9	0.0007935108446482102
polish	quo_vadis	2	DA	36	0.0031740433785928408
polish	quo_vadis	2	LM	5	0.00044083935813789456
polish	quo_vadis	2	MO	33	0.002909539763710104
polish	quo_vadis	2	TF	16	0.0014106859460412625
polish	quo_vadis	2	FI	24	0.0021160289190618937
polish	quo_vadis	2	NI	36	0.0031740433785928408
polish	quo_vadis	2	SH	49	0.004320225709751367
polish	quo_vadis	2	DW	18	0.0015870216892964204
polish	quo_vadis	2	WI	35	0.003085875506965262
polish	quo_vadis	2	OA	5	0.00044083935813789456
polish	quo_vadis	2	GO	38	0.0033503791218479984
polish	quo_vadis	2	OU	141	0.012431669899488627
polish	quo_vadis	2	TO	119	0.01049197672368189
polish	quo_vadis	2	PT	46	0.00405572209486863
polish	quo_vadis	2	TU	30	0.0026450361488273674
polish	quo_vadis	2	AR	84	0.007406101216716628
polish	quo_vadis	2	RM	18	0.0015870216892964204
polish	quo_vadis	2	MS	12	0.0010580144595309468
polish	quo_vadis	2	SF	16	0.0014106859460412625
polish	quo_vadis	2	LD	22	0.001939693175806736
polish	quo_vadis	2	DH	28	0.0024687004055722094
polish	quo_vadis	2	FA	12	0.0010580144595309468
polish	quo_vadis	2	AC	28	0.0024687004055722094
polish	quo_vadis	2	SU	19	0.0016751895609239992
polish	quo_vadis	2	NK	14	0.0012343502027861047
polish	quo_vadis	2	KI	25	0.002204196790689473
polish	quo_vadis	2	GL	10	0.0008816787162757891
polish	quo_vadis	2	OM	59	0.005201904426027156
polish	quo_vadis	2	MC	1	8.816787162757891e-05
polish	quo_vadis	2	CA	69	0.006083583142302945
polish	quo_vadis	2	AP	49	0.004320225709751367
polish	quo_vadis	2	NF	16	0.0014106859460412625
polish	quo_vadis	2	NC	51	0.004496561453006524
polish	quo_vadis	2	CO	60	0.005290072297654735
polish	quo_vadis	2	OW	57	0.005025568682771998
polish	quo_vadis	2	WA	74	0.006524422500440839
polish	quo_vadis	2	LE	58	0.005113736554399576
polish	quo_vadis	2	EI	45	0.003967554223241051
polish	quo_vadis	2	UR	53	0.004672897196261682
polish	quo_vadis	2	YD	3	0.0002645036148827367
polish	quo_vadis	2	DO	65	0.005730911655792629
polish	quo_vadis	2	WN	15	0.0013225180744136837
polish	quo_vadis	2	GA	35	0.003085875506965262
polish	quo_vadis	2	GP	6	0.0005290072297654734
polish	quo_vadis	2	PL	19	0.0016751895609239992
polish	quo_vadis	2	KG	1	8.816787162757891e-05
polish	quo_vadis	2	NN	6	0.0005290072297654734
polish	quo_vadis	2	WH	35	0.003085875506965262
polish	quo_vadis	2	EM	46	0.00405572209486863
polish	quo_vadis	2	RH	9	0.0007935108446482102
polish	quo_vadis	2	DY	15	0.0013225180744136837
polish	quo_vadis	2	GE	28	0.0024687004055722094
polish	quo_vadis	2	PA	29	0.002556868277199788
polish	quo_vadis	2	DF	10	0.0008816787162757891
polish	quo_vadis	2	OR	64	0.00564274378416505
polish	quo_vadis	2	LT	6	0.0005290072297654734
polish	quo_vadis	2	DN	12	0.0010580144595309468
polish	quo_vadis	2	NO	41	0.0036148827367307353
polish	quo_vadis	2	OT	54	0.004761065067889261
polish	quo_vadis	2	RN	18	0.0015870216892964204
polish	quo_vadis	2	AW	10	0.0008816787162757891
polish	quo_vadis	2	AY	14	0.0012343502027861047
polish	quo_vadis	2	YC	9	0.0007935108446482102
polish	quo_vadis	2	EC	57	0.005025568682771998
polish	quo_vadis	2	CT	16	0.0014106859460412625
polish	quo_vadis	2	SR	5	0.00044083935813789456
polish	quo_vadis	2	OB	12	0.0010580144595309468
polish	quo_vadis	2	NP	13	0.0011461823311585259
polish	quo_vadis	2	PU	10	0.0008816787162757891
polish	quo_vadis	2	SB	7	0.0006171751013930523
polish	quo_vadis	2	BO	12	0.0010580144595309468
polish	quo_vadis	2	EH	26	0.0022923646623170518
polish	quo_vadis	2	FT	28	0.0024687004055722094
polish	quo_vadis	2	EJ	5	0.00044083935813789456
polish	quo_vadis	2	JU	5	0.00044083935813789456
polish	quo_vadis	2	NU	5	0.00044083935813789456
polish	quo_vadis	2	TG	6	0.0005290072297654734
polish	quo_vadis	2	FF	8	0.0007053429730206313
polish	quo_vadis	2	IM	37	0.0032622112502204196
polish	quo_vadis	2	MN	2	0.00017633574325515782
polish	quo_vadis	2	OH	8	0.0007053429730206313
polish	quo_vadis	2	HD	2	0.00017633574325515782
polish	quo_vadis	2	GN	1	8.816787162757891e-05
polish	quo_vadis	2	TY	20	0.0017633574325515782
polish	quo_vadis	2	YI	18	0.0015870216892964204
polish	quo_vadis	2	IA	10	0.0008816787162757891
polish	quo_vadis	2	MG	3	0.0002645036148827367
polish	quo_vadis	2	OI	19	0.0016751895609239992
polish	quo_vadis	2	GB	4	0.00035267148651031563
polish	quo_vadis	2	BA	16	0.0014106859460412625
polish	quo_vadis	2	EV	10	0.0008816787162757891
polish	quo_vadis	2	VI	9	0.0007935108446482102
polish	quo_vadis	2	AG	14	0.0012343502027861047
polish	quo_vadis	2	RD	19	0.0016751895609239992
polish	quo_vadis	2	BI	9	0.0007935108446482102
polish	quo_vadis	2	DS	33	0.002909539763710104
polish	quo_vadis	2	DR	8	0.0007053429730206313
polish	quo_vadis	2	UP	27	0.0023805325339446306
polish	quo_vadis	2	PI	13	0.0011461823311585259
polish	quo_vadis	2	MU	10	0.0008816787162757891
polish	quo_vadis	2	RG	9	0.0007935108446482102
polish	quo_vadis	2	IZ	1	8.816787162757891e-05
polish	quo_vadis	2	ZE	7	0.0006171751013930523
polish	quo_vadis	2	HU	8	0.0007053429730206313
polish	quo_vadis	2	CI	8	0.0007053429730206313
polish	quo_vadis	2	HY	16	0.0014106859460412625
polish	quo_vadis	2	YN	1	8.816787162757891e-05
polish	quo_vadis	2	NA	26	0.0022923646623170518
polish	quo_vadis	2	NW	14	0.0012343502027861047
polish	quo_vadis	2	RU	12	0.0010580144595309468
polish	quo_vadis	2	LF	9	0.0007935108446482102
polish	quo_vadis	2	FW	6	0.0005290072297654734
polish	quo_vadis	2	YB	5	0.00044083935813789456
polish	quo_vadis	2	NM	5	0.00044083935813789456
polish	quo_vadis	2	RT	29	0.002556868277199788
polish	quo_vadis	2	WO	12	0.0010580144595309468
polish	quo_vadis	2	OJ	3	0.0002645036148827367
polish	quo_vadis	2	JO	15	0.0013225180744136837
polish	quo_vadis	2	TM	18	0.0015870216892964204
polish	quo_vadis	2	KH	3	0.0002645036148827367
polish	quo_vadis	2	HO	35	0.003085875506965262
polish	quo_vadis	2	WS	3	0.0002645036148827367
polish	quo_vadis	2	TC	21	0.001851525304179157
polish	quo_vadis	2	CH	44	0.003879386351613472
polish	quo_vadis	2	HW	2	0.00017633574325515782
polish	quo_vadis	2	NH	12	0.0010580144595309468
polish	quo_vadis	2	RL	3	0.0002645036148827367
polish	quo_vadis	2	WD	4	0.00035267148651031563
polish	quo_vadis	2	OY	16	0.0014106859460412625
polish	quo_vadis	2	UE	9	0.0007935108446482102
polish	quo_vadis	2	EX	10	0.0008816787162757891
polish	quo_vadis	2	XP	2	0.00017633574325515782
polish	quo_vadis	2	RW	8	0.0007053429730206313
polish	quo_vadis	2	UW	4	0.00035267148651031563
polish	quo_vadis	2	SE	74	0.006524422500440839
polish	quo_vadis	2	UL	26	0.0022923646623170518
polish	quo_vadis	2	RC	6	0.0005290072297654734
polish	quo_vadis	2	HR	4	0.00035267148651031563
polish	quo_vadis	2	YU	3	0.0002645036148827367
polish	quo_vadis	2	KB	2	0.00017633574325515782
polish	quo_vadis	2	GG	9	0.0007935108446482102
polish	quo_vadis	2	PF	3	0.0002645036148827367
polish	quo_vadis	2	MD	1	8.816787162757891e-05
polish	quo_vadis	2	PP	13	0.0011461823311585259
polish	quo_vadis	2	AS	67	0.005907247399047787
polish	quo_vadis	2	SJ	3	0.0002645036148827367
polish	quo_vadis	2	GU	11	0.000969846587903368
polish	quo_vadis	2	AF	9	0.0007935108446482102
polish	quo_vadis	2	MY	12	0.0010580144595309468
polish	quo_vadis	2	HH	4	0.00035267148651031563
polish	quo_vadis	2	GI	22	0.001939693175806736
polish	quo_vadis	2	TB	10	0.0008816787162757891
polish	quo_vadis	2	YA	8	0.0007053429730206313
polish	quo_vadis	2	RR	11	0.000969846587903368
polish	quo_vadis	2	RY	24	0.0021160289190618937
polish	quo_vadis	2	UG	13	0.0011461823311585259
polish	quo_vadis	2	GF	3	0.0002645036148827367
polish	quo_vadis	2	MW	7	0.0006171751013930523
polish	quo_vadis	2	SG	13	0.0011461823311585259
polish	quo_vadis	2	YS	18	0.0015870216892964204
polish	quo_vadis	2	TL	20	0.0017633574325515782
polish	quo_vadis	2	GS	15	0.0013225180744136837
polish	quo_vadis	2	WL	3	0.0002645036148827367
polish	quo_vadis	2	YE	18	0.0015870216892964204
polish	quo_vadis	2	FS	6	0.0005290072297654734
polish	quo_vadis	2	FE	12	0.0010580144595309468
polish	quo_vadis	2	WF	2	0.00017633574325515782
polish	quo_vadis	2	FL	6	0.0005290072297654734
polish	quo_vadis	2	UZ	1	8.816787162757891e-05
polish	quo_vadis	2	ZZ	1	8.816787162757891e-05
polish	quo_vadis	2	AB	18	0.0015870216892964204
polish	quo_vadis	2	KA	6	0.0005290072297654734
polish	quo_vadis	2	BP	1	8.816787162757891e-05
polish	quo_vadis	2	RF	7	0.0006171751013930523
polish	quo_vadis	2	IF	20	0.0017633574325515782
polish	quo_vadis	2	UA	9	0.0007935108446482102
polish	quo_vadis	2	LV	4	0.00035267148651031563
polish	quo_vadis	2	YR	3	0.0002645036148827367
polish	quo_vadis	2	AH	4	0.00035267148651031563
polish	quo_vadis	2	GY	4	0.00035267148651031563
polish	quo_vadis	2	SC	20	0.0017633574325515782
polish	quo_vadis	2	HF	3	0.0002645036148827367
polish	quo_vadis	2	OG	11	0.000969846587903368
polish	quo_vadis	2	UF	2	0.00017633574325515782
polish	quo_vadis	2	BG	2	0.00017633574325515782
polish	quo_vadis	2	SM	13	0.0011461823311585259
polish	quo_vadis	2	DD	19	0.0016751895609239992
polish	quo_vadis	2	OE	11	0.000969846587903368
polish	quo_vadis	2	RV	2	0.00017633574325515782
polish	quo_vadis	2	VO	3	0.0002645036148827367
polish	quo_vadis	2	AK	7	0.0006171751013930523
polish	quo_vadis	2	PW	2	0.00017633574325515782
polish	quo_vadis	2	YT	25	0.002204196790689473
polish	quo_vadis	2	HL	2	0.00017633574325515782
polish	quo_vadis	2	FB	1	8.816787162757891e-05
polish	quo_vadis	2	EZ	2	0.00017633574325515782
polish	quo_vadis	2	SQ	4	0.00035267148651031563
polish	quo_vadis	2	QU	12	0.0010580144595309468
polish	quo_vadis	2	ZI	1	8.816787162757891e-05
polish	quo_vadis	2	NJ	8	0.0007053429730206313
polish	quo_vadis	2	BT	7	0.0006171751013930523
polish	quo_vadis	2	SK	3	0.0002645036148827367
polish	quo_vadis	2	HC	3	0.0002645036148827367
polish	quo_vadis	2	MT	9	0.0007935108446482102
polish	quo_vadis	2	UM	5	0.00044083935813789456
polish	quo_vadis	2	MB	3	0.0002645036148827367
polish	quo_vadis	2	HS	10	0.0008816787162757891
polish	quo_vadis	2	BJ	2	0.00017633574325515782
polish	quo_vadis	2	MH	4	0.00035267148651031563
polish	quo_vadis	2	BR	6	0.0005290072297654734
polish	quo_vadis	2	FU	5	0.00044083935813789456
polish	quo_vadis	2	AZ	3	0.0002645036148827367
polish	quo_vadis	2	IH	3	0.0002645036148827367
polish	quo_vadis	2	LC	3	0.0002645036148827367
polish	quo_vadis	2	CU	11	0.000969846587903368
polish	quo_vadis	2	KW	2	0.00017633574325515782
polish	quo_vadis	2	DV	3	0.0002645036148827367
polish	quo_vadis	2	VA	2	0.00017633574325515782
polish	quo_vadis	2	UI	12	0.0010580144595309468
polish	quo_vadis	2	GC	4	0.00035267148651031563
polish	quo_vadis	2	CR	9	0.0007935108446482102
polish	quo_vadis	2	YY	2	0.00017633574325515782
polish	quo_vadis	2	SY	3	0.0002645036148827367
polish	quo_vadis	2	SD	6	0.0005290072297654734
polish	quo_vadis	2	DG	4	0.00035267148651031563
polish	quo_vadis	2	LQ	1	8.816787162757891e-05
polish	quo_vadis	2	HP	1	8.816787162757891e-05
polish	quo_vadis	2	LR	4	0.00035267148651031563
polish	quo_vadis	2	IW	9	0.0007935108446482102
polish	quo_vadis	2	NR	1	8.816787162757891e-05
polish	quo_vadis	2	KO	5	0.00044083935813789456
polish	quo_vadis	2	DJ	2	0.00017633574325515782
polish	quo_vadis	2	TN	5	0.00044083935813789456
polish	quo_vadis	2	WT	5	0.00044083935813789456
polish	quo_vadis	2	BW	3	0.0002645036148827367
polish	quo_vadis	2	TD	9	0.0007935108446482102
polish	quo_vadis	2	BH	1	8.816787162757891e-05
polish	quo_vadis	2	XA	3	0.0002645036148827367
polish	quo_vadis	2	HG	1	8.816787162757891e-05
polish	quo_vadis	2	BC	2	0.00017633574325515782
polish	quo_vadis	2	FK	1	8.816787162757891e-05
polish	quo_vadis	2	DC	8	0.0007053429730206313
polish	quo_vadis	2	OC	6	0.0005290072297654734
polish	quo_vadis	2	CL	5	0.00044083935813789456
polish	quo_vadis	2	UD	7	0.0006171751013930523
polish	quo_vadis	2	WV	1	8.816787162757891e-05
polish	quo_vadis	2	KC	1	8.816787162757891e-05
polish	quo_vadis	2	BF	1	8.816787162757891e-05
polish	quo_vadis	2	YL	3	0.0002645036148827367
polish	quo_vadis	2	LB	4	0.00035267148651031563
polish	quo_vadis	2	KN	4	0.00035267148651031563
polish	quo_vadis	2	UH	5	0.00044083935813789456
polish	quo_vadis	2	FD	3	0.0002645036148827367
polish	quo_vadis	2	AX	1	8.816787162757891e-05
polish	quo_vadis	2	MP	5	0.00044083935813789456
polish	quo_vadis	2	UV	1	8.816787162757891e-05
polish	quo_vadis	2	HM	2	0.00017633574325515782
polish	quo_vadis	2	CW	2	0.00017633574325515782
polish	quo_vadis	2	FC	3	0.0002645036148827367
polish	quo_vadis	2	VY	3	0.0002645036148827367
polish	quo_vadis	2	CY	3	0.0002645036148827367
polish	quo_vadis	2	FM	4	0.00035267148651031563
polish	quo_vadis	2	SN	9	0.0007935108446482102
polish	quo_vadis	2	WC	2	0.00017633574325515782
polish	quo_vadis	2	SV	2	0.00017633574325515782
polish	quo_vadis	2	CC	2	0.00017633574325515782
polish	quo_vadis	2	JE	6	0.0005290072297654734
polish	quo_vadis	2	GM	4	0.00035267148651031563
polish	quo_vadis	2	OZ	2	0.00017633574325515782
polish	quo_vadis	2	UK	1	8.816787162757891e-05
polish	quo_vadis	2	TQ	1	8.816787162757891e-05
polish	quo_vadis	2	EQ	4	0.00035267148651031563
polish	quo_vadis	2	MQ	2	0.00017633574325515782
polish	quo_vadis	2	RB	4	0.00035267148651031563
polish	quo_vadis	2	FY	2	0.00017633574325515782
polish	quo_vadis	2	HB	1	8.816787162757891e-05
polish	quo_vadis	2	XT	3	0.0002645036148827367
polish	quo_vadis	2	BN	1	8.816787162757891e-05
polish	quo_vadis	2	YF	4	0.00035267148651031563
polish	quo_vadis	2	MJ	1	8.816787162757891e-05
polish	quo_vadis	2	MM	4	0.00035267148651031563
polish	quo_vadis	2	EU	7	0.0006171751013930523
polish	quo_vadis	2	II	1	8.816787162757891e-05
polish	quo_vadis	2	FH	2	0.00017633574325515782
polish	quo_vadis	2	AO	3	0.0002645036148827367
polish	quo_vadis	2	MF	1	8.816787162757891e-05
polish	quo_vadis	2	FJ	1	8.816787162757891e-05
polish	quo_vadis	2	AU	1	8.816787162757891e-05
polish	quo_vadis	2	WR	1	8.816787162757891e-05
polish	quo_vadis	2	XC	3	0.0002645036148827367
polish	quo_vadis	2	ML	2	0.00017633574325515782
polish	quo_vadis	2	RK	2	0.00017633574325515782
polish	quo_vadis	2	IU	2	0.00017633574325515782
polish	quo_vadis	2	CP	1	8.816787162757891e-05
polish	quo_vadis	2	HN	3	0.0002645036148827367
polish	quo_vadis	2	TJ	1	8.816787162757891e-05
polish	quo_vadis	2	KM	1	8.816787162757891e-05
polish	quo_vadis	2	KY	1	8.816787162757891e-05
polish	quo_vadis	2	ZO	1	8.816787162757891e-05
polish	quo_vadis	2	LG	1	8.816787162757891e-05
polish	quo_vadis	2	CM	1	8.816787162757891e-05
polish	quo_vadis	2	BV	1	8.816787162757891e-05
polish	quo_vadis	2	PY	1	8.816787162757891e-05
polish	quo_vadis	2	FP	1	8.816787162757891e-05
swedish	gusta_berling	2	IL	1086	0.0037595937146239888
swedish	gusta_berling	2	LL	1476	0.005109724054129841
swedish	gusta_berling	2	LU	146	0.0005054334091483447
swedish	gusta_berling	2	US	986	0.0034134064480840264
swedish	gusta_berling	2	ST	3480	0.012047316875590682
swedish	gusta_berling	2	TR	800	0.002769498132319697
swedish	gusta_berling	2	RA	1314	0.004548900682335102
swedish	gusta_berling	2	AT	2855	0.00988364645971592
swedish	gusta_berling	2	TI	1635	0.005660161807928381
swedish	gusta_berling	2	IO	405	0.0014020584294868466
swedish	gusta_berling	2	ON	2770	0.00958938728315695
swedish	gusta_berling	2	NI	709	0.0024544677197683314
swedish	gusta_berling	2	IN	4407	0.015256472836416131
swedish	gusta_berling	2	NV	50	0.00017309363326998105
swedish	gusta_berling	2	VI	263	0.0009104725110001004
swedish	gusta_berling	2	IS	2387	0.008263490052308895
swedish	gusta_berling	2	SI	1199	0.004150785325814146
swedish	gusta_berling	2	IB	119	0.00041196284718255494
swedish	gusta_berling	2	BL	429	0.0014851433734564376
swedish	gusta_berling	2	LE	2161	0.007481106829928582
swedish	gusta_berling	2	EL	1615	0.005590924354620388
swedish	gusta_berling	2	LI	1383	0.004787769896247677
swedish	gusta_berling	2	NK	228	0.0007893069677111136
swedish	gusta_berling	2	KS	188	0.0006508320610951288
swedish	gusta_berling	2	AN	4545	0.01573421126424128
swedish	gusta_berling	2	NS	871	0.0030152910915630703
swedish	gusta_berling	2	SL	392	0.0013570540848366515
swedish	gusta_berling	2	LA	1015	0.0035138007553806158
swedish	gusta_berling	2	TE	2042	0.007069143982746027
swedish	gusta_berling	2	ED	3908	0.01352899837638172
swedish	gusta_berling	2	DF	302	0.0010454855449506856
swedish	gusta_berling	2	FR	568	0.0019663436739469848
swedish	gusta_berling	2	RO	1634	0.005656699935262981
swedish	gusta_berling	2	OM	1251	0.0043308027044149265
swedish	gusta_berling	2	MT	323	0.0011181848709240776
swedish	gusta_berling	2	TH	10635	0.03681701579652497
swedish	gusta_berling	2	HE	11589	0.04011964231931621
swedish	gusta_berling	2	ES	3799	0.013151654255853162
swedish	gusta_berling	2	SW	761	0.0026344850983691117
swedish	gusta_berling	2	WE	1034	0.0035795763360232085
swedish	gusta_berling	2	DI	1119	0.0038738355125821763
swedish	gusta_berling	2	SH	2640	0.009139343836655
swedish	gusta_berling	2	HO	1733	0.005999425329137544
swedish	gusta_berling	2	OF	1804	0.006245218288380917
swedish	gusta_berling	2	FS	174	0.0006023658437795341
swedish	gusta_berling	2	SE	1961	0.006788732296848657
swedish	gusta_berling	2	LM	95	0.00032887790321296404
swedish	gusta_berling	2	MA	1310	0.004535053191673504
swedish	gusta_berling	2	AL	1488	0.005151266526114636
swedish	gusta_berling	2	AG	541	0.001872873111981195
swedish	gusta_berling	2	GE	671	0.002322916558483146
swedish	gusta_berling	2	ER	5580	0.019317249472929888
swedish	gusta_berling	2	RL	304	0.0010524092902814849
swedish	gusta_berling	2	LO	1169	0.004046929145852157
swedish	gusta_berling	2	FA	524	0.0018140212766694014
swedish	gusta_berling	2	AU	425	0.001471295882794839
swedish	gusta_berling	2	UT	1364	0.004721994315605083
swedish	gusta_berling	2	OR	2572	0.008903936495407825
swedish	gusta_berling	2	FT	900	0.0031156853988596593
swedish	gusta_berling	2	TO	3446	0.011929613204967096
swedish	gusta_berling	2	RY	527	0.0018244068946656005
swedish	gusta_berling	2	YO	874	0.003025676709559269
swedish	gusta_berling	2	FG	42	0.00014539865194678408
swedish	gusta_berling	2	GO	626	0.002167132288540163
swedish	gusta_berling	2	OS	789	0.0027314175330003013
swedish	gusta_berling	2	TA	1401	0.00485008360422487
swedish	gusta_berling	2	AB	430	0.0014886052461218372
swedish	gusta_berling	2	BE	1647	0.005701704279913176
swedish	gusta_berling	2	NG	2566	0.008883165259415429
swedish	gusta_berling	2	GT	390	0.0013501303395058522
swedish	gusta_berling	2	EM	1238	0.004285798359764731
swedish	gusta_berling	2	MI	461	0.0015959232987492254
swedish	gusta_berling	2	IR	827	0.0028629686942854868
swedish	gusta_berling	2	AC	669	0.0023159928131523465
swedish	gusta_berling	2	CL	402	0.0013916728114906477
swedish	gusta_berling	2	SO	1517	0.0052516608334112255
swedish	gusta_berling	2	NT	2556	0.008848546532761433
swedish	gusta_berling	2	IC	698	0.002416387120448936
swedish	gusta_berling	2	CH	1122	0.003884221130578375
swedish	gusta_berling	2	HR	294	0.0010177905636274886
swedish	gusta_berling	2	RI	1564	0.005414368848685008
swedish	gusta_berling	2	ET	2508	0.00868237664482225
swedish	gusta_berling	2	TC	274	0.0009485531103194963
swedish	gusta_berling	2	CB	4	1.3847490661598485e-05
swedish	gusta_berling	2	BY	252	0.0008723919116807046
swedish	gusta_berling	2	YP	83	0.00028733543122816857
swedish	gusta_berling	2	PA	456	0.0015786139354222273
swedish	gusta_berling	2	UL	852	0.002949515510920477
swedish	gusta_berling	2	NE	1947	0.006740266079533062
swedish	gusta_berling	2	EB	818	0.0028318118402968903
swedish	gusta_berling	2	BA	272	0.000941629364988697
swedish	gusta_berling	2	NC	701	0.0024267727384451347
swedish	gusta_berling	2	CR	264	0.0009139343836655
swedish	gusta_berling	2	TF	209	0.0007235313870685208
swedish	gusta_berling	2	FL	305	0.0010558711629468844
swedish	gusta_berling	2	HC	41	0.00014193677928138446
swedish	gusta_berling	2	CO	1079	0.0037353606059661914
swedish	gusta_berling	2	EN	2959	0.01024368121691748
swedish	gusta_berling	2	TS	1237	0.004282336487099332
swedish	gusta_berling	2	SP	590	0.0020425048725857767
swedish	gusta_berling	2	PI	348	0.0012047316875590682
swedish	gusta_berling	2	IT	2858	0.009894032077712117
swedish	gusta_berling	2	FF	256	0.0008862394023423031
swedish	gusta_berling	2	AS	2724	0.009430141140548569
swedish	gusta_berling	2	GA	670	0.002319454685817746
swedish	gusta_berling	2	ND	3606	0.012483512831431034
swedish	gusta_berling	2	DP	202	0.0006992982784107235
swedish	gusta_berling	2	PE	971	0.0033614783581030322
swedish	gusta_berling	2	TT	1889	0.0065394774649398845
swedish	gusta_berling	2	RN	519	0.0017967119133424035
swedish	gusta_berling	2	NO	2111	0.0073080131966586
swedish	gusta_berling	2	RD	790	0.0027348794056657006
swedish	gusta_berling	2	DT	1768	0.006120590872426531
swedish	gusta_berling	2	EG	522	0.0018070975313386024
swedish	gusta_berling	2	DO	1123	0.003887683003243775
swedish	gusta_berling	2	BI	196	0.0006785270424183257
swedish	gusta_berling	2	DS	1173	0.004060776636513756
swedish	gusta_berling	2	SN	371	0.0012843547588632595
swedish	gusta_berling	2	EK	162	0.0005608233717947387
swedish	gusta_berling	2	KI	315	0.0010904898896008806
swedish	gusta_berling	2	GS	335	0.001159727342908873
swedish	gusta_berling	2	SG	167	0.0005781327351217368
swedish	gusta_berling	2	GR	566	0.0019594199286161857
swedish	gusta_berling	2	AV	611	0.0021152041985591685
swedish	gusta_berling	2	VE	1923	0.006657181135563472
swedish	gusta_berling	2	EO	912	0.0031572278708444546
swedish	gusta_berling	2	OU	2951	0.010215986235594282
swedish	gusta_berling	2	TL	589	0.002039042999920377
swedish	gusta_berling	2	AW	437	0.0015128383547796346
swedish	gusta_berling	2	WS	182	0.000630060825102731
swedish	gusta_berling	2	RE	3797	0.013144730510522363
swedish	gusta_berling	2	RV	92	0.00031849228521676516
swedish	gusta_berling	2	VA	129	0.0004465815738365511
swedish	gusta_berling	2	LD	1213	0.004199251543129741
swedish	gusta_berling	2	DE	1448	0.005012791619498652
swedish	gusta_berling	2	AR	1913	0.006622562408909475
swedish	gusta_berling	2	DA	1328	0.004597366899650697
swedish	gusta_berling	2	GM	73	0.00025271670457417233
swedish	gusta_berling	2	AM	704	0.0024371583564413335
swedish	gusta_berling	2	MS	324	0.0011216467435894773
swedish	gusta_berling	2	LF	358	0.0012393504142130644
swedish	gusta_berling	2	DR	518	0.0017932500406770038
swedish	gusta_berling	2	IK	278	0.0009624006009810947
swedish	gusta_berling	2	KA	175	0.0006058277164449337
swedish	gusta_berling	2	CE	936	0.0032403128148140456
swedish	gusta_berling	2	AF	297	0.0010281761816236874
swedish	gusta_berling	2	FI	539	0.0018659493666503958
swedish	gusta_berling	2	RM	429	0.0014851433734564376
swedish	gusta_berling	2	WI	1429	0.004947016038856058
swedish	gusta_berling	2	IF	684	0.002367920903133341
swedish	gusta_berling	2	FE	595	0.0020598142359127746
swedish	gusta_berling	2	MO	789	0.0027314175330003013
swedish	gusta_berling	2	OT	1960	0.0067852704241832575
swedish	gusta_berling	2	RS	1244	0.004306569595757129
swedish	gusta_berling	2	PO	409	0.0014159059201484451
swedish	gusta_berling	2	RT	1157	0.004005386673867362
swedish	gusta_berling	2	AI	974	0.003371863976099231
swedish	gusta_berling	2	TM	244	0.0008446969303575075
swedish	gusta_berling	2	GU	132	0.00045696719183275
swedish	gusta_berling	2	UE	147	0.0005088952818137443
swedish	gusta_berling	2	TU	399	0.001381287193494449
swedish	gusta_berling	2	UN	1171	0.004053852891182957
swedish	gusta_berling	2	EU	231	0.0007996925857073125
swedish	gusta_berling	2	UB	114	0.0003946534838555568
swedish	gusta_berling	2	OW	1678	0.005809022332540564
swedish	gusta_berling	2	WN	511	0.0017690169320192064
swedish	gusta_berling	2	IE	665	0.0023021453224907483
swedish	gusta_berling	2	EA	3165	0.010956826985989801
swedish	gusta_berling	2	EC	1145	0.0039638442018825664
swedish	gusta_berling	2	IM	997	0.0034514870474034224
swedish	gusta_berling	2	MB	213	0.0007373788777301193
swedish	gusta_berling	2	II	13	4.500434465019508e-05
swedish	gusta_berling	2	CA	749	0.0025929426263843164
swedish	gusta_berling	2	EE	1526	0.005282817687399822
swedish	gusta_berling	2	EF	898	0.0031087616535288598
swedish	gusta_berling	2	FO	1116	0.0038634498945859775
swedish	gusta_berling	2	ME	1673	0.005791712969213566
swedish	gusta_berling	2	NF	237	0.0008204638216997102
swedish	gusta_berling	2	DL	377	0.0013051259948556571
swedish	gusta_berling	2	LY	800	0.002769498132319697
swedish	gusta_berling	2	YA	423	0.0014643721374640397
swedish	gusta_berling	2	SA	1881	0.006511782483616687
swedish	gusta_berling	2	AH	92	0.00031849228521676516
swedish	gusta_berling	2	EI	1100	0.0038080599319395836
swedish	gusta_berling	2	SS	1275	0.004413887648384517
swedish	gusta_berling	2	SM	355	0.0012289647962168656
swedish	gusta_berling	2	LT	472	0.0016340038980686212
swedish	gusta_berling	2	HA	3892	0.013473608413735325
swedish	gusta_berling	2	KN	248	0.0008585444210191061
swedish	gusta_berling	2	EV	678	0.0023471496671409434
swedish	gusta_berling	2	YH	326	0.0011285704889202766
swedish	gusta_berling	2	OL	865	0.002994519855570672
swedish	gusta_berling	2	DC	304	0.0010524092902814849
swedish	gusta_berling	2	MF	55	0.00019040299659697917
swedish	gusta_berling	2	HI	3053	0.010569097247465045
swedish	gusta_berling	2	NA	817	0.0028283499676314905
swedish	gusta_berling	2	DK	44	0.00015232239727758334
swedish	gusta_berling	2	WT	200	0.0006923745330799242
swedish	gusta_berling	2	SD	186	0.0006439083157643295
swedish	gusta_berling	2	OG	176	0.0006092895891103334
swedish	gusta_berling	2	WH	1709	0.005916340385167953
swedish	gusta_berling	2	OE	122	0.00042234846517875377
swedish	gusta_berling	2	RW	370	0.00128089288619786
swedish	gusta_berling	2	WA	1904	0.006591405554920879
swedish	gusta_berling	2	LK	107	0.00037042037519775947
swedish	gusta_berling	2	KE	928	0.0032126178334908485
swedish	gusta_berling	2	DU	193	0.0006681414244221269
swedish	gusta_berling	2	UP	364	0.001260121650205462
swedish	gusta_berling	2	PT	277	0.0009589387283156951
swedish	gusta_berling	2	TK	57	0.0001973267419277784
swedish	gusta_berling	2	EW	1977	0.0068441222594950515
swedish	gusta_berling	2	HW	126	0.0004361959558403523
swedish	gusta_berling	2	MU	270	0.0009347056196578978
swedish	gusta_berling	2	EH	1600	0.005538996264639394
swedish	gusta_berling	2	EY	956	0.003309550268122038
swedish	gusta_berling	2	YE	401	0.0013882109388252482
swedish	gusta_berling	2	OV	397	0.0013743634481636496
swedish	gusta_berling	2	YF	186	0.0006439083157643295
swedish	gusta_berling	2	EP	854	0.0029564392562512767
swedish	gusta_berling	2	DW	679	0.0023506115398063427
swedish	gusta_berling	2	UG	539	0.0018659493666503958
swedish	gusta_berling	2	GH	1095	0.0037907505686125853
swedish	gusta_berling	2	HT	1033	0.0035761144633578087
swedish	gusta_berling	2	NP	80	0.0002769498132319697
swedish	gusta_berling	2	RK	228	0.0007893069677111136
swedish	gusta_berling	2	KK	2	6.923745330799243e-06
swedish	gusta_berling	2	WW	76	0.0002631023225703712
swedish	gusta_berling	2	LW	133	0.00046042906449814965
swedish	gusta_berling	2	RH	570	0.0019732674192777843
swedish	gusta_berling	2	UR	942	0.0032610840508064433
swedish	gusta_berling	2	NH	637	0.0022052128878595587
swedish	gusta_berling	2	PS	207	0.0007166076417377216
swedish	gusta_berling	2	PR	351	0.001215117305555267
swedish	gusta_berling	2	UD	168	0.0005815946077871363
swedish	gusta_berling	2	FU	263	0.0009104725110001004
swedish	gusta_berling	2	LR	45	0.00015578426994298296
swedish	gusta_berling	2	IG	573	0.001983653037273983
swedish	gusta_berling	2	HB	59	0.00020425048725857765
swedish	gusta_berling	2	BO	536	0.001855563748654197
swedish	gusta_berling	2	AD	1652	0.005719013643240174
swedish	gusta_berling	2	DG	236	0.0008170019490343106
swedish	gusta_berling	2	NY	312	0.0010801042716046818
swedish	gusta_berling	2	YT	573	0.001983653037273983
swedish	gusta_berling	2	VU	4	1.3847490661598485e-05
swedish	gusta_berling	2	LG	42	0.00014539865194678408
swedish	gusta_berling	2	TW	755	0.002613713862376714
swedish	gusta_berling	2	DH	994	0.0034411014294072235
swedish	gusta_berling	2	AP	399	0.001381287193494449
swedish	gusta_berling	2	PP	253	0.0008758537843461041
swedish	gusta_berling	2	YB	182	0.000630060825102731
swedish	gusta_berling	2	BU	750	0.002596404499049716
swedish	gusta_berling	2	DV	53	0.00018347925126617994
swedish	gusta_berling	2	TP	141	0.0004881240458213466
swedish	gusta_berling	2	PL	437	0.0015128383547796346
swedish	gusta_berling	2	HP	33	0.0001142417979581875
swedish	gusta_berling	2	ID	862	0.0029841342375744734
swedish	gusta_berling	2	NL	315	0.0010904898896008806
swedish	gusta_berling	2	YS	481	0.0016651607520572179
swedish	gusta_berling	2	MM	106	0.0003669585025323599
swedish	gusta_berling	2	TY	252	0.0008723919116807046
swedish	gusta_berling	2	YD	136	0.0004708146824943485
swedish	gusta_berling	2	SU	537	0.0018590256213195967
swedish	gusta_berling	2	UC	252	0.0008723919116807046
swedish	gusta_berling	2	YW	371	0.0012843547588632595
swedish	gusta_berling	2	LS	362	0.001253197904874663
swedish	gusta_berling	2	WO	812	0.0028110406043044926
swedish	gusta_berling	2	RF	225	0.0007789213497149148
swedish	gusta_berling	2	NM	101	0.00034964913920536176
swedish	gusta_berling	2	MY	178	0.0006162133344411326
swedish	gusta_berling	2	NN	254	0.0008793156570115038
swedish	gusta_berling	2	RC	293	0.001014328690962089
swedish	gusta_berling	2	OP	397	0.0013743634481636496
swedish	gusta_berling	2	LC	49	0.00016963176060458144
swedish	gusta_berling	2	FH	291	0.0010074049456312898
swedish	gusta_berling	2	IP	91	0.0003150304125513655
swedish	gusta_berling	2	IV	340	0.0011770367062358712
swedish	gusta_berling	2	SC	390	0.0013501303395058522
swedish	gusta_berling	2	CI	138	0.0004777384278251477
swedish	gusta_berling	2	AZ	17	5.885183531179356e-05
swedish	gusta_berling	2	ZE	65	0.00022502172325097538
swedish	gusta_berling	2	DM	313	0.0010835661442700816
swedish	gusta_berling	2	AY	766	0.00265179446169611
swedish	gusta_berling	2	RU	310	0.0010731805262738825
swedish	gusta_berling	2	NW	284	0.0009831718369734924
swedish	gusta_berling	2	GD	45	0.00015578426994298296
swedish	gusta_berling	2	PH	79	0.0002734879405665701
swedish	gusta_berling	2	CU	135	0.0004673528098289489
swedish	gusta_berling	2	UA	126	0.0004361959558403523
swedish	gusta_berling	2	DD	341	0.0011804985789012708
swedish	gusta_berling	2	FV	74	0.000256178577239572
swedish	gusta_berling	2	VO	152	0.0005262046451407424
swedish	gusta_berling	2	LB	87	0.00030118292188976704
swedish	gusta_berling	2	GG	115	0.00039811535652095647
swedish	gusta_berling	2	GI	387	0.0013397447215096534
swedish	gusta_berling	2	GN	84	0.00029079730389356816
swedish	gusta_berling	2	OY	217	0.0007512263683917179
swedish	gusta_berling	2	YC	150	0.0005192808998099431
swedish	gusta_berling	2	LN	56	0.0001938648692623788
swedish	gusta_berling	2	WF	19	6.57755806425928e-05
swedish	gusta_berling	2	MV	7	2.423310865779735e-05
swedish	gusta_berling	2	ML	52	0.00018001737860078032
swedish	gusta_berling	2	DY	239	0.0008273875670305095
swedish	gusta_berling	2	UK	10	3.461872665399621e-05
swedish	gusta_berling	2	OA	308	0.0010662567809430834
swedish	gusta_berling	2	HH	230	0.0007962307130419129
swedish	gusta_berling	2	OB	295	0.0010212524362928884
swedish	gusta_berling	2	OD	723	0.0025029339370839262
swedish	gusta_berling	2	YI	262	0.0009070106383347007
swedish	gusta_berling	2	TB	338	0.001170112960905072
swedish	gusta_berling	2	YL	105	0.00036349662986696023
swedish	gusta_berling	2	SB	420	0.001453986519467841
swedish	gusta_berling	2	BR	328	0.0011354942342510757
swedish	gusta_berling	2	NB	206	0.000713145769072322
swedish	gusta_berling	2	HL	61	0.00021117423258937688
swedish	gusta_berling	2	UM	166	0.0005746708624563371
swedish	gusta_berling	2	MN	52	0.00018001737860078032
swedish	gusta_berling	2	SF	318	0.0011008755075970795
swedish	gusta_berling	2	DN	552	0.0019109537113005909
swedish	gusta_berling	2	OO	1183	0.004095395363167752
swedish	gusta_berling	2	MC	28	9.69324346311894e-05
swedish	gusta_berling	2	RP	139	0.00048120030049054736
swedish	gusta_berling	2	EQ	39	0.00013501303395058523
swedish	gusta_berling	2	QU	216	0.0007477644957263182
swedish	gusta_berling	2	UI	235	0.000813540076368911
swedish	gusta_berling	2	MW	129	0.0004465815738365511
swedish	gusta_berling	2	EX	131	0.00045350531916735036
swedish	gusta_berling	2	XC	26	9.000868930039016e-05
swedish	gusta_berling	2	TQ	17	5.885183531179356e-05
swedish	gusta_berling	2	SQ	39	0.00013501303395058523
swedish	gusta_berling	2	CK	351	0.001215117305555267
swedish	gusta_berling	2	SR	162	0.0005608233717947387
swedish	gusta_berling	2	DB	665	0.0023021453224907483
swedish	gusta_berling	2	DQ	24	8.308494396959091e-05
swedish	gusta_berling	2	RR	409	0.0014159059201484451
swedish	gusta_berling	2	NQ	29	0.00010039430729658901
swedish	gusta_berling	2	RB	242	0.0008377731850267084
swedish	gusta_berling	2	OX	10	3.461872665399621e-05
swedish	gusta_berling	2	XA	14	4.84662173155947e-05
swedish	gusta_berling	2	WM	36	0.00012462741595438637
swedish	gusta_berling	2	CT	204	0.0007062220237415227
swedish	gusta_berling	2	RG	188	0.0006508320610951288
swedish	gusta_berling	2	HG	40	0.00013847490661598484
swedish	gusta_berling	2	NR	65	0.00022502172325097538
swedish	gusta_berling	2	XT	35	0.00012116554328898674
swedish	gusta_berling	2	AO	12	4.1542471984795455e-05
swedish	gusta_berling	2	YM	117	0.0004050391018517557
swedish	gusta_berling	2	PU	113	0.00039119161119015723
swedish	gusta_berling	2	CW	4	1.3847490661598485e-05
swedish	gusta_berling	2	SV	39	0.00013501303395058523
swedish	gusta_berling	2	WL	67	0.00023194546858177462
swedish	gusta_berling	2	TD	185	0.00064044644309893
swedish	gusta_berling	2	GL	233	0.0008066163310381118
swedish	gusta_berling	2	OH	464	0.0016063089167454242
swedish	gusta_berling	2	YR	67	0.00023194546858177462
swedish	gusta_berling	2	HM	78	0.00027002606790117045
swedish	gusta_berling	2	FC	71	0.0002457929592433731
swedish	gusta_berling	2	TN	219	0.000758150113722517
swedish	gusta_berling	2	FW	74	0.000256178577239572
swedish	gusta_berling	2	OK	377	0.0013051259948556571
swedish	gusta_berling	2	KH	69	0.00023886921391257386
swedish	gusta_berling	2	KC	25	8.654681663499053e-05
swedish	gusta_berling	2	KT	121	0.0004188865925133542
swedish	gusta_berling	2	PB	29	0.00010039430729658901
swedish	gusta_berling	2	GF	96	0.00033233977587836364
swedish	gusta_berling	2	WD	50	0.00017309363326998105
swedish	gusta_berling	2	BB	24	8.308494396959091e-05
swedish	gusta_berling	2	MH	171	0.0005919802257833353
swedish	gusta_berling	2	HN	36	0.00012462741595438637
swedish	gusta_berling	2	LV	79	0.0002734879405665701
swedish	gusta_berling	2	AK	406	0.0014055203021522463
swedish	gusta_berling	2	FM	73	0.00025271670457417233
swedish	gusta_berling	2	LP	95	0.00032887790321296404
swedish	gusta_berling	2	MP	206	0.000713145769072322
swedish	gusta_berling	2	HS	187	0.0006473701884297292
swedish	gusta_berling	2	OI	280	0.0009693243463118939
swedish	gusta_berling	2	GW	140	0.00048466217315594695
swedish	gusta_berling	2	NX	15	5.1928089980994316e-05
swedish	gusta_berling	2	XI	26	9.000868930039016e-05
swedish	gusta_berling	2	HF	64	0.00022155985058557577
swedish	gusta_berling	2	KF	52	0.00018001737860078032
swedish	gusta_berling	2	PK	6	2.0771235992397727e-05
swedish	gusta_berling	2	GP	61	0.00021117423258937688
swedish	gusta_berling	2	SK	176	0.0006092895891103334
swedish	gusta_berling	2	NU	120	0.00041542471984795453
swedish	gusta_berling	2	KO	64	0.00022155985058557577
swedish	gusta_berling	2	LH	130	0.00045004344650195077
swedish	gusta_berling	2	CQ	8	2.769498132319697e-05
swedish	gusta_berling	2	YK	26	9.000868930039016e-05
swedish	gusta_berling	2	YV	11	3.8080599319395836e-05
swedish	gusta_berling	2	UH	45	0.00015578426994298296
swedish	gusta_berling	2	HY	112	0.0003877297385247576
swedish	gusta_berling	2	PF	18	6.231370797719319e-05
swedish	gusta_berling	2	DJ	48	0.00016616988793918182
swedish	gusta_berling	2	JA	8	2.769498132319697e-05
swedish	gusta_berling	2	YG	61	0.00021117423258937688
swedish	gusta_berling	2	OQ	14	4.84662173155947e-05
swedish	gusta_berling	2	UF	51	0.00017655550593538067
swedish	gusta_berling	2	CC	78	0.00027002606790117045
swedish	gusta_berling	2	EJ	49	0.00016963176060458144
swedish	gusta_berling	2	JO	129	0.0004465815738365511
swedish	gusta_berling	2	FB	61	0.00021117423258937688
swedish	gusta_berling	2	BS	43	0.00014886052461218373
swedish	gusta_berling	2	OC	237	0.0008204638216997102
swedish	gusta_berling	2	IA	127	0.0004396578285057519
swedish	gusta_berling	2	FD	71	0.0002457929592433731
swedish	gusta_berling	2	SJ	33	0.0001142417979581875
swedish	gusta_berling	2	JU	118	0.0004085009745171553
swedish	gusta_berling	2	KM	18	6.231370797719319e-05
swedish	gusta_berling	2	KU	18	6.231370797719319e-05
swedish	gusta_berling	2	KP	10	3.461872665399621e-05
swedish	gusta_berling	2	FP	32	0.00011077992529278788
swedish	gusta_berling	2	FJ	14	4.84662173155947e-05
swedish	gusta_berling	2	PD	11	3.8080599319395836e-05
swedish	gusta_berling	2	FN	30	0.00010385617996198863
swedish	gusta_berling	2	BJ	4	1.3847490661598485e-05
swedish	gusta_berling	2	JE	79	0.0002734879405665701
swedish	gusta_berling	2	WR	61	0.00021117423258937688
swedish	gusta_berling	2	MD	21	7.269932597339204e-05
swedish	gusta_berling	2	IW	75	0.00025964044990497157
swedish	gusta_berling	2	PY	61	0.00021117423258937688
swedish	gusta_berling	2	CY	17	5.885183531179356e-05
swedish	gusta_berling	2	HU	239	0.0008273875670305095
swedish	gusta_berling	2	TJ	28	9.69324346311894e-05
swedish	gusta_berling	2	KL	51	0.00017655550593538067
swedish	gusta_berling	2	IX	20	6.923745330799242e-05
swedish	gusta_berling	2	YN	61	0.00021117423258937688
swedish	gusta_berling	2	TG	114	0.0003946534838555568
swedish	gusta_berling	2	AA	15	5.1928089980994316e-05
swedish	gusta_berling	2	VY	29	0.00010039430729658901
swedish	gusta_berling	2	CF	2	6.923745330799243e-06
swedish	gusta_berling	2	IZ	55	0.00019040299659697917
swedish	gusta_berling	2	IU	12	4.1542471984795455e-05
swedish	gusta_berling	2	MR	21	7.269932597339204e-05
swedish	gusta_berling	2	KB	38	0.0001315511612851856
swedish	gusta_berling	2	FY	53	0.00018347925126617994
swedish	gusta_berling	2	PM	12	4.1542471984795455e-05
swedish	gusta_berling	2	RQ	6	2.0771235992397727e-05
swedish	gusta_berling	2	YY	54	0.00018694112393157956
swedish	gusta_berling	2	GB	117	0.0004050391018517557
swedish	gusta_berling	2	PW	34	0.00011770367062358712
swedish	gusta_berling	2	KR	29	0.00010039430729658901
swedish	gusta_berling	2	WP	18	6.231370797719319e-05
swedish	gusta_berling	2	MG	10	3.461872665399621e-05
swedish	gusta_berling	2	WV	5	1.7309363326998105e-05
swedish	gusta_berling	2	GC	48	0.00016616988793918182
swedish	gusta_berling	2	NJ	36	0.00012462741595438637
swedish	gusta_berling	2	WG	7	2.423310865779735e-05
swedish	gusta_berling	2	SY	93	0.00032195415788216475
swedish	gusta_berling	2	GV	29	0.00010039430729658901
swedish	gusta_berling	2	GY	24	8.308494396959091e-05
swedish	gusta_berling	2	UU	9	3.115685398859659e-05
swedish	gusta_berling	2	IH	51	0.00017655550593538067
swedish	gusta_berling	2	AJ	9	3.115685398859659e-05
swedish	gusta_berling	2	KY	29	0.00010039430729658901
swedish	gusta_berling	2	XE	38	0.0001315511612851856
swedish	gusta_berling	2	YJ	18	6.231370797719319e-05
swedish	gusta_berling	2	XY	5	1.7309363326998105e-05
swedish	gusta_berling	2	GQ	5	1.7309363326998105e-05
swedish	gusta_berling	2	WK	2	6.923745330799243e-06
swedish	gusta_berling	2	UO	20	6.923745330799242e-05
swedish	gusta_berling	2	WC	33	0.0001142417979581875
swedish	gusta_berling	2	KD	26	9.000868930039016e-05
swedish	gusta_berling	2	UW	65	0.00022502172325097538
swedish	gusta_berling	2	HD	40	0.00013847490661598484
swedish	gusta_berling	2	OJ	15	5.1928089980994316e-05
swedish	gusta_berling	2	RJ	32	0.00011077992529278788
swedish	gusta_berling	2	WB	41	0.00014193677928138446
swedish	gusta_berling	2	AQ	11	3.8080599319395836e-05
swedish	gusta_berling	2	CS	14	4.84662173155947e-05
swedish	gusta_berling	2	AX	29	0.00010039430729658901
swedish	gusta_berling	2	WY	14	4.84662173155947e-05
swedish	gusta_berling	2	IQ	2	6.923745330799243e-06
swedish	gusta_berling	2	YU	31	0.00010731805262738826
swedish	gusta_berling	2	LQ	2	6.923745330799243e-06
swedish	gusta_berling	2	TV	23	7.962307130419129e-05
swedish	gusta_berling	2	KW	51	0.00017655550593538067
swedish	gusta_berling	2	BT	6	2.0771235992397727e-05
swedish	gusta_berling	2	PN	5	1.7309363326998105e-05
swedish	gusta_berling	2	CN	5	1.7309363326998105e-05
swedish	gusta_berling	2	BD	6	2.0771235992397727e-05
swedish	gusta_berling	2	HK	5	1.7309363326998105e-05
swedish	gusta_berling	2	XP	39	0.00013501303395058523
swedish	gusta_berling	2	CG	1	3.4618726653996214e-06
swedish	gusta_berling	2	MQ	8	2.769498132319697e-05
swedish	gusta_berling	2	ZZ	11	3.8080599319395836e-05
swedish	gusta_berling	2	ZY	6	2.0771235992397727e-05
swedish	gusta_berling	2	KG	9	3.115685398859659e-05
swedish	gusta_berling	2	UY	11	3.8080599319395836e-05
swedish	gusta_berling	2	HV	10	3.461872665399621e-05
swedish	gusta_berling	2	GJ	7	2.423310865779735e-05
swedish	gusta_berling	2	OZ	4	1.3847490661598485e-05
swedish	gusta_berling	2	HQ	2	6.923745330799243e-06
swedish	gusta_berling	2	VB	1	3.4618726653996214e-06
swedish	gusta_berling	2	XU	4	1.3847490661598485e-05
swedish	gusta_berling	2	UX	1	3.4618726653996214e-06
swedish	gusta_berling	2	PV	3	1.0385617996198864e-05
swedish	gusta_berling	2	FK	3	1.0385617996198864e-05
swedish	gusta_berling	2	PC	7	2.423310865779735e-05
swedish	gusta_berling	2	XH	8	2.769498132319697e-05
swedish	gusta_berling	2	XB	2	6.923745330799243e-06
swedish	gusta_berling	2	MJ	3	1.0385617996198864e-05
swedish	gusta_berling	2	XR	1	3.4618726653996214e-06
swedish	gusta_berling	2	XL	1	3.4618726653996214e-06
swedish	gusta_berling	2	WU	16	5.538996264639394e-05
swedish	gusta_berling	2	FQ	1	3.4618726653996214e-06
swedish	gusta_berling	2	TZ	1	3.4618726653996214e-06
swedish	gusta_berling	2	ZW	1	3.4618726653996214e-06
swedish	gusta_berling	2	AE	8	2.769498132319697e-05
swedish	gusta_berling	2	EZ	3	1.0385617996198864e-05
swedish	gusta_berling	2	KJ	3	1.0385617996198864e-05
swedish	gusta_berling	2	YQ	8	2.769498132319697e-05
swedish	gusta_berling	2	XW	1	3.4618726653996214e-06
swedish	gusta_berling	2	XM	2	6.923745330799243e-06
swedish	gusta_berling	2	MK	1	3.4618726653996214e-06
swedish	gusta_berling	2	CM	1	3.4618726653996214e-06
swedish	gusta_berling	2	LJ	28	9.69324346311894e-05
swedish	gusta_berling	2	BW	7	2.423310865779735e-05
swedish	gusta_berling	2	ZL	1	3.4618726653996214e-06
swedish	gusta_berling	2	QV	1	3.4618726653996214e-06
swedish	gusta_berling	2	ZO	4	1.3847490661598485e-05
swedish	gusta_berling	2	NZ	2	6.923745330799243e-06
swedish	gusta_berling	2	UV	1	3.4618726653996214e-06
swedish	gusta_berling	2	GK	1	3.4618726653996214e-06
swedish	gusta_berling	2	KQ	1	3.4618726653996214e-06
swedish	gusta_berling	2	CD	3	1.0385617996198864e-05
swedish	gusta_berling	2	PG	1	3.4618726653996214e-06
swedish	gusta_berling	2	WJ	1	3.4618726653996214e-06
swedish	gusta_berling	2	BH	2	6.923745330799243e-06
swedish	gusta_berling	2	ZA	6	2.0771235992397727e-05
swedish	gusta_berling	2	CP	3	1.0385617996198864e-05
swedish	gusta_berling	2	BC	1	3.4618726653996214e-06
swedish	gusta_berling	2	HJ	4	1.3847490661598485e-05
swedish	gusta_berling	2	ZI	3	1.0385617996198864e-05
swedish	gusta_berling	2	FZ	1	3.4618726653996214e-06
swedish	gusta_berling	2	BM	2	6.923745330799243e-06
swedish	gusta_berling	2	XO	4	1.3847490661598485e-05
swedish	gusta_berling	2	VH	1	3.4618726653996214e-06
swedish	gusta_berling	2	PJ	2	6.923745330799243e-06
swedish	gusta_berling	2	WQ	1	3.4618726653996214e-06
swedish	gusta_berling	2	UZ	3	1.0385617996198864e-05
swedish	gusta_berling	2	VT	1	3.4618726653996214e-06
swedish	niels_holgersson	2	TH	13154	0.03209122358463408
swedish	niels_holgersson	2	HE	13922	0.03396487872474347
swedish	niels_holgersson	2	EB	1041	0.002539680990695155
swedish	niels_holgersson	2	BU	1260	0.003073965464241975
swedish	niels_holgersson	2	UC	588	0.001434517216646255
swedish	niels_holgersson	2	CC	113	0.00027568102972963743
swedish	niels_holgersson	2	CA	1318	0.0032154654618023197
swedish	niels_holgersson	2	AN	7577	0.01848526692266781
swedish	niels_holgersson	2	NE	3064	0.0074751033193947705
swedish	niels_holgersson	2	EE	1801	0.004393818889761743
swedish	niels_holgersson	2	ER	6740	0.016443275578564214
swedish	niels_holgersson	2	RF	292	0.0007123792980624259
swedish	niels_holgersson	2	FA	1010	0.0024640516816542813
swedish	niels_holgersson	2	AR	3122	0.007616603316955115
swedish	niels_holgersson	2	RM	512	0.001249103426739596
swedish	niels_holgersson	2	ME	2938	0.007167706772970573
swedish	niels_holgersson	2	RB	315	0.0007684913660604937
swedish	niels_holgersson	2	BY	363	0.0008855948123173308
swedish	niels_holgersson	2	YH	350	0.0008538792956227707
swedish	niels_holgersson	2	HA	4826	0.011773775659072833
swedish	niels_holgersson	2	RO	2277	0.005555094731808712
swedish	niels_holgersson	2	OL	1104	0.002693379263907254
swedish	niels_holgersson	2	LD	1513	0.0036911982122207203
swedish	niels_holgersson	2	DB	877	0.0021395775493176284
swedish	niels_holgersson	2	BI	210	0.0005123275773736625
swedish	niels_holgersson	2	IN	5983	0.014596456644888678
swedish	niels_holgersson	2	ND	5488	0.013388827355365045
swedish	niels_holgersson	2	DL	469	0.0011441982561345128
swedish	niels_holgersson	2	LO	1822	0.004445051647499109
swedish	niels_holgersson	2	OS	1709	0.004169370617769472
swedish	niels_holgersson	2	SS	1889	0.0046085085412326116
swedish	niels_holgersson	2	SP	796	0.0019419654837592158
swedish	niels_holgersson	2	PU	276	0.0006733448159768136
swedish	niels_holgersson	2	UB	253	0.0006172327479787457
swedish	niels_holgersson	2	BL	566	0.0013808448037785379
swedish	niels_holgersson	2	LI	1634	0.003986396482993164
swedish	niels_holgersson	2	IS	2988	0.007289689529488112
swedish	niels_holgersson	2	SH	2901	0.007077439533147594
swedish	niels_holgersson	2	ED	6281	0.01532347387373321
swedish	niels_holgersson	2	DI	1958	0.004776844745226815
swedish	niels_holgersson	2	EN	4580	0.011173620497006544
swedish	niels_holgersson	2	NG	3267	0.007970353310855978
swedish	niels_holgersson	2	GL	378	0.0009221896392725925
swedish	niels_holgersson	2	LA	1616	0.00394248269064685
swedish	niels_holgersson	2	DU	323	0.0007880086071032999
swedish	niels_holgersson	2	UN	1235	0.0030129740859832052
swedish	niels_holgersson	2	DE	1834	0.004474327509063319
swedish	niels_holgersson	2	RT	1492	0.0036399654544833544
swedish	niels_holgersson	2	ET	3638	0.008875465364216115
swedish	niels_holgersson	2	TI	2651	0.006467525750559901
swedish	niels_holgersson	2	IT	4039	0.009853767071486774
swedish	niels_holgersson	2	TL	639	0.0015589396282941444
swedish	niels_holgersson	2	LE	2581	0.0062967498914353465
swedish	niels_holgersson	2	EA	3570	0.008709568815352262
swedish	niels_holgersson	2	AS	3877	0.009458542940369949
swedish	niels_holgersson	2	SK	500	0.001219827565175387
swedish	niels_holgersson	2	KE	1728	0.004215724065246137
swedish	niels_holgersson	2	EW	2509	0.006121094722050091
swedish	niels_holgersson	2	WS	277	0.0006757844711071643
swedish	niels_holgersson	2	SV	76	0.0001854137899066588
swedish	niels_holgersson	2	VI	290	0.0007074999878017243
swedish	niels_holgersson	2	IC	939	0.0022908361673993766
swedish	niels_holgersson	2	CT	497	0.0012125085997843346
swedish	niels_holgersson	2	TO	4246	0.010358775683469384
swedish	niels_holgersson	2	OR	3536	0.008626620540920336
swedish	niels_holgersson	2	RY	631	0.0015394223872513381
swedish	niels_holgersson	2	YC	150	0.00036594826955261607
swedish	niels_holgersson	2	CO	1392	0.0033959999414482768
swedish	niels_holgersson	2	ON	3428	0.008363137786842452
swedish	niels_holgersson	2	NT	4499	0.010976008431448131
swedish	niels_holgersson	2	TE	3144	0.007670275729822832
swedish	niels_holgersson	2	TS	1737	0.004237680961419294
swedish	niels_holgersson	2	PA	942	0.002298155132790429
swedish	niels_holgersson	2	IA	201	0.0004903706812005055
swedish	niels_holgersson	2	AT	3593	0.00876568088335033
swedish	niels_holgersson	2	TA	2432	0.005933241277013081
swedish	niels_holgersson	2	HN	96	0.00023420689251367425
swedish	niels_holgersson	2	ES	4820	0.01175913772829073
swedish	niels_holgersson	2	SC	615	0.0015003879051657257
swedish	niels_holgersson	2	CH	1222	0.0029812585692886454
swedish	niels_holgersson	2	AP	566	0.0013808448037785379
swedish	niels_holgersson	2	PT	390	0.0009514655008368017
swedish	niels_holgersson	2	RI	1611	0.0039302844149950965
swedish	niels_holgersson	2	EL	2544	0.006206482651612368
swedish	niels_holgersson	2	SE	2350	0.005733189556324318
swedish	niels_holgersson	2	EI	1232	0.003005655120592153
swedish	niels_holgersson	2	II	92	0.00022444827199227118
swedish	niels_holgersson	2	EO	1027	0.0025055258188702444
swedish	niels_holgersson	2	OT	2794	0.006816396434200061
swedish	niels_holgersson	2	TT	2687	0.006555353335252529
swedish	niels_holgersson	2	RH	579	0.001412560320473098
swedish	niels_holgersson	2	HO	2143	0.005228180944341708
swedish	niels_holgersson	2	OU	5470	0.013344913563018732
swedish	niels_holgersson	2	DS	1412	0.003444793044055292
swedish	niels_holgersson	2	SI	1945	0.004745129228532255
swedish	niels_holgersson	2	AC	1624	0.003961999931689657
swedish	niels_holgersson	2	NC	907	0.002212767203228152
swedish	niels_holgersson	2	CI	249	0.0006074741274573426
swedish	niels_holgersson	2	IL	1448	0.0035326206287479203
swedish	niels_holgersson	2	OF	1648	0.004020551654818075
swedish	niels_holgersson	2	FD	49	0.0001195431013871879
swedish	niels_holgersson	2	EF	1268	0.003093482705284781
swedish	niels_holgersson	2	FE	791	0.001929767208107462
swedish	niels_holgersson	2	NS	1289	0.0031447154630221473
swedish	niels_holgersson	2	IV	484	0.0011807930830897745
swedish	niels_holgersson	2	VT	6	1.4637930782104641e-05
swedish	niels_holgersson	2	EP	1175	0.002866594778162159
swedish	niels_holgersson	2	PE	1292	0.0031520344284131996
swedish	niels_holgersson	2	TC	402	0.000980741362401011
swedish	niels_holgersson	2	CU	338	0.0008246034340585615
swedish	niels_holgersson	2	UT	2262	0.00551849990485345
swedish	niels_holgersson	2	RS	1398	0.0034106378722303815
swedish	niels_holgersson	2	VR	2	4.879310260701547e-06
swedish	niels_holgersson	2	RA	2791	0.006809077468809009
swedish	niels_holgersson	2	AI	1589	0.003876612002127379
swedish	niels_holgersson	2	LT	861	0.0021005430672320162
swedish	niels_holgersson	2	ST	4104	0.010012344654959576
swedish	niels_holgersson	2	AL	2401	0.005857611967972207
swedish	niels_holgersson	2	LL	2429	0.0059259223116220295
swedish	niels_holgersson	2	LY	1021	0.0024908878880881397
swedish	niels_holgersson	2	YV	23	5.6112067998067796e-05
swedish	niels_holgersson	2	IB	179	0.00043669826833278846
swedish	niels_holgersson	2	RN	1327	0.0032374223579754767
swedish	niels_holgersson	2	GH	1671	0.004076663722816142
swedish	niels_holgersson	2	HY	166	0.0004049827516382284
swedish	niels_holgersson	2	YL	176	0.0004293793029417362
swedish	niels_holgersson	2	LV	151	0.00036838792468296683
swedish	niels_holgersson	2	RE	4715	0.011502973939603898
swedish	niels_holgersson	2	EC	1581	0.003857094761084573
swedish	niels_holgersson	2	CK	808	0.001971241345323425
swedish	niels_holgersson	2	KO	163	0.0003976637862471761
swedish	niels_holgersson	2	NI	1010	0.0024640516816542813
swedish	niels_holgersson	2	GV	18	4.3913792346313924e-05
swedish	niels_holgersson	2	IG	879	0.00214445685957833
swedish	niels_holgersson	2	GR	935	0.0022810775468779733
swedish	niels_holgersson	2	CE	1574	0.0038400171751721175
swedish	niels_holgersson	2	FI	789	0.0019248878978467604
swedish	niels_holgersson	2	SA	2632	0.006421172303083236
swedish	niels_holgersson	2	AW	493	0.0012027499792629313
swedish	niels_holgersson	2	WA	3059	0.007462905043743017
swedish	niels_holgersson	2	AY	868	0.0021176206531444714
swedish	niels_holgersson	2	YI	341	0.0008319223994496138
swedish	niels_holgersson	2	IX	51	0.00012442241164788945
swedish	niels_holgersson	2	XT	131	0.00031959482207595134
swedish	niels_holgersson	2	PL	598	0.0014589137679497626
swedish	niels_holgersson	2	NW	499	0.001217387910045036
swedish	niels_holgersson	2	WO	1048	0.0025567585766076107
swedish	niels_holgersson	2	RK	525	0.001280818943434156
swedish	niels_holgersson	2	KS	285	0.0006953017121499705
swedish	niels_holgersson	2	SX	2	4.879310260701547e-06
swedish	niels_holgersson	2	XJ	2	4.879310260701547e-06
swedish	niels_holgersson	2	JA	107	0.00026104309894753276
swedish	niels_holgersson	2	TM	493	0.0012027499792629313
swedish	niels_holgersson	2	DD	400	0.0009758620521403094
swedish	niels_holgersson	2	XI	59	0.00014393965269069564
swedish	niels_holgersson	2	IO	758	0.0018492585888058863
swedish	niels_holgersson	2	SB	1039	0.0025348016804344537
swedish	niels_holgersson	2	BO	1438	0.0035082240774444123
swedish	niels_holgersson	2	PR	708	0.0017272758322883477
swedish	niels_holgersson	2	ID	1946	0.0047475688836626055
swedish	niels_holgersson	2	EG	893	0.002178612031403241
swedish	niels_holgersson	2	GE	1428	0.003483827526140905
swedish	niels_holgersson	2	HU	222	0.0005416034389378717
swedish	niels_holgersson	2	UR	1315	0.0032081464964112674
swedish	niels_holgersson	2	TX	2	4.879310260701547e-06
swedish	niels_holgersson	2	BB	86	0.00020981034121016654
swedish	niels_holgersson	2	BE	1983	0.0048378361234855845
swedish	niels_holgersson	2	OI	486	0.001185672393350476
swedish	niels_holgersson	2	GO	1056	0.002576275817650417
swedish	niels_holgersson	2	DO	1776	0.004332827511502974
swedish	niels_holgersson	2	NZ	11	2.683620643385851e-05
swedish	niels_holgersson	2	ZA	22	5.367241286771702e-05
swedish	niels_holgersson	2	BA	515	0.0012564223921306484
swedish	niels_holgersson	2	VO	104	0.0002537241335564805
swedish	niels_holgersson	2	LS	513	0.001251543081869947
swedish	niels_holgersson	2	SO	1864	0.004547517162973842
swedish	niels_holgersson	2	FF	445	0.0010856465330060943
swedish	niels_holgersson	2	RV	143	0.00034887068364016063
swedish	niels_holgersson	2	SW	906	0.002210327548097801
swedish	niels_holgersson	2	AD	2564	0.006255275754219383
swedish	niels_holgersson	2	DA	2624	0.00640165506204043
swedish	niels_holgersson	2	AM	1168	0.0028495171922497038
swedish	niels_holgersson	2	MR	208	0.000507448267112961
swedish	niels_holgersson	2	SU	648	0.0015808965244673012
swedish	niels_holgersson	2	UM	415	0.001012456879095571
swedish	niels_holgersson	2	TR	1265	0.0030861637398937286
swedish	niels_holgersson	2	EM	1681	0.004101060274119651
swedish	niels_holgersson	2	MA	1895	0.004623146472014716
swedish	niels_holgersson	2	OV	445	0.0010856465330060943
swedish	niels_holgersson	2	VE	2228	0.005435551630421523
swedish	niels_holgersson	2	MP	406	0.0009904999829224142
swedish	niels_holgersson	2	PI	391	0.0009539051559671525
swedish	niels_holgersson	2	XA	35	8.538792956227707e-05
swedish	niels_holgersson	2	MS	294	0.0007172586083231275
swedish	niels_holgersson	2	SL	491	0.0011978706690022299
swedish	niels_holgersson	2	EQ	75	0.00018297413477630803
swedish	niels_holgersson	2	QU	303	0.0007392155044962844
swedish	niels_holgersson	2	UE	220	0.0005367241286771702
swedish	niels_holgersson	2	OA	634	0.0015467413526423905
swedish	niels_holgersson	2	DT	2467	0.0060186292065753585
swedish	niels_holgersson	2	MI	846	0.0020639482402767546
swedish	niels_holgersson	2	NX	39	9.514655008368017e-05
swedish	niels_holgersson	2	IK	356	0.0008685172264048754
swedish	niels_holgersson	2	KI	1410	0.003439913733794591
swedish	niels_holgersson	2	TK	306	0.0007465344698873367
swedish	niels_holgersson	2	PS	250	0.0006099137825876934
swedish	niels_holgersson	2	HI	3630	0.008855948123173309
swedish	niels_holgersson	2	OM	1881	0.004588991300189805
swedish	niels_holgersson	2	EX	394	0.0009612241213582048
swedish	niels_holgersson	2	RG	316	0.0007709310211908444
swedish	niels_holgersson	2	OP	797	0.0019444051388895665
swedish	niels_holgersson	2	SR	308	0.0007514137801480382
swedish	niels_holgersson	2	TU	674	0.0016443275578564213
swedish	niels_holgersson	2	WE	1721	0.004198646479333682
swedish	niels_holgersson	2	LC	100	0.00024396551303507735
swedish	niels_holgersson	2	US	1759	0.004291353374287011
swedish	niels_holgersson	2	EH	1946	0.0047475688836626055
swedish	niels_holgersson	2	OW	2105	0.005135474049388378
swedish	niels_holgersson	2	WI	1566	0.0038204999341293114
swedish	niels_holgersson	2	FL	277	0.0006757844711071643
swedish	niels_holgersson	2	OO	1761	0.0042962326845477124
swedish	niels_holgersson	2	OD	744	0.0018151034169809756
swedish	niels_holgersson	2	DV	132	0.0003220344772063021
swedish	niels_holgersson	2	VK	2	4.879310260701547e-06
swedish	niels_holgersson	2	NM	207	0.0005050086119826101
swedish	niels_holgersson	2	AK	504	0.00122958618569679
swedish	niels_holgersson	2	NV	61	0.0001488189629513972
swedish	niels_holgersson	2	NF	348	0.0008489999853620692
swedish	niels_holgersson	2	XK	2	4.879310260701547e-06
swedish	niels_holgersson	2	TG	301	0.0007343361942355828
swedish	niels_holgersson	2	OE	111	0.00027080171946893586
swedish	niels_holgersson	2	XG	2	4.879310260701547e-06
swedish	niels_holgersson	2	RR	513	0.001251543081869947
swedish	niels_holgersson	2	RP	233	0.0005684396453717302
swedish	niels_holgersson	2	MO	1043	0.002544560300955857
swedish	niels_holgersson	2	GW	131	0.00031959482207595134
swedish	niels_holgersson	2	BR	475	0.0011588361869166175
swedish	niels_holgersson	2	HT	1309	0.0031935085656291627
swedish	niels_holgersson	2	AF	642	0.0015662585936851968
swedish	niels_holgersson	2	FT	1067	0.0026031120240842752
swedish	niels_holgersson	2	AV	924	0.002254241340444115
swedish	niels_holgersson	2	VY	48	0.00011710344625683713
swedish	niels_holgersson	2	YR	123	0.00030007758103314515
swedish	niels_holgersson	2	NA	1259	0.003071525809111624
swedish	niels_holgersson	2	DW	890	0.0021712930660121887
swedish	niels_holgersson	2	WH	1691	0.004125456825423158
swedish	niels_holgersson	2	NO	2882	0.007031086085670929
swedish	niels_holgersson	2	NL	265	0.000646508609542955
swedish	niels_holgersson	2	OK	747	0.001822422382372028
swedish	niels_holgersson	2	YW	389	0.000949025845706451
swedish	niels_holgersson	2	HW	128	0.000312275856684899
swedish	niels_holgersson	2	TB	627	0.001529663766729935
swedish	niels_holgersson	2	EZ	109	0.00026592240920823433
swedish	niels_holgersson	2	ZE	101	0.00024640516816542814
swedish	niels_holgersson	2	KT	230	0.0005611206799806779
swedish	niels_holgersson	2	RC	360	0.0008782758469262785
swedish	niels_holgersson	2	AB	845	0.0020615085851464036
swedish	niels_holgersson	2	LN	66	0.00016101723860315105
swedish	niels_holgersson	2	CR	396	0.0009661034316189064
swedish	niels_holgersson	2	GT	584	0.0014247585961248519
swedish	niels_holgersson	2	IP	155	0.0003781465452043699
swedish	niels_holgersson	2	PP	459	0.001119801704831005
swedish	niels_holgersson	2	KL	93	0.00022688792712262194
swedish	niels_holgersson	2	RW	425	0.0010368534303990787
swedish	niels_holgersson	2	CL	368	0.0008977930879690847
swedish	niels_holgersson	2	UD	309	0.000753853435278389
swedish	niels_holgersson	2	DR	573	0.0013979223896909932
swedish	niels_holgersson	2	FR	601	0.001466232733340815
swedish	niels_holgersson	2	WN	479	0.0011685948074380205
swedish	niels_holgersson	2	DF	483	0.0011783534279594236
swedish	niels_holgersson	2	FO	1606	0.003918086139343343
swedish	niels_holgersson	2	DM	465	0.0011344396356131098
swedish	niels_holgersson	2	OG	333	0.0008124051584068076
swedish	niels_holgersson	2	GA	1015	0.002476249957306035
swedish	niels_holgersson	2	TW	1364	0.0033276895977984553
swedish	niels_holgersson	2	GS	363	0.0008855948123173308
swedish	niels_holgersson	2	YT	515	0.0012564223921306484
swedish	niels_holgersson	2	UL	1465	0.0035740947659638833
swedish	niels_holgersson	2	SG	316	0.0007709310211908444
swedish	niels_holgersson	2	EK	311	0.0007587327455390906
swedish	niels_holgersson	2	PO	712	0.0017370344528097508
swedish	niels_holgersson	2	NH	751	0.001832181002893431
swedish	niels_holgersson	2	UG	1007	0.002456732716263229
swedish	niels_holgersson	2	IM	1611	0.0039302844149950965
swedish	niels_holgersson	2	FH	234	0.0005708793005020811
swedish	niels_holgersson	2	NN	274	0.0006684655057161119
swedish	niels_holgersson	2	OY	141	0.00034399137337945906
swedish	niels_holgersson	2	GB	103	0.00025128447842612966
swedish	niels_holgersson	2	AU	441	0.001075887912484691
swedish	niels_holgersson	2	OB	597	0.001456474112819412
swedish	niels_holgersson	2	LK	232	0.0005659999902413794
swedish	niels_holgersson	2	NY	291	0.0007099396429320751
swedish	niels_holgersson	2	HH	251	0.0006123534377180442
swedish	niels_holgersson	2	MU	643	0.0015686982488155475
swedish	niels_holgersson	2	AH	209	0.0005098879222433117
swedish	niels_holgersson	2	CS	17	4.147413721596315e-05
swedish	niels_holgersson	2	NU	173	0.00042206033755068384
swedish	niels_holgersson	2	MB	282	0.0006879827467589181
swedish	niels_holgersson	2	FB	65	0.0001585775834728003
swedish	niels_holgersson	2	WR	82	0.00020005172068876344
swedish	niels_holgersson	2	YO	1859	0.004535318887322088
swedish	niels_holgersson	2	OH	336	0.00081972412379786
swedish	niels_holgersson	2	NP	116	0.0002829999951206897
swedish	niels_holgersson	2	YE	535	0.0013052154947376638
swedish	niels_holgersson	2	AG	931	0.00227131892635657
swedish	niels_holgersson	2	TF	461	0.0011246810150917067
swedish	niels_holgersson	2	UP	623	0.001519905146208532
swedish	niels_holgersson	2	KN	593	0.0014467154922980087
swedish	niels_holgersson	2	WW	164	0.0004001034413775269
swedish	niels_holgersson	2	EY	1136	0.002771448228078479
swedish	niels_holgersson	2	YM	190	0.000463534474766647
swedish	niels_holgersson	2	KA	306	0.0007465344698873367
swedish	niels_holgersson	2	RD	740	0.0018053447964595725
swedish	niels_holgersson	2	DH	1408	0.0034350344235338894
swedish	niels_holgersson	2	IE	926	0.0022591206507048163
swedish	niels_holgersson	2	YD	146	0.00035618964903121297
swedish	niels_holgersson	2	SF	511	0.0012466637716092453
swedish	niels_holgersson	2	IF	868	0.0021176206531444714
swedish	niels_holgersson	2	TY	496	0.0012100689446539836
swedish	niels_holgersson	2	YY	74	0.00018053447964595725
swedish	niels_holgersson	2	RU	529	0.0012905775639555593
swedish	niels_holgersson	2	DY	481	0.0011734741176987222
swedish	niels_holgersson	2	YS	414	0.0010100172239652203
swedish	niels_holgersson	2	LP	187	0.00045621550937559465
swedish	niels_holgersson	2	GU	298	0.0007270172288445305
swedish	niels_holgersson	2	PH	151	0.00036838792468296683
swedish	niels_holgersson	2	YA	571	0.0013930430794302918
swedish	niels_holgersson	2	GC	52	0.00012686206677824024
swedish	niels_holgersson	2	YG	118	0.0002878793053813913
swedish	niels_holgersson	2	NK	562	0.0013710861832571348
swedish	niels_holgersson	2	SM	647	0.0015784568693369505
swedish	niels_holgersson	2	UA	308	0.0007514137801480382
swedish	niels_holgersson	2	MH	150	0.00036594826955261607
swedish	niels_holgersson	2	LG	111	0.00027080171946893586
swedish	niels_holgersson	2	FU	288	0.0007026206775410228
swedish	niels_holgersson	2	YP	130	0.0003171551669456006
swedish	niels_holgersson	2	EV	421	0.0010270948098776757
swedish	niels_holgersson	2	HM	87	0.0002122499963405173
swedish	niels_holgersson	2	HC	44	0.00010734482573543404
swedish	niels_holgersson	2	LW	210	0.0005123275773736625
swedish	niels_holgersson	2	SD	258	0.0006294310236304996
swedish	niels_holgersson	2	MY	326	0.0007953275724943522
swedish	niels_holgersson	2	YB	214	0.0005220861978950655
swedish	niels_holgersson	2	DN	823	0.002007836172278687
swedish	niels_holgersson	2	MT	339	0.0008270430891889123
swedish	niels_holgersson	2	XE	38	9.27068949533294e-05
swedish	niels_holgersson	2	NR	161	0.00039278447598647454
swedish	niels_holgersson	2	CY	30	7.31896539105232e-05
swedish	niels_holgersson	2	DG	570	0.001390603424299941
swedish	niels_holgersson	2	KU	22	5.367241286771702e-05
swedish	niels_holgersson	2	HR	265	0.000646508609542955
swedish	niels_holgersson	2	WT	320	0.0007806896417122476
swedish	niels_holgersson	2	GM	88	0.0002146896514708681
swedish	niels_holgersson	2	IH	156	0.0003805862003347207
swedish	niels_holgersson	2	HP	52	0.00012686206677824024
swedish	niels_holgersson	2	SN	630	0.0015369827321209874
swedish	niels_holgersson	2	VA	356	0.0008685172264048754
swedish	niels_holgersson	2	GI	696	0.0016979999707241384
swedish	niels_holgersson	2	HF	59	0.00014393965269069564
swedish	niels_holgersson	2	GF	118	0.0002878793053813913
swedish	niels_holgersson	2	TN	249	0.0006074741274573426
swedish	niels_holgersson	2	UW	136	0.0003317930977277052
swedish	niels_holgersson	2	FY	162	0.0003952241311168253
swedish	niels_holgersson	2	SY	237	0.0005781982658931334
swedish	niels_holgersson	2	TP	216	0.0005269655081557671
swedish	niels_holgersson	2	LU	320	0.0007806896417122476
swedish	niels_holgersson	2	MG	72	0.0001756551693852557
swedish	niels_holgersson	2	IR	676	0.001649206868117123
swedish	niels_holgersson	2	FS	158	0.0003854655105954222
swedish	niels_holgersson	2	LF	286	0.0006977413672803213
swedish	niels_holgersson	2	EU	186	0.0004537758542452439
swedish	niels_holgersson	2	DP	286	0.0006977413672803213
swedish	niels_holgersson	2	IW	168	0.00040986206189893
swedish	niels_holgersson	2	TD	331	0.0008075258481461061
swedish	niels_holgersson	2	IU	21	5.123275773736625e-05
swedish	niels_holgersson	2	XP	144	0.0003513103387705114
swedish	niels_holgersson	2	CW	6	1.4637930782104641e-05
swedish	niels_holgersson	2	GG	180	0.00043913792346313927
swedish	niels_holgersson	2	UH	142	0.0003464310285098099
swedish	niels_holgersson	2	BT	131	0.00031959482207595134
swedish	niels_holgersson	2	YF	185	0.00045133619911489313
swedish	niels_holgersson	2	DK	376	0.0009173103290118909
swedish	niels_holgersson	2	ML	54	0.0001317413770389418
swedish	niels_holgersson	2	MW	157	0.00038302585546507145
swedish	niels_holgersson	2	HJ	8	1.9517241042806188e-05
swedish	niels_holgersson	2	PG	27	6.58706885194709e-05
swedish	niels_holgersson	2	IZ	70	0.00017077585912455415
swedish	niels_holgersson	2	MM	107	0.00026104309894753276
swedish	niels_holgersson	2	LB	158	0.0003854655105954222
swedish	niels_holgersson	2	EJ	133	0.00032447413233665286
swedish	niels_holgersson	2	JO	134	0.0003269137874670037
swedish	niels_holgersson	2	UK	64	0.0001561379283424495
swedish	niels_holgersson	2	YU	29	7.074999878017243e-05
swedish	niels_holgersson	2	JU	118	0.0002878793053813913
swedish	niels_holgersson	2	LH	219	0.0005342844735468194
swedish	niels_holgersson	2	NB	265	0.000646508609542955
swedish	niels_holgersson	2	GN	130	0.0003171551669456006
swedish	niels_holgersson	2	LM	154	0.0003757068900740191
swedish	niels_holgersson	2	GY	47	0.00011466379112648637
swedish	niels_holgersson	2	KF	85	0.00020737068607981575
swedish	niels_holgersson	2	OC	336	0.00081972412379786
swedish	niels_holgersson	2	WG	31	7.562930904087398e-05
swedish	niels_holgersson	2	XC	75	0.00018297413477630803
swedish	niels_holgersson	2	MF	75	0.00018297413477630803
swedish	niels_holgersson	2	KP	21	5.123275773736625e-05
swedish	niels_holgersson	2	HB	94	0.00022932758225297273
swedish	niels_holgersson	2	KB	81	0.00019761206555841265
swedish	niels_holgersson	2	WM	122	0.0002976379259027944
swedish	niels_holgersson	2	PW	76	0.0001854137899066588
swedish	niels_holgersson	2	DC	292	0.0007123792980624259
swedish	niels_holgersson	2	RL	318	0.000775810331451546
swedish	niels_holgersson	2	UI	306	0.0007465344698873367
swedish	niels_holgersson	2	UY	59	0.00014393965269069564
swedish	niels_holgersson	2	BV	71	0.00017321551425490494
swedish	niels_holgersson	2	FP	42	0.0001024655154747325
swedish	niels_holgersson	2	FW	86	0.00020981034121016654
swedish	niels_holgersson	2	PB	44	0.00010734482573543404
swedish	niels_holgersson	2	LR	51	0.00012442241164788945
swedish	niels_holgersson	2	FC	81	0.00019761206555841265
swedish	niels_holgersson	2	BS	65	0.0001585775834728003
swedish	niels_holgersson	2	KW	157	0.00038302585546507145
swedish	niels_holgersson	2	TV	43	0.00010490517060508327
swedish	niels_holgersson	2	YK	90	0.00021956896173156964
swedish	niels_holgersson	2	WC	29	7.074999878017243e-05
swedish	niels_holgersson	2	MN	73	0.00017809482451560649
swedish	niels_holgersson	2	GD	76	0.0001854137899066588
swedish	niels_holgersson	2	KH	125	0.0003049568912938467
swedish	niels_holgersson	2	FG	30	7.31896539105232e-05
swedish	niels_holgersson	2	GP	43	0.00010490517060508327
swedish	niels_holgersson	2	NJ	34	8.29482744319263e-05
swedish	niels_holgersson	2	AO	7	1.7077585912455417e-05
swedish	niels_holgersson	2	AA	35	8.538792956227707e-05
swedish	niels_holgersson	2	WF	36	8.782758469262785e-05
swedish	niels_holgersson	2	CG	7	1.7077585912455417e-05
swedish	niels_holgersson	2	FM	89	0.00021712930660121885
swedish	niels_holgersson	2	SQ	39	9.514655008368017e-05
swedish	niels_holgersson	2	FQ	2	4.879310260701547e-06
swedish	niels_holgersson	2	NQ	23	5.6112067998067796e-05
swedish	niels_holgersson	2	CQ	10	2.4396551303507737e-05
swedish	niels_holgersson	2	OJ	15	3.65948269552616e-05
swedish	niels_holgersson	2	UF	64	0.0001561379283424495
swedish	niels_holgersson	2	HS	201	0.0004903706812005055
swedish	niels_holgersson	2	WY	82	0.00020005172068876344
swedish	niels_holgersson	2	KD	14	3.4155171824910834e-05
swedish	niels_holgersson	2	FN	23	5.6112067998067796e-05
swedish	niels_holgersson	2	DQ	42	0.0001024655154747325
swedish	niels_holgersson	2	DJ	44	0.00010734482573543404
swedish	niels_holgersson	2	TQ	23	5.6112067998067796e-05
swedish	niels_holgersson	2	AJ	28	6.831034364982167e-05
swedish	niels_holgersson	2	FJ	5	1.2198275651753868e-05
swedish	niels_holgersson	2	MK	17	4.147413721596315e-05
swedish	niels_holgersson	2	BJ	47	0.00011466379112648637
swedish	niels_holgersson	2	JE	66	0.00016101723860315105
swedish	niels_holgersson	2	WU	27	6.58706885194709e-05
swedish	niels_holgersson	2	HG	34	8.29482744319263e-05
swedish	niels_holgersson	2	MC	33	8.050861930157553e-05
swedish	niels_holgersson	2	HK	30	7.31896539105232e-05
swedish	niels_holgersson	2	XH	12	2.9275861564209282e-05
swedish	niels_holgersson	2	SZ	1	2.4396551303507735e-06
swedish	niels_holgersson	2	PN	9	2.1956896173156962e-05
swedish	niels_holgersson	2	KY	119	0.00029031896051174205
swedish	niels_holgersson	2	YN	166	0.0004049827516382284
swedish	niels_holgersson	2	WP	26	6.343103338912012e-05
swedish	niels_holgersson	2	HL	55	0.00013418103216929255
swedish	niels_holgersson	2	KC	33	8.050861930157553e-05
swedish	niels_holgersson	2	WL	63	0.00015369827321209874
swedish	niels_holgersson	2	WB	67	0.00016345689373350184
swedish	niels_holgersson	2	GJ	7	1.7077585912455417e-05
swedish	niels_holgersson	2	AQ	17	4.147413721596315e-05
swedish	niels_holgersson	2	WK	63	0.00015369827321209874
swedish	niels_holgersson	2	PD	14	3.4155171824910834e-05
swedish	niels_holgersson	2	HQ	5	1.2198275651753868e-05
swedish	niels_holgersson	2	UO	48	0.00011710344625683713
swedish	niels_holgersson	2	PY	35	8.538792956227707e-05
swedish	niels_holgersson	2	HD	44	0.00010734482573543404
swedish	niels_holgersson	2	FV	16	3.9034482085612376e-05
swedish	niels_holgersson	2	SJ	28	6.831034364982167e-05
swedish	niels_holgersson	2	FK	16	3.9034482085612376e-05
swedish	niels_holgersson	2	MJ	4	9.758620521403094e-06
swedish	niels_holgersson	2	GQ	5	1.2198275651753868e-05
swedish	niels_holgersson	2	KM	44	0.00010734482573543404
swedish	niels_holgersson	2	RJ	20	4.879310260701547e-05
swedish	niels_holgersson	2	WD	51	0.00012442241164788945
swedish	niels_holgersson	2	BH	10	2.4396551303507737e-05
swedish	niels_holgersson	2	AZ	47	0.00011466379112648637
swedish	niels_holgersson	2	ZZ	32	7.806896417122475e-05
swedish	niels_holgersson	2	ZL	37	9.026723982297862e-05
swedish	niels_holgersson	2	CB	10	2.4396551303507737e-05
swedish	niels_holgersson	2	JI	5	1.2198275651753868e-05
swedish	niels_holgersson	2	XO	8	1.9517241042806188e-05
swedish	niels_holgersson	2	PM	24	5.8551723128418564e-05
swedish	niels_holgersson	2	TJ	26	6.343103338912012e-05
swedish	niels_holgersson	2	OQ	11	2.683620643385851e-05
swedish	niels_holgersson	2	ZY	3	7.3189653910523204e-06
swedish	niels_holgersson	2	BM	7	1.7077585912455417e-05
swedish	niels_holgersson	2	YJ	14	3.4155171824910834e-05
swedish	niels_holgersson	2	OX	13	3.171551669456006e-05
swedish	niels_holgersson	2	IQ	11	2.683620643385851e-05
swedish	niels_holgersson	2	PF	40	9.758620521403095e-05
swedish	niels_holgersson	2	KR	20	4.879310260701547e-05
swedish	niels_holgersson	2	YQ	15	3.65948269552616e-05
swedish	niels_holgersson	2	AE	1	2.4396551303507735e-06
swedish	niels_holgersson	2	ZI	11	2.683620643385851e-05
swedish	niels_holgersson	2	UV	10	2.4396551303507737e-05
swedish	niels_holgersson	2	UU	9	2.1956896173156962e-05
swedish	niels_holgersson	2	AX	6	1.4637930782104641e-05
swedish	niels_holgersson	2	GK	23	5.6112067998067796e-05
swedish	niels_holgersson	2	PV	8	1.9517241042806188e-05
swedish	niels_holgersson	2	WJ	6	1.4637930782104641e-05
swedish	niels_holgersson	2	PC	13	3.171551669456006e-05
swedish	niels_holgersson	2	MQ	6	1.4637930782104641e-05
swedish	niels_holgersson	2	MD	30	7.31896539105232e-05
swedish	niels_holgersson	2	BW	7	1.7077585912455417e-05
swedish	niels_holgersson	2	WV	3	7.3189653910523204e-06
swedish	niels_holgersson	2	KK	26	6.343103338912012e-05
swedish	niels_holgersson	2	KV	3	7.3189653910523204e-06
swedish	niels_holgersson	2	BF	6	1.4637930782104641e-05
swedish	niels_holgersson	2	CF	8	1.9517241042806188e-05
swedish	niels_holgersson	2	UZ	17	4.147413721596315e-05
swedish	niels_holgersson	2	KG	17	4.147413721596315e-05
swedish	niels_holgersson	2	XB	1	2.4396551303507735e-06
swedish	niels_holgersson	2	PJ	1	2.4396551303507735e-06
swedish	niels_holgersson	2	CN	1	2.4396551303507735e-06
swedish	niels_holgersson	2	TZ	1	2.4396551303507735e-06
swedish	niels_holgersson	2	LQ	3	7.3189653910523204e-06
swedish	niels_holgersson	2	IJ	2	4.879310260701547e-06
swedish	niels_holgersson	2	RQ	10	2.4396551303507737e-05
swedish	niels_holgersson	2	RX	8	1.9517241042806188e-05
swedish	niels_holgersson	2	OZ	3	7.3189653910523204e-06
swedish	niels_holgersson	2	CP	4	9.758620521403094e-06
swedish	niels_holgersson	2	UJ	3	7.3189653910523204e-06
swedish	niels_holgersson	2	KJ	2	4.879310260701547e-06
swedish	niels_holgersson	2	XF	1	2.4396551303507735e-06
swedish	niels_holgersson	2	CM	2	4.879310260701547e-06
swedish	niels_holgersson	2	HV	3	7.3189653910523204e-06
swedish	niels_holgersson	2	BD	2	4.879310260701547e-06
swedish	niels_holgersson	2	UX	3	7.3189653910523204e-06
swedish	niels_holgersson	2	XU	4	9.758620521403094e-06
swedish	niels_holgersson	2	PK	15	3.65948269552616e-05
swedish	niels_holgersson	2	XS	2	4.879310260701547e-06
swedish	niels_holgersson	2	ZM	4	9.758620521403094e-06
swedish	niels_holgersson	2	ZH	6	1.4637930782104641e-05
swedish	niels_holgersson	2	ZF	3	7.3189653910523204e-06
swedish	niels_holgersson	2	ZD	5	1.2198275651753868e-05
swedish	niels_holgersson	2	ZO	11	2.683620643385851e-05
swedish	niels_holgersson	2	ZB	5	1.2198275651753868e-05
swedish	niels_holgersson	2	ZS	16	3.9034482085612376e-05
swedish	niels_holgersson	2	ZR	7	1.7077585912455417e-05
swedish	niels_holgersson	2	ZT	14	3.4155171824910834e-05
swedish	niels_holgersson	2	ZN	3	7.3189653910523204e-06
swedish	niels_holgersson	2	ZP	1	2.4396551303507735e-06
swedish	niels_holgersson	2	ZK	2	4.879310260701547e-06
swedish	niels_holgersson	2	UQ	2	4.879310260701547e-06
swedish	niels_holgersson	2	ZW	7	1.7077585912455417e-05
swedish	niels_holgersson	2	ZC	3	7.3189653910523204e-06
swedish	niels_holgersson	2	CJ	1	2.4396551303507735e-06
swedish	niels_holgersson	2	BC	2	4.879310260701547e-06
swedish	niels_holgersson	2	BG	3	7.3189653910523204e-06
swedish	niels_holgersson	2	XY	1	2.4396551303507735e-06
swedish	niels_holgersson	2	KQ	1	2.4396551303507735e-06
swedish	niels_holgersson	2	XM	1	2.4396551303507735e-06
swedish	niels_holgersson	2	BK	1	2.4396551303507735e-06
swedish	niels_holgersson	2	PQ	3	7.3189653910523204e-06
swedish	niels_holgersson	2	RZ	2	4.879310260701547e-06
swedish	niels_holgersson	2	CD	1	2.4396551303507735e-06
swedish	niels_holgersson	2	MV	1	2.4396551303507735e-06
swedish	roda_rummet	2	AR	2953	0.007497626047966526
swedish	roda_rummet	2	RO	2257	0.005730491700054335
swedish	roda_rummet	2	OM	2000	0.005077972264115493
swedish	roda_rummet	2	MA	1895	0.00481137872024943
swedish	roda_rummet	2	AN	7052	0.01790493020327123
swedish	roda_rummet	2	NS	1191	0.0030239324832807765
swedish	roda_rummet	2	SI	2296	0.005829512159204586
swedish	roda_rummet	2	IN	7689	0.019522264369392014
swedish	roda_rummet	2	NG	3670	0.009318079104651931
swedish	roda_rummet	2	GE	1045	0.002653240508000345
swedish	roda_rummet	2	ER	6765	0.017176241183370657
swedish	roda_rummet	2	RF	369	0.0009368858827293085
swedish	roda_rummet	2	FM	141	0.0003579970446201423
swedish	roda_rummet	2	RI	1913	0.00485708047062647
swedish	roda_rummet	2	IO	903	0.002292704477248145
swedish	roda_rummet	2	ON	4009	0.010178795403419507
swedish	roda_rummet	2	NC	848	0.002153060239984969
swedish	roda_rummet	2	CR	328	0.0008327874513149409
swedish	roda_rummet	2	RA	2023	0.005136368945152822
swedish	roda_rummet	2	AW	444	0.0011273098426336395
swedish	roda_rummet	2	WF	36	9.140350075407889e-05
swedish	roda_rummet	2	FO	1611	0.00409030665874503
swedish	roda_rummet	2	OR	3406	0.008647786765788685
swedish	roda_rummet	2	RD	705	0.0017899852231007115
swedish	roda_rummet	2	DI	1904	0.00483422959543795
swedish	roda_rummet	2	IL	1457	0.0036993027944081367
swedish	roda_rummet	2	LL	2428	0.006164658328636209
swedish	roda_rummet	2	LU	153	0.00038846487820483523
swedish	roda_rummet	2	US	1439	0.0036536010440310976
swedish	roda_rummet	2	ST	4142	0.010516480558983186
swedish	roda_rummet	2	TR	1092	0.0027725728562070593
swedish	roda_rummet	2	AT	4552	0.011557464873126862
swedish	roda_rummet	2	TI	3355	0.00851829847305374
swedish	roda_rummet	2	SH	2438	0.0061900481899567865
swedish	roda_rummet	2	HU	204	0.0005179531709397804
swedish	roda_rummet	2	UT	1890	0.004798683789589141
swedish	roda_rummet	2	TT	2180	0.005534989767885887
swedish	roda_rummet	2	TH	11953	0.030348501236486247
swedish	roda_rummet	2	HE	12317	0.031272692188555266
swedish	roda_rummet	2	ED	4973	0.012626378034723175
swedish	roda_rummet	2	DO	1520	0.003859258920727775
swedish	roda_rummet	2	OO	1498	0.0038034012258225045
swedish	roda_rummet	2	ND	5006	0.01271016457708108
swedish	roda_rummet	2	DD	456	0.0011577776762183324
swedish	roda_rummet	2	OU	5508	0.01398473561537407
swedish	roda_rummet	2	UB	132	0.0003351461694316226
swedish	roda_rummet	2	BL	559	0.0014192932478202804
swedish	roda_rummet	2	LE	2597	0.006593746984953968
swedish	roda_rummet	2	ET	3358	0.008525915431449914
swedish	roda_rummet	2	TU	599	0.0015208526931025903
swedish	roda_rummet	2	UR	1534	0.0038948047265765836
swedish	roda_rummet	2	RN	642	0.0016300290967810735
swedish	roda_rummet	2	NE	2269	0.0057609595336390275
swedish	roda_rummet	2	DT	1959	0.004973873832701126
swedish	roda_rummet	2	EL	2216	0.0056263932686399665
swedish	roda_rummet	2	LO	1557	0.003953201407613911
swedish	roda_rummet	2	OC	487	0.0012364862463121226
swedish	roda_rummet	2	CK	447	0.0011349268010298129
swedish	roda_rummet	2	KC	22	5.585769490527043e-05
swedish	roda_rummet	2	CH	1346	0.003417475333749727
swedish	roda_rummet	2	HA	5024	0.012755866327458119
swedish	roda_rummet	2	AP	657	0.0016681138887619396
swedish	roda_rummet	2	PX	1	2.5389861320577467e-06
swedish	roda_rummet	2	XX	6	1.523391679234648e-05
swedish	roda_rummet	2	XI	50	0.00012694930660288735
swedish	roda_rummet	2	IC	1150	0.002919834051866409
swedish	roda_rummet	2	PT	234	0.0005941227549015127
swedish	roda_rummet	2	TE	2975	0.007553483742871797
swedish	roda_rummet	2	II	81	0.00020565787669667748
swedish	roda_rummet	2	CO	1820	0.004620954760345099
swedish	roda_rummet	2	LI	1820	0.004620954760345099
swedish	roda_rummet	2	OG	285	0.0007236110476364578
swedish	roda_rummet	2	GR	633	0.0016071782215925537
swedish	roda_rummet	2	IW	595	0.0015106967485743594
swedish	roda_rummet	2	WH	1753	0.00445084268949723
swedish	roda_rummet	2	HO	1895	0.00481137872024943
swedish	roda_rummet	2	OT	2527	0.006416017955709926
swedish	roda_rummet	2	LY	1671	0.004242645826668495
swedish	roda_rummet	2	YO	2425	0.006157041370240036
swedish	roda_rummet	2	ES	4538	0.011521919067278055
swedish	roda_rummet	2	SE	2868	0.007281812226741617
swedish	roda_rummet	2	HI	3728	0.00946534030031128
swedish	roda_rummet	2	GS	386	0.0009800486469742902
swedish	roda_rummet	2	AV	1111	0.0028208135927161567
swedish	roda_rummet	2	VE	2995	0.007604263465512951
swedish	roda_rummet	2	EA	4735	0.01202209933529343
swedish	roda_rummet	2	AS	4004	0.010166100472759218
swedish	roda_rummet	2	TO	4217	0.010706904518887518
swedish	roda_rummet	2	RY	1026	0.0026049997714912483
swedish	roda_rummet	2	OF	2396	0.006083410772410361
swedish	roda_rummet	2	MY	743	0.0018864666961189058
swedish	roda_rummet	2	OW	1743	0.004425452828176652
swedish	roda_rummet	2	WN	309	0.0007845467148058438
swedish	roda_rummet	2	NO	3904	0.009912201859553443
swedish	roda_rummet	2	FW	121	0.00030721732197898735
swedish	roda_rummet	2	HS	194	0.0004925633096192029
swedish	roda_rummet	2	SO	2050	0.005204921570718381
swedish	roda_rummet	2	ME	2636	0.00669276744410422
swedish	roda_rummet	2	EO	1188	0.003016315524884603
swedish	roda_rummet	2	FY	179	0.0004544785176383367
swedish	roda_rummet	2	UA	413	0.0010486012725398493
swedish	roda_rummet	2	RE	5133	0.013032615815852414
swedish	roda_rummet	2	EN	4033	0.010239731070588893
swedish	roda_rummet	2	IG	1341	0.003404780403089438
swedish	roda_rummet	2	GN	448	0.0011374657871618705
swedish	roda_rummet	2	NT	3643	0.00924952647908637
swedish	roda_rummet	2	TY	607	0.0015411645821590523
swedish	roda_rummet	2	UK	60	0.0001523391679234648
swedish	roda_rummet	2	KN	429	0.0010892250506527733
swedish	roda_rummet	2	GT	595	0.0015106967485743594
swedish	roda_rummet	2	WA	2124	0.005392806544490654
swedish	roda_rummet	2	SN	445	0.0011298488287656973
swedish	roda_rummet	2	TA	2367	0.006009780174580687
swedish	roda_rummet	2	AL	2188	0.00555530165694235
swedish	roda_rummet	2	LW	208	0.0005281091154680113
swedish	roda_rummet	2	AY	1030	0.002615155716019479
swedish	roda_rummet	2	YS	725	0.0018407649457418663
swedish	roda_rummet	2	SP	647	0.001642724027441362
swedish	roda_rummet	2	PO	689	0.0017493614449877876
swedish	roda_rummet	2	SA	2906	0.007378293699759812
swedish	roda_rummet	2	PR	820	0.0020819686282873523
swedish	roda_rummet	2	FE	739	0.0018763107515906749
swedish	roda_rummet	2	SS	1884	0.004783449872796794
swedish	roda_rummet	2	FP	67	0.00017011207084786903
swedish	roda_rummet	2	PH	117	0.00029706137745075635
swedish	roda_rummet	2	OS	1275	0.003237207318373627
swedish	roda_rummet	2	OP	584	0.001482767901121724
swedish	roda_rummet	2	HY	196	0.0004976412818833184
swedish	roda_rummet	2	YN	145	0.0003681529891483733
swedish	roda_rummet	2	SC	517	0.0013126558302738551
swedish	roda_rummet	2	IB	183	0.00046463446216656767
swedish	roda_rummet	2	BB	36	9.140350075407889e-05
swedish	roda_rummet	2	PE	1149	0.002917295065734351
swedish	roda_rummet	2	DA	1716	0.004356900202611093
swedish	roda_rummet	2	CA	1175	0.0029833087051678525
swedish	roda_rummet	2	RT	1581	0.004014137074783298
swedish	roda_rummet	2	CL	317	0.0008048586038623057
swedish	roda_rummet	2	SF	434	0.001101919981313062
swedish	roda_rummet	2	IV	434	0.001101919981313062
swedish	roda_rummet	2	VI	438	0.001112075925841293
swedish	roda_rummet	2	GM	136	0.00034530211395985357
swedish	roda_rummet	2	NY	506	0.0012847269828212197
swedish	roda_rummet	2	UC	625	0.0015868663325360917
swedish	roda_rummet	2	NR	104	0.00026405455773400563
swedish	roda_rummet	2	EM	1676	0.004255340757328784
swedish	roda_rummet	2	MB	220	0.0005585769490527042
swedish	roda_rummet	2	BE	1970	0.005001802680153761
swedish	roda_rummet	2	RW	393	0.0009978215498986944
swedish	roda_rummet	2	YI	533	0.001353279608386779
swedish	roda_rummet	2	SD	219	0.0005560379629206465
swedish	roda_rummet	2	DR	412	0.0010460622864077917
swedish	roda_rummet	2	LM	198	0.0005027192541474339
swedish	roda_rummet	2	YP	161	0.0004087767672612972
swedish	roda_rummet	2	PA	791	0.0020083380304576777
swedish	roda_rummet	2	IM	1354	0.003437787222806189
swedish	roda_rummet	2	MO	998	0.002533908159793631
swedish	roda_rummet	2	YT	766	0.001944863377156234
swedish	roda_rummet	2	DE	2023	0.005136368945152822
swedish	roda_rummet	2	RC	466	0.00118316753753891
swedish	roda_rummet	2	OI	594	0.0015081577624423016
swedish	roda_rummet	2	AB	635	0.001612256193856669
swedish	roda_rummet	2	BI	112	0.0002843664467904676
swedish	roda_rummet	2	SW	715	0.001815375084421289
swedish	roda_rummet	2	WI	2052	0.0052099995429824965
swedish	roda_rummet	2	IT	3555	0.009026095699465289
swedish	roda_rummet	2	HT	1242	0.0031534207760157214
swedish	roda_rummet	2	EG	596	0.001513235734706417
swedish	roda_rummet	2	GO	779	0.0019778701968729846
swedish	roda_rummet	2	OD	639	0.0016224121383849
swedish	roda_rummet	2	DC	297	0.0007540788812211508
swedish	roda_rummet	2	NL	478	0.001213635371123603
swedish	roda_rummet	2	LA	1354	0.003437787222806189
swedish	roda_rummet	2	EV	972	0.00246789452036013
swedish	roda_rummet	2	EY	946	0.0024018808809266284
swedish	roda_rummet	2	YA	736	0.0018686937931945017
swedish	roda_rummet	2	DS	1183	0.0030036205942243145
swedish	roda_rummet	2	VA	194	0.0004925633096192029
swedish	roda_rummet	2	OL	1175	0.0029833087051678525
swedish	roda_rummet	2	IA	804	0.0020413448501744283
swedish	roda_rummet	2	AM	1012	0.0025694539656424395
swedish	roda_rummet	2	MN	95	0.00024120368254548592
swedish	roda_rummet	2	LD	1590	0.004036987949971817
swedish	roda_rummet	2	DY	429	0.0010892250506527733
swedish	roda_rummet	2	YE	499	0.0012669540798968155
swedish	roda_rummet	2	TL	976	0.0024780504648883608
swedish	roda_rummet	2	TM	460	0.0011679336207465634
swedish	roda_rummet	2	IU	102	0.0002589765854698902
swedish	roda_rummet	2	CC	229	0.000581427824241224
swedish	roda_rummet	2	CI	387	0.000982587633106348
swedish	roda_rummet	2	AI	1646	0.004179171173367051
swedish	roda_rummet	2	IS	3817	0.00969131006606442
swedish	roda_rummet	2	FT	1016	0.0025796099101706707
swedish	roda_rummet	2	LH	172	0.00043670561471393244
swedish	roda_rummet	2	EQ	88	0.00022343077962108172
swedish	roda_rummet	2	QU	362	0.0009191129798049043
swedish	roda_rummet	2	UE	323	0.0008200925206546522
swedish	roda_rummet	2	EE	1639	0.004161398270442647
swedish	roda_rummet	2	TW	975	0.002475511478756303
swedish	roda_rummet	2	YF	264	0.0006702923388632451
swedish	roda_rummet	2	FA	896	0.002274931574323741
swedish	roda_rummet	2	AU	464	0.0011780895652747944
swedish	roda_rummet	2	UL	1406	0.003569814501673192
swedish	roda_rummet	2	LT	577	0.0014649949981973198
swedish	roda_rummet	2	MI	800	0.0020311889056461975
swedish	roda_rummet	2	EB	929	0.0023587181166816466
swedish	roda_rummet	2	BU	905	0.0022977824495122607
swedish	roda_rummet	2	TN	327	0.0008302484651828832
swedish	roda_rummet	2	WT	177	0.0004494005453742212
swedish	roda_rummet	2	NI	2167	0.005501982948169137
swedish	roda_rummet	2	SG	171	0.0004341666285818747
swedish	roda_rummet	2	OB	501	0.0012720320521609312
swedish	roda_rummet	2	AF	430	0.001091764036784831
swedish	roda_rummet	2	SM	510	0.0012948829273494507
swedish	roda_rummet	2	EW	1930	0.004900243234871451
swedish	roda_rummet	2	WO	1012	0.0025694539656424395
swedish	roda_rummet	2	RL	352	0.0008937231184843269
swedish	roda_rummet	2	DP	262	0.0006652143665991297
swedish	roda_rummet	2	PL	590	0.0014980018179140706
swedish	roda_rummet	2	GG	94	0.00023866469641342818
swedish	roda_rummet	2	DB	617	0.0015665544434796297
swedish	roda_rummet	2	BA	422	0.0010714521477283691
swedish	roda_rummet	2	AD	1789	0.004542246190251308
swedish	roda_rummet	2	BO	612	0.001553859512819341
swedish	roda_rummet	2	DM	489	0.0012415642185762382
swedish	roda_rummet	2	ID	1380	0.0035038008622396903
swedish	roda_rummet	2	DW	870	0.00220891793489024
swedish	roda_rummet	2	WR	113	0.00028690543292252536
swedish	roda_rummet	2	GI	710	0.001802680153761
swedish	roda_rummet	2	NK	341	0.0008657942710316916
swedish	roda_rummet	2	KI	459	0.0011653946346145056
swedish	roda_rummet	2	TB	452	0.0011476217316901014
swedish	roda_rummet	2	RU	379	0.000962275744049886
swedish	roda_rummet	2	KO	113	0.00028690543292252536
swedish	roda_rummet	2	FI	800	0.0020311889056461975
swedish	roda_rummet	2	TF	310	0.0007870857009379014
swedish	roda_rummet	2	SJ	22	5.585769490527043e-05
swedish	roda_rummet	2	JU	110	0.0002792884745263521
swedish	roda_rummet	2	IK	374	0.0009495808133895973
swedish	roda_rummet	2	KE	1263	0.003206739484788934
swedish	roda_rummet	2	EI	1770	0.004494005453742212
swedish	roda_rummet	2	BR	364	0.0009241909520690198
swedish	roda_rummet	2	UG	859	0.0021809890874376044
swedish	roda_rummet	2	GH	1672	0.0042451848128005525
swedish	roda_rummet	2	MU	540	0.0013710525113111833
swedish	roda_rummet	2	UP	476	0.0012085573988594874
swedish	roda_rummet	2	PF	12	3.046783358469296e-05
swedish	roda_rummet	2	FR	639	0.0016224121383849
swedish	roda_rummet	2	EC	1676	0.004255340757328784
swedish	roda_rummet	2	ML	36	9.140350075407889e-05
swedish	roda_rummet	2	NA	1420	0.003605360307522
swedish	roda_rummet	2	DH	1255	0.003186427595732472
swedish	roda_rummet	2	FH	315	0.0007997806315981902
swedish	roda_rummet	2	MW	90	0.0002285087518851972
swedish	roda_rummet	2	TC	322	0.0008175535345225944
swedish	roda_rummet	2	OH	571	0.0014497610814049734
swedish	roda_rummet	2	EH	1449	0.003678990905351675
swedish	roda_rummet	2	HV	9	2.2850875188519722e-05
swedish	roda_rummet	2	VO	252	0.0006398245052785522
swedish	roda_rummet	2	CE	1427	0.0036231332104464044
swedish	roda_rummet	2	DN	802	0.0020362668779103127
swedish	roda_rummet	2	TK	70	0.00017772902924404228
swedish	roda_rummet	2	WW	77	0.0001955019321684465
swedish	roda_rummet	2	GW	166	0.00042147169792158595
swedish	roda_rummet	2	PI	367	0.000931807910465193
swedish	roda_rummet	2	IE	829	0.002104819503475872
swedish	roda_rummet	2	EP	1043	0.0026481625357362296
swedish	roda_rummet	2	SB	396	0.0010054385082948678
swedish	roda_rummet	2	RS	1381	0.003506339848371748
swedish	roda_rummet	2	EF	1114	0.0028284305511123297
swedish	roda_rummet	2	AO	46	0.00011679336207465635
swedish	roda_rummet	2	EU	158	0.00040115980886512397
swedish	roda_rummet	2	SY	216	0.0005484210045244732
swedish	roda_rummet	2	UN	1136	0.0028842882460176004
swedish	roda_rummet	2	NB	217	0.000550959990656531
swedish	roda_rummet	2	WE	1266	0.0032143564431851073
swedish	roda_rummet	2	LK	131	0.0003326071832995648
swedish	roda_rummet	2	RR	475	0.0012060184127274296
swedish	roda_rummet	2	AC	1122	0.0028487424401687916
swedish	roda_rummet	2	AZ	76	0.00019296294603638874
swedish	roda_rummet	2	ZZ	41	0.00010409843141436761
swedish	roda_rummet	2	ZO	24	6.093566716938592e-05
swedish	roda_rummet	2	OA	602	0.0015284696514987635
swedish	roda_rummet	2	SK	257	0.0006525194359388409
swedish	roda_rummet	2	IF	713	0.0018102971121571733
swedish	roda_rummet	2	DU	251	0.0006372855191464944
swedish	roda_rummet	2	RH	627	0.001591944304800207
swedish	roda_rummet	2	GA	924	0.002346023186021358
swedish	roda_rummet	2	IR	1026	0.0026049997714912483
swedish	roda_rummet	2	ZA	12	3.046783358469296e-05
swedish	roda_rummet	2	OK	543	0.0013786694697073565
swedish	roda_rummet	2	KH	75	0.000190423959904331
swedish	roda_rummet	2	DL	501	0.0012720320521609312
swedish	roda_rummet	2	BY	324	0.0008226315067867099
swedish	roda_rummet	2	PP	400	0.0010155944528230988
swedish	roda_rummet	2	LS	375	0.000952119799521655
swedish	roda_rummet	2	RV	180	0.0004570175037703944
swedish	roda_rummet	2	UM	259	0.0006575974082029564
swedish	roda_rummet	2	MS	359	0.000911496021408731
swedish	roda_rummet	2	YD	225	0.000571271879712993
swedish	roda_rummet	2	FG	41	0.00010409843141436761
swedish	roda_rummet	2	AG	720	0.0018280700150815777
swedish	roda_rummet	2	FF	384	0.0009749706747101747
swedish	roda_rummet	2	NW	355	0.0009013400768805
swedish	roda_rummet	2	RB	296	0.000751539895089093
swedish	roda_rummet	2	YH	381	0.0009673537163140015
swedish	roda_rummet	2	SL	369	0.0009368858827293085
swedish	roda_rummet	2	DF	394	0.0010003605360307522
swedish	roda_rummet	2	WG	9	2.2850875188519722e-05
swedish	roda_rummet	2	AK	541	0.0013735914974432409
swedish	roda_rummet	2	DG	248	0.0006296685607503212
swedish	roda_rummet	2	HH	304	0.000771851784145555
swedish	roda_rummet	2	OY	314	0.0007972416454661324
swedish	roda_rummet	2	FS	161	0.0004087767672612972
swedish	roda_rummet	2	IX	18	4.5701750377039444e-05
swedish	roda_rummet	2	XY	6	1.523391679234648e-05
swedish	roda_rummet	2	MT	330	0.0008378654235790564
swedish	roda_rummet	2	NU	164	0.00041639372565747046
swedish	roda_rummet	2	GL	256	0.0006499804498067832
swedish	roda_rummet	2	YL	204	0.0005179531709397804
swedish	roda_rummet	2	YW	378	0.0009597367579178282
swedish	roda_rummet	2	AH	198	0.0005027192541474339
swedish	roda_rummet	2	FN	62	0.0001574171401875803
swedish	roda_rummet	2	CU	243	0.0006169736300900325
swedish	roda_rummet	2	KS	168	0.00042654967018570145
swedish	roda_rummet	2	SU	851	0.0021606771983811424
swedish	roda_rummet	2	MC	34	8.632552848996339e-05
swedish	roda_rummet	2	YJ	13	3.3006819716750704e-05
swedish	roda_rummet	2	UF	95	0.00024120368254548592
swedish	roda_rummet	2	YU	47	0.00011933234820671409
swedish	roda_rummet	2	GU	184	0.0004671734482986254
swedish	roda_rummet	2	YG	102	0.0002589765854698902
swedish	roda_rummet	2	SV	138	0.00035038008622396906
swedish	roda_rummet	2	HN	57	0.00014472220952729155
swedish	roda_rummet	2	TS	1187	0.0030137765387525453
swedish	roda_rummet	2	HW	93	0.00023612571028137046
swedish	roda_rummet	2	LG	70	0.00017772902924404228
swedish	roda_rummet	2	KT	122	0.0003097563081110451
swedish	roda_rummet	2	EX	309	0.0007845467148058438
swedish	roda_rummet	2	XT	65	0.00016503409858375354
swedish	roda_rummet	2	TD	262	0.0006652143665991297
swedish	roda_rummet	2	FC	102	0.0002589765854698902
swedish	roda_rummet	2	IH	372	0.0009445028411254818
swedish	roda_rummet	2	LF	439	0.0011146149119733509
swedish	roda_rummet	2	NH	691	0.001754439417251903
swedish	roda_rummet	2	IP	166	0.00042147169792158595
swedish	roda_rummet	2	OE	175	0.0004443225731101057
swedish	roda_rummet	2	FB	79	0.00020057990443256198
swedish	roda_rummet	2	PM	22	5.585769490527043e-05
swedish	roda_rummet	2	UW	199	0.0005052582402794916
swedish	roda_rummet	2	LN	124	0.0003148342803751606
swedish	roda_rummet	2	TQ	30	7.61695839617324e-05
swedish	roda_rummet	2	UI	375	0.000952119799521655
swedish	roda_rummet	2	RP	200	0.0005077972264115494
swedish	roda_rummet	2	OV	608	0.00154370356829111
swedish	roda_rummet	2	BW	1	2.5389861320577467e-06
swedish	roda_rummet	2	HR	251	0.0006372855191464944
swedish	roda_rummet	2	EK	180	0.0004570175037703944
swedish	roda_rummet	2	WS	164	0.00041639372565747046
swedish	roda_rummet	2	LC	84	0.00021327483509285072
swedish	roda_rummet	2	TV	50	0.00012694930660288735
swedish	roda_rummet	2	WB	47	0.00011933234820671409
swedish	roda_rummet	2	KA	201	0.0005103362125436071
swedish	roda_rummet	2	NF	274	0.0006956822001838226
swedish	roda_rummet	2	RG	205	0.0005204921570718381
swedish	roda_rummet	2	FU	309	0.0007845467148058438
swedish	roda_rummet	2	UD	300	0.000761695839617324
swedish	roda_rummet	2	KV	7	1.7772902924404226e-05
swedish	roda_rummet	2	PU	202	0.0005128751986756649
swedish	roda_rummet	2	NM	250	0.0006347465330144367
swedish	roda_rummet	2	DV	114	0.0002894444190545831
swedish	roda_rummet	2	WU	12	3.046783358469296e-05
swedish	roda_rummet	2	LR	58	0.0001472611956593493
swedish	roda_rummet	2	HC	40	0.00010155944528230987
swedish	roda_rummet	2	NQ	50	0.00012694930660288735
swedish	roda_rummet	2	UO	56	0.0001421832233952338
swedish	roda_rummet	2	YB	311	0.0007896246870699592
swedish	roda_rummet	2	HL	71	0.00018026801537610003
swedish	roda_rummet	2	AE	71	0.00018026801537610003
swedish	roda_rummet	2	NP	130	0.0003300681971675071
swedish	roda_rummet	2	YK	30	7.61695839617324e-05
swedish	roda_rummet	2	YC	186	0.0004722514205627409
swedish	roda_rummet	2	EJ	59	0.00014980018179140705
swedish	roda_rummet	2	XA	29	7.363059782967465e-05
swedish	roda_rummet	2	HF	74	0.00018788497377227324
swedish	roda_rummet	2	PW	26	6.601363943350141e-05
swedish	roda_rummet	2	MP	332	0.0008429433958431719
swedish	roda_rummet	2	OX	22	5.585769490527043e-05
swedish	roda_rummet	2	XE	21	5.331870877321268e-05
swedish	roda_rummet	2	LB	146	0.000370691975280431
swedish	roda_rummet	2	XC	83	0.00021073584896079298
swedish	roda_rummet	2	HB	66	0.0001675730847158113
swedish	roda_rummet	2	MM	153	0.00038846487820483523
swedish	roda_rummet	2	BS	57	0.00014472220952729155
swedish	roda_rummet	2	TG	101	0.00025643759933783244
swedish	roda_rummet	2	RM	469	0.0011907844959350832
swedish	roda_rummet	2	HM	134	0.00034022414169573807
swedish	roda_rummet	2	FL	215	0.0005458820183924155
swedish	roda_rummet	2	GJ	7	1.7772902924404226e-05
swedish	roda_rummet	2	GF	113	0.00028690543292252536
swedish	roda_rummet	2	RK	152	0.0003859258920727775
swedish	roda_rummet	2	NN	335	0.0008505603542393451
swedish	roda_rummet	2	SR	137	0.0003478411000919113
swedish	roda_rummet	2	MD	30	7.61695839617324e-05
swedish	roda_rummet	2	MQ	5	1.2694930660288733e-05
swedish	roda_rummet	2	AA	71	0.00018026801537610003
swedish	roda_rummet	2	CT	519	0.0013177338025379705
swedish	roda_rummet	2	SQ	70	0.00017772902924404228
swedish	roda_rummet	2	YV	31	7.870857009379015e-05
swedish	roda_rummet	2	UY	31	7.870857009379015e-05
swedish	roda_rummet	2	MF	71	0.00018026801537610003
swedish	roda_rummet	2	WM	56	0.0001421832233952338
swedish	roda_rummet	2	YQ	15	3.80847919808662e-05
swedish	roda_rummet	2	WY	56	0.0001421832233952338
swedish	roda_rummet	2	YR	122	0.0003097563081110451
swedish	roda_rummet	2	MR	20	5.077972264115493e-05
swedish	roda_rummet	2	YY	114	0.0002894444190545831
swedish	roda_rummet	2	KU	17	4.3162764244981696e-05
swedish	roda_rummet	2	FV	23	5.839668103732818e-05
swedish	roda_rummet	2	YM	240	0.0006093566716938592
swedish	roda_rummet	2	PB	11	2.7928847452635214e-05
swedish	roda_rummet	2	XP	113	0.00028690543292252536
swedish	roda_rummet	2	GB	142	0.00036053603075220005
swedish	roda_rummet	2	PS	161	0.0004087767672612972
swedish	roda_rummet	2	MH	166	0.00042147169792158595
swedish	roda_rummet	2	GV	39	9.902045915025212e-05
swedish	roda_rummet	2	UH	146	0.000370691975280431
swedish	roda_rummet	2	GC	71	0.00018026801537610003
swedish	roda_rummet	2	AQ	16	4.062377811292395e-05
swedish	roda_rummet	2	GD	64	0.0001624951124516958
swedish	roda_rummet	2	GY	56	0.0001421832233952338
swedish	roda_rummet	2	HD	38	9.648147301819437e-05
swedish	roda_rummet	2	TP	185	0.00046971243443068316
swedish	roda_rummet	2	JA	25	6.347465330144367e-05
swedish	roda_rummet	2	CY	64	0.0001624951124516958
swedish	roda_rummet	2	ZY	16	4.062377811292395e-05
swedish	roda_rummet	2	CW	12	3.046783358469296e-05
swedish	roda_rummet	2	MG	33	8.378654235790564e-05
swedish	roda_rummet	2	DQ	20	5.077972264115493e-05
swedish	roda_rummet	2	CS	46	0.00011679336207465635
swedish	roda_rummet	2	BT	35	8.886451462202114e-05
swedish	roda_rummet	2	MV	14	3.554580584880845e-05
swedish	roda_rummet	2	PY	37	9.394248688613662e-05
swedish	roda_rummet	2	FD	57	0.00014472220952729155
swedish	roda_rummet	2	NV	84	0.00021327483509285072
swedish	roda_rummet	2	UX	5	1.2694930660288733e-05
swedish	roda_rummet	2	XU	5	1.2694930660288733e-05
swedish	roda_rummet	2	LV	60	0.0001523391679234648
swedish	roda_rummet	2	FJ	9	2.2850875188519722e-05
swedish	roda_rummet	2	JO	59	0.00014980018179140705
swedish	roda_rummet	2	KM	35	8.886451462202114e-05
swedish	roda_rummet	2	KW	58	0.0001472611956593493
swedish	roda_rummet	2	HP	42	0.00010663741754642536
swedish	roda_rummet	2	WD	36	9.140350075407889e-05
swedish	roda_rummet	2	MK	2	5.0779722641154935e-06
swedish	roda_rummet	2	KD	11	2.7928847452635214e-05
swedish	roda_rummet	2	AX	20	5.077972264115493e-05
swedish	roda_rummet	2	KB	32	8.12475562258479e-05
swedish	roda_rummet	2	WL	63	0.00015995612631963804
swedish	roda_rummet	2	GP	46	0.00011679336207465635
swedish	roda_rummet	2	LP	107	0.0002716715161301789
swedish	roda_rummet	2	BJ	42	0.00010663741754642536
swedish	roda_rummet	2	JE	77	0.0001955019321684465
swedish	roda_rummet	2	WP	19	4.8240736509097185e-05
swedish	roda_rummet	2	PD	4	1.0155944528230987e-05
swedish	roda_rummet	2	TZ	3	7.61695839617324e-06
swedish	roda_rummet	2	ZB	1	2.5389861320577467e-06
swedish	roda_rummet	2	ZS	1	2.5389861320577467e-06
swedish	roda_rummet	2	WC	41	0.00010409843141436761
swedish	roda_rummet	2	IY	14	3.554580584880845e-05
swedish	roda_rummet	2	DJ	29	7.363059782967465e-05
swedish	roda_rummet	2	AJ	12	3.046783358469296e-05
swedish	roda_rummet	2	ZI	22	5.585769490527043e-05
swedish	roda_rummet	2	DK	42	0.00010663741754642536
swedish	roda_rummet	2	PJ	1	2.5389861320577467e-06
swedish	roda_rummet	2	CQ	21	5.331870877321268e-05
swedish	roda_rummet	2	XD	4	1.0155944528230987e-05
swedish	roda_rummet	2	KY	48	0.00012187133433877184
swedish	roda_rummet	2	KL	61	0.00015487815405552255
swedish	roda_rummet	2	OQ	17	4.3162764244981696e-05
swedish	roda_rummet	2	OJ	8	2.0311889056461974e-05
swedish	roda_rummet	2	PN	6	1.523391679234648e-05
swedish	roda_rummet	2	WV	27	6.855262556555916e-05
swedish	roda_rummet	2	CN	6	1.523391679234648e-05
swedish	roda_rummet	2	KF	43	0.00010917640367848311
swedish	roda_rummet	2	UV	7	1.7772902924404226e-05
swedish	roda_rummet	2	UJ	3	7.61695839617324e-06
swedish	roda_rummet	2	KG	6	1.523391679234648e-05
swedish	roda_rummet	2	NJ	25	6.347465330144367e-05
swedish	roda_rummet	2	PK	3	7.61695839617324e-06
swedish	roda_rummet	2	IZ	15	3.80847919808662e-05
swedish	roda_rummet	2	ZE	41	0.00010409843141436761
swedish	roda_rummet	2	GK	6	1.523391679234648e-05
swedish	roda_rummet	2	KJ	1	2.5389861320577467e-06
swedish	roda_rummet	2	KR	3	7.61695839617324e-06
swedish	roda_rummet	2	GQ	2	5.0779722641154935e-06
swedish	roda_rummet	2	FK	8	2.0311889056461974e-05
swedish	roda_rummet	2	XH	10	2.5389861320577466e-05
swedish	roda_rummet	2	CD	3	7.61695839617324e-06
swedish	roda_rummet	2	ZL	4	1.0155944528230987e-05
swedish	roda_rummet	2	NZ	9	2.2850875188519722e-05
swedish	roda_rummet	2	CB	5	1.2694930660288733e-05
swedish	roda_rummet	2	KP	10	2.5389861320577466e-05
swedish	roda_rummet	2	IQ	7	1.7772902924404226e-05
swedish	roda_rummet	2	VY	24	6.093566716938592e-05
swedish	roda_rummet	2	UU	11	2.7928847452635214e-05
swedish	roda_rummet	2	TJ	10	2.5389861320577466e-05
swedish	roda_rummet	2	CV	1	2.5389861320577467e-06
swedish	roda_rummet	2	VN	2	5.0779722641154935e-06
swedish	roda_rummet	2	BM	8	2.0311889056461974e-05
swedish	roda_rummet	2	HQ	1	2.5389861320577467e-06
swedish	roda_rummet	2	OZ	6	1.523391679234648e-05
swedish	roda_rummet	2	HG	22	5.585769490527043e-05
swedish	roda_rummet	2	BD	3	7.61695839617324e-06
swedish	roda_rummet	2	HJ	7	1.7772902924404226e-05
swedish	roda_rummet	2	NX	23	5.839668103732818e-05
swedish	roda_rummet	2	XO	8	2.0311889056461974e-05
swedish	roda_rummet	2	WK	1	2.5389861320577467e-06
swedish	roda_rummet	2	XF	1	2.5389861320577467e-06
swedish	roda_rummet	2	KQ	7	1.7772902924404226e-05
swedish	roda_rummet	2	XV	5	1.2694930660288733e-05
swedish	roda_rummet	2	PC	5	1.2694930660288733e-05
swedish	roda_rummet	2	UQ	1	2.5389861320577467e-06
swedish	roda_rummet	2	RJ	15	3.80847919808662e-05
swedish	roda_rummet	2	XW	3	7.61695839617324e-06
swedish	roda_rummet	2	EZ	7	1.7772902924404226e-05
swedish	roda_rummet	2	BP	1	2.5389861320577467e-06
swedish	roda_rummet	2	FQ	1	2.5389861320577467e-06
swedish	roda_rummet	2	VU	6	1.523391679234648e-05
swedish	roda_rummet	2	CG	1	2.5389861320577467e-06
swedish	roda_rummet	2	RQ	4	1.0155944528230987e-05
swedish	roda_rummet	2	CM	2	5.0779722641154935e-06
swedish	roda_rummet	2	XQ	4	1.0155944528230987e-05
swedish	roda_rummet	2	PQ	1	2.5389861320577467e-06
swedish	roda_rummet	2	RX	15	3.80847919808662e-05
swedish	roda_rummet	2	XM	2	5.0779722641154935e-06
swedish	roda_rummet	2	CF	8	2.0311889056461974e-05
swedish	roda_rummet	2	UZ	5	1.2694930660288733e-05
swedish	roda_rummet	2	XS	2	5.0779722641154935e-06
swedish	roda_rummet	2	WJ	2	5.0779722641154935e-06
swedish	roda_rummet	2	BC	1	2.5389861320577467e-06
swedish	roda_rummet	2	HK	3	7.61695839617324e-06
swedish	roda_rummet	2	MJ	4	1.0155944528230987e-05
swedish	roda_rummet	2	XL	1	2.5389861320577467e-06
swedish	roda_rummet	2	BH	1	2.5389861320577467e-06
swedish	roda_rummet	2	VF	1	2.5389861320577467e-06
swedish	roda_rummet	2	LQ	2	5.0779722641154935e-06
swedish	roda_rummet	2	VR	2	5.0779722641154935e-06
swedish	roda_rummet	2	LJ	2	5.0779722641154935e-06
swedish	roda_rummet	2	BN	1	2.5389861320577467e-06
swedish	roda_rummet	2	XR	1	2.5389861320577467e-06
swedish	roda_rummet	2	CP	1	2.5389861320577467e-06
turkish	araba_sevdasi	2	PR	1210	0.0025322654567599976
turkish	araba_sevdasi	2	RO	3824	0.008002795955909282
turkish	araba_sevdasi	2	OD	949	0.0019860495193927586
turkish	araba_sevdasi	2	DU	393	0.0008224630781046935
turkish	araba_sevdasi	2	UC	356	0.0007450301674434373
turkish	araba_sevdasi	2	CE	2051	0.004292294588276658
turkish	araba_sevdasi	2	ED	6403	0.013400079107135757
turkish	araba_sevdasi	2	DB	801	0.001676317876747734
turkish	araba_sevdasi	2	BY	367	0.0007680507625048918
turkish	araba_sevdasi	2	YS	666	0.0013937923919026102
turkish	araba_sevdasi	2	ST	5895	0.012336946171570402
turkish	araba_sevdasi	2	TE	3463	0.007247301881619729
turkish	araba_sevdasi	2	EV	1059	0.002216255470007304
turkish	araba_sevdasi	2	VE	3103	0.0064939005886993995
turkish	araba_sevdasi	2	EN	5355	0.011206844232189907
turkish	araba_sevdasi	2	ND	6200	0.01297524448918346
turkish	araba_sevdasi	2	DE	3251	0.006803632231344424
turkish	araba_sevdasi	2	ES	6353	0.0132954400386746
turkish	araba_sevdasi	2	SJ	40	8.371125476892555e-05
turkish	araba_sevdasi	2	JA	29	6.069065970747102e-05
turkish	araba_sevdasi	2	AR	3901	0.008163940121339464
turkish	araba_sevdasi	2	RD	1262	0.002641090087959601
turkish	araba_sevdasi	2	DI	2118	0.004432510940014608
turkish	araba_sevdasi	2	IN	7473	0.015639355172204515
turkish	araba_sevdasi	2	NS	1592	0.0033317079398032367
turkish	araba_sevdasi	2	SA	3415	0.007146848375897018
turkish	araba_sevdasi	2	AN	7831	0.0163885709023864
turkish	araba_sevdasi	2	DT	2959	0.006192540071531267
turkish	araba_sevdasi	2	TH	17652	0.036941776729526844
turkish	araba_sevdasi	2	HE	16506	0.034543449280397126
turkish	araba_sevdasi	2	EO	1731	0.003622604550125253
turkish	araba_sevdasi	2	ON	4240	0.008873393005506108
turkish	araba_sevdasi	2	NL	349	0.0007303806978588754
turkish	araba_sevdasi	2	LI	2249	0.0047066652993828385
turkish	araba_sevdasi	2	NE	3009	0.006297179139992424
turkish	araba_sevdasi	2	IS	3921	0.008205795748723927
turkish	araba_sevdasi	2	TR	1514	0.003168470993003832
turkish	araba_sevdasi	2	RI	2276	0.004763170396351863
turkish	araba_sevdasi	2	IB	270	0.0005650509696902475
turkish	araba_sevdasi	2	BU	842	0.0017621219128858827
turkish	araba_sevdasi	2	UT	1507	0.00315382152341927
turkish	araba_sevdasi	2	DP	312	0.0006529477871976192
turkish	araba_sevdasi	2	OO	1382	0.0028922238522663775
turkish	araba_sevdasi	2	OF	4522	0.009463557351627032
turkish	araba_sevdasi	2	FR	1247	0.0026096983674212537
turkish	araba_sevdasi	2	RE	6566	0.013741202470319128
turkish	araba_sevdasi	2	EA	5791	0.012119296909171197
turkish	araba_sevdasi	2	AD	2599	0.0054391387786109375
turkish	araba_sevdasi	2	NG	3700	0.007743291066125613
turkish	araba_sevdasi	2	GT	603	0.0012619471656415526
turkish	araba_sevdasi	2	AM	979	0.0020488329604694527
turkish	araba_sevdasi	2	MA	2175	0.004551799478060326
turkish	araba_sevdasi	2	AT	4555	0.009532619136811396
turkish	araba_sevdasi	2	HT	1675	0.003505408793448757
turkish	araba_sevdasi	2	TT	2377	0.004974541314643401
turkish	araba_sevdasi	2	TP	180	0.00037670064646016496
turkish	araba_sevdasi	2	PW	66	0.00013812357036872716
turkish	araba_sevdasi	2	WW	112	0.00023439151335299152
turkish	araba_sevdasi	2	WP	17	3.5577283276793355e-05
turkish	araba_sevdasi	2	PG	9	1.8835032323008248e-05
turkish	araba_sevdasi	2	GD	74	0.00015486582132251227
turkish	araba_sevdasi	2	PN	12	2.5113376430677663e-05
turkish	araba_sevdasi	2	ET	4000	0.008371125476892555
turkish	araba_sevdasi	2	TU	814	0.0017035240345476348
turkish	araba_sevdasi	2	UN	1721	0.0036016767364330216
turkish	araba_sevdasi	2	NT	4650	0.009731433366887594
turkish	araba_sevdasi	2	TO	4968	0.010396937842300552
turkish	araba_sevdasi	2	OC	376	0.0007868857948279001
turkish	araba_sevdasi	2	CA	1899	0.00397419182015474
turkish	araba_sevdasi	2	AE	941	0.0019693072684389733
turkish	araba_sevdasi	2	RB	353	0.0007387518233357679
turkish	araba_sevdasi	2	BA	379	0.0007931641389355695
turkish	araba_sevdasi	2	SS	2125	0.004447160409599169
turkish	araba_sevdasi	2	SO	2558	0.0053533347424727885
turkish	araba_sevdasi	2	OR	4388	0.009183124648151133
turkish	araba_sevdasi	2	RC	537	0.0011238235952728255
turkish	araba_sevdasi	2	CZ	3	6.278344107669416e-06
turkish	araba_sevdasi	2	ZY	27	5.6505096969024744e-05
turkish	araba_sevdasi	2	YB	267	0.0005587726255825781
turkish	araba_sevdasi	2	YU	46	9.626794298426438e-05
turkish	araba_sevdasi	2	EL	2465	0.005158706075135037
turkish	araba_sevdasi	2	LD	1588	0.0033233368143263443
turkish	araba_sevdasi	2	DO	1544	0.003231254434080526
turkish	araba_sevdasi	2	RA	2668	0.005583540693087334
turkish	araba_sevdasi	2	OM	2616	0.00547471606188773
turkish	araba_sevdasi	2	ME	2953	0.0061799833833159285
turkish	araba_sevdasi	2	OW	2364	0.0049473351568435
turkish	araba_sevdasi	2	WS	228	0.0004771541521828756
turkish	araba_sevdasi	2	SW	1129	0.0023627501658529237
turkish	araba_sevdasi	2	WE	1378	0.002883852726789485
turkish	araba_sevdasi	2	EE	2599	0.0054391387786109375
turkish	araba_sevdasi	2	NO	2707	0.005665159166487036
turkish	araba_sevdasi	2	OB	470	0.000983607243534875
turkish	araba_sevdasi	2	BL	887	0.001856297074500924
turkish	araba_sevdasi	2	LE	3087	0.006460416086791829
turkish	araba_sevdasi	2	ER	8349	0.017472631651643984
turkish	araba_sevdasi	2	OG	205	0.0004290201806907434
turkish	araba_sevdasi	2	GU	656	0.001372864578210379
turkish	araba_sevdasi	2	UE	394	0.0008245558594739167
turkish	araba_sevdasi	2	EH	1906	0.003988841289739302
turkish	araba_sevdasi	2	RT	2446	0.005118943229119797
turkish	araba_sevdasi	2	FA	1077	0.0022539255346533203
turkish	araba_sevdasi	2	AW	692	0.001448204707502412
turkish	araba_sevdasi	2	WO	1316	0.0027541002818976504
turkish	araba_sevdasi	2	NP	144	0.00030136051716813197
turkish	araba_sevdasi	2	PE	1473	0.003082666956865683
turkish	araba_sevdasi	2	TI	3050	0.006382983176130573
turkish	araba_sevdasi	2	IC	1814	0.0037963054037707736
turkish	araba_sevdasi	2	CO	1535	0.0032124194017575177
turkish	araba_sevdasi	2	OA	537	0.0011238235952728255
turkish	araba_sevdasi	2	RU	884	0.0018500187303932545
turkish	araba_sevdasi	2	UL	1662	0.0034782026356488566
turkish	araba_sevdasi	2	EG	802	0.0016784106581169572
turkish	araba_sevdasi	2	GE	1122	0.0023481006962683616
turkish	araba_sevdasi	2	RG	292	0.0006110921598131565
turkish	araba_sevdasi	2	HD	84	0.00017579363501474366
turkish	araba_sevdasi	2	NC	1263	0.002643182869328824
turkish	araba_sevdasi	2	MP	708	0.0014816892094099822
turkish	araba_sevdasi	2	PA	1029	0.0021534720289306097
turkish	araba_sevdasi	2	NY	281	0.0005880715647517019
turkish	araba_sevdasi	2	YN	94	0.00019672144870697502
turkish	araba_sevdasi	2	EW	2186	0.004574820073121781
turkish	araba_sevdasi	2	WY	14	2.929893916912394e-05
turkish	araba_sevdasi	2	YO	801	0.001676317876747734
turkish	araba_sevdasi	2	RK	238	0.000498081965875107
turkish	araba_sevdasi	2	KI	450	0.0009417516161504124
turkish	araba_sevdasi	2	IL	2023	0.00423369670993841
turkish	araba_sevdasi	2	LL	2544	0.0053240358033036644
turkish	araba_sevdasi	2	LU	345	0.0007220095723819829
turkish	araba_sevdasi	2	US	2736	0.005725849826194508
turkish	araba_sevdasi	2	IO	1167	0.0024422758578834026
turkish	araba_sevdasi	2	LO	2193	0.004589469542706343
turkish	araba_sevdasi	2	OK	508	0.0010631329355653544
turkish	araba_sevdasi	2	MY	598	0.001251483258795437
turkish	araba_sevdasi	2	YE	770	0.0016114416543018166
turkish	araba_sevdasi	2	EY	1051	0.0021995132190535185
turkish	araba_sevdasi	2	SN	485	0.0010149989640732223
turkish	araba_sevdasi	2	WD	136	0.00028461826621434684
turkish	araba_sevdasi	2	OT	2298	0.004809211586474772
turkish	araba_sevdasi	2	YL	372	0.0007785146693510076
turkish	araba_sevdasi	2	KA	137	0.00028671104758357
turkish	araba_sevdasi	2	AS	3675	0.0076909715318950345
turkish	araba_sevdasi	2	SI	2095	0.0043843769685224755
turkish	araba_sevdasi	2	IF	653	0.0013665862341027096
turkish	araba_sevdasi	2	FT	1869	0.003911408379078046
turkish	araba_sevdasi	2	YM	228	0.0004771541521828756
turkish	araba_sevdasi	2	YA	715	0.001496338678994544
turkish	araba_sevdasi	2	AU	934	0.0019546577988544113
turkish	araba_sevdasi	2	HO	3131	0.006552498467037647
turkish	araba_sevdasi	2	SC	798	0.0016700395326400645
turkish	araba_sevdasi	2	RL	524	0.0010966174374729247
turkish	araba_sevdasi	2	PI	554	0.0011594008785496188
turkish	araba_sevdasi	2	IM	1561	0.0032668317173573194
turkish	araba_sevdasi	2	RN	530	0.0011091741256882635
turkish	araba_sevdasi	2	OI	549	0.0011489369717035032
turkish	araba_sevdasi	2	NI	1285	0.002689224059451733
turkish	araba_sevdasi	2	CR	846	0.0017704930383627753
turkish	araba_sevdasi	2	BE	2010	0.004206490552138509
turkish	araba_sevdasi	2	DC	509	0.0010652257169345776
turkish	araba_sevdasi	2	CC	210	0.00043948408753685913
turkish	araba_sevdasi	2	AV	1442	0.003017790734419766
turkish	araba_sevdasi	2	VG	1	2.0927813692231387e-06
turkish	araba_sevdasi	2	GG	164	0.00034321614455259475
turkish	araba_sevdasi	2	RM	724	0.0015151737113175525
turkish	araba_sevdasi	2	CV	1	2.0927813692231387e-06
turkish	araba_sevdasi	2	VS	1	2.0927813692231387e-06
turkish	araba_sevdasi	2	SP	967	0.002023719584038775
turkish	araba_sevdasi	2	PO	1038	0.0021723070612536177
turkish	araba_sevdasi	2	NM	269	0.0005629581883210243
turkish	araba_sevdasi	2	MT	593	0.0012410193519493211
turkish	araba_sevdasi	2	RP	286	0.0005985354715978176
turkish	araba_sevdasi	2	EF	1835	0.0038402538125244592
turkish	araba_sevdasi	2	FO	1771	0.0037063158048941786
turkish	araba_sevdasi	2	EU	208	0.0004352985247984128
turkish	araba_sevdasi	2	HI	5091	0.010654349950714999
turkish	araba_sevdasi	2	GS	345	0.0007220095723819829
turkish	araba_sevdasi	2	WH	2293	0.004798747679628657
turkish	araba_sevdasi	2	CH	1882	0.003938614536877947
turkish	araba_sevdasi	2	HA	5438	0.011380545085835428
turkish	araba_sevdasi	2	EC	2607	0.005455881029564722
turkish	araba_sevdasi	2	RS	1828	0.003825604342939897
turkish	araba_sevdasi	2	GO	955	0.0019986062076080974
turkish	araba_sevdasi	2	TA	2568	0.00537426255616502
turkish	araba_sevdasi	2	DS	1981	0.004145799892431037
turkish	araba_sevdasi	2	TM	353	0.0007387518233357679
turkish	araba_sevdasi	2	WX	3	6.278344107669416e-06
turkish	araba_sevdasi	2	XX	63	0.00013184522626105772
turkish	araba_sevdasi	2	XN	1	2.0927813692231387e-06
turkish	araba_sevdasi	2	KG	20	4.185562738446277e-05
turkish	araba_sevdasi	2	YC	313	0.0006550405685668424
turkish	araba_sevdasi	2	OP	636	0.0013310089508259161
turkish	araba_sevdasi	2	PY	46	9.626794298426438e-05
turkish	araba_sevdasi	2	YR	223	0.00046669024533675993
turkish	araba_sevdasi	2	IG	1056	0.0022099771258996346
turkish	araba_sevdasi	2	GH	1674	0.0035033160120795342
turkish	araba_sevdasi	2	TB	364	0.0007617724183972224
turkish	araba_sevdasi	2	YG	155	0.00032438111222958646
turkish	araba_sevdasi	2	YT	953	0.001994420644869651
turkish	araba_sevdasi	2	AL	2754	0.005763519890840524
turkish	araba_sevdasi	2	LT	940	0.00196721448706975
turkish	araba_sevdasi	2	OS	1622	0.003394491380879931
turkish	araba_sevdasi	2	SE	3481	0.007284971946265746
turkish	araba_sevdasi	2	IE	979	0.0020488329604694527
turkish	araba_sevdasi	2	AB	605	0.0012661327283799988
turkish	araba_sevdasi	2	FC	219	0.00045831911985986737
turkish	araba_sevdasi	2	TS	1584	0.0033149656888494515
turkish	araba_sevdasi	2	AP	721	0.001508895367209883
turkish	araba_sevdasi	2	PT	450	0.0009417516161504124
turkish	araba_sevdasi	2	II	78	0.0001632369467994048
turkish	araba_sevdasi	2	IV	557	0.0011656792226572882
turkish	araba_sevdasi	2	VC	9	1.8835032323008248e-05
turkish	araba_sevdasi	2	RV	219	0.00045831911985986737
turkish	araba_sevdasi	2	VI	786	0.001644926156209387
turkish	araba_sevdasi	2	IX	82	0.00017160807227629737
turkish	araba_sevdasi	2	XC	81	0.00016951529090707422
turkish	araba_sevdasi	2	RX	58	0.00012138131941494204
turkish	araba_sevdasi	2	XI	76	0.00015905138406095852
turkish	araba_sevdasi	2	XV	29	6.069065970747102e-05
turkish	araba_sevdasi	2	IU	531	0.0011112669070574867
turkish	araba_sevdasi	2	FU	514	0.0010756896237806932
turkish	araba_sevdasi	2	LF	449	0.0009396588347811893
turkish	araba_sevdasi	2	IT	3783	0.007916991919771134
turkish	araba_sevdasi	2	UA	308	0.0006445766617207267
turkish	araba_sevdasi	2	EJ	112	0.00023439151335299152
turkish	araba_sevdasi	2	JO	132	0.0002762471407374543
turkish	araba_sevdasi	2	OY	108	0.00022602038787609898
turkish	araba_sevdasi	2	OL	1118	0.002339729570791469
turkish	araba_sevdasi	2	SM	663	0.0013875140477949408
turkish	araba_sevdasi	2	MO	1388	0.0029047805404817163
turkish	araba_sevdasi	2	OU	4594	0.009614237610211098
turkish	araba_sevdasi	2	TZ	1	2.0927813692231387e-06
turkish	araba_sevdasi	2	ZI	28	5.859787833824788e-05
turkish	araba_sevdasi	2	PS	235	0.0004918036217674375
turkish	araba_sevdasi	2	LM	269	0.0005629581883210243
turkish	araba_sevdasi	2	MX	4	8.371125476892555e-06
turkish	araba_sevdasi	2	XL	5	1.0463906846115693e-05
turkish	araba_sevdasi	2	LV	90	0.00018835032323008248
turkish	araba_sevdasi	2	IA	968	0.0020258123654079982
turkish	araba_sevdasi	2	TC	487	0.0010191845268116685
turkish	araba_sevdasi	2	NR	196	0.0004101851483677352
turkish	araba_sevdasi	2	AF	709	0.0014837819907792052
turkish	araba_sevdasi	2	EK	185	0.00038716455330628063
turkish	araba_sevdasi	2	FS	243	0.0005085458727212227
turkish	araba_sevdasi	2	EP	1798	0.003762820901863203
turkish	araba_sevdasi	2	EM	2427	0.005079180383104558
turkish	araba_sevdasi	2	MB	445	0.0009312877093042967
turkish	araba_sevdasi	2	DW	1012	0.0021178947456538164
turkish	araba_sevdasi	2	AI	1768	0.003700037460786509
turkish	araba_sevdasi	2	JU	167	0.00034949448866026416
turkish	araba_sevdasi	2	LA	2177	0.004555985040798773
turkish	araba_sevdasi	2	OV	723	0.0015130809299483293
turkish	araba_sevdasi	2	LR	139	0.00029089661032201625
turkish	araba_sevdasi	2	MI	982	0.0020551113045771223
turkish	araba_sevdasi	2	SQ	66	0.00013812357036872716
turkish	araba_sevdasi	2	QU	423	0.0008852465191813877
turkish	araba_sevdasi	2	UI	341	0.0007136384469050902
turkish	araba_sevdasi	2	IR	1339	0.0028022342533897825
turkish	araba_sevdasi	2	RW	600	0.0012556688215338832
turkish	araba_sevdasi	2	WA	2265	0.004740149801290409
turkish	araba_sevdasi	2	SD	353	0.0007387518233357679
turkish	araba_sevdasi	2	DH	1492	0.0031224298028809227
turkish	araba_sevdasi	2	DD	701	0.0014670397398254202
turkish	araba_sevdasi	2	YH	579	0.0012117204127801973
turkish	araba_sevdasi	2	WN	555	0.001161493659918842
turkish	araba_sevdasi	2	NH	1009	0.0021116164015461468
turkish	araba_sevdasi	2	DA	2102	0.004399026438107037
turkish	araba_sevdasi	2	HU	510	0.0010673184983038006
turkish	araba_sevdasi	2	FE	1306	0.002733172468205419
turkish	araba_sevdasi	2	EX	299	0.0006257416293977185
turkish	araba_sevdasi	2	XT	55	0.00011510297530727263
turkish	araba_sevdasi	2	NA	1537	0.003216604964495964
turkish	araba_sevdasi	2	FF	343	0.0007178240096435366
turkish	araba_sevdasi	2	UD	463	0.0009689577739503132
turkish	araba_sevdasi	2	BR	536	0.0011217308139036023
turkish	araba_sevdasi	2	UG	970	0.0020299979281464446
turkish	araba_sevdasi	2	GN	172	0.00035995839550637983
turkish	araba_sevdasi	2	HR	516	0.0010798751865191394
turkish	araba_sevdasi	2	FP	136	0.00028461826621434684
turkish	araba_sevdasi	2	PU	345	0.0007220095723819829
turkish	araba_sevdasi	2	UB	180	0.00037670064646016496
turkish	araba_sevdasi	2	OH	649	0.001358215108625817
turkish	araba_sevdasi	2	MS	466	0.0009752361180579826
turkish	araba_sevdasi	2	FH	591	0.001236833789210875
turkish	araba_sevdasi	2	DL	612	0.0012807821979645608
turkish	araba_sevdasi	2	LY	1647	0.0034468109151105093
turkish	araba_sevdasi	2	FI	892	0.0018667609813470397
turkish	araba_sevdasi	2	LP	127	0.0002657832338913386
turkish	araba_sevdasi	2	AC	1557	0.003258460591880427
turkish	araba_sevdasi	2	CT	871	0.0018228125725933539
turkish	araba_sevdasi	2	SH	3136	0.006562962373883763
turkish	araba_sevdasi	2	MM	232	0.00048552527765976817
turkish	araba_sevdasi	2	RY	836	0.001749565224670544
turkish	araba_sevdasi	2	SU	818	0.0017118951600245274
turkish	araba_sevdasi	2	NK	242	0.0005064530913519996
turkish	araba_sevdasi	2	KT	142	0.00029717495442968566
turkish	araba_sevdasi	2	OE	178	0.00037251508372171865
turkish	araba_sevdasi	2	YK	48	0.00010045350572271065
turkish	araba_sevdasi	2	FD	182	0.0003808862091986112
turkish	araba_sevdasi	2	GR	728	0.0015235448367944449
turkish	araba_sevdasi	2	NW	517	0.0010819679678883626
turkish	araba_sevdasi	2	FL	619	0.0012954316675491228
turkish	araba_sevdasi	2	UX	16	3.348450190757022e-05
turkish	araba_sevdasi	2	XU	24	5.0226752861355326e-05
turkish	araba_sevdasi	2	UR	1990	0.004164634924754046
turkish	araba_sevdasi	2	EI	1659	0.003471924291541187
turkish	araba_sevdasi	2	FJ	32	6.696900381514044e-05
turkish	araba_sevdasi	2	SF	593	0.0012410193519493211
turkish	araba_sevdasi	2	NU	210	0.00043948408753685913
turkish	araba_sevdasi	2	PL	703	0.0014712253025638664
turkish	araba_sevdasi	2	GL	363	0.0007596796370279993
turkish	araba_sevdasi	2	CI	684	0.001431462456548627
turkish	araba_sevdasi	2	TY	736	0.0015402870877482301
turkish	araba_sevdasi	2	MW	202	0.000422741836583074
turkish	araba_sevdasi	2	WI	2115	0.004426232595906938
turkish	araba_sevdasi	2	TN	229	0.00047924693355209876
turkish	araba_sevdasi	2	TL	759	0.0015884210592403622
turkish	araba_sevdasi	2	NF	312	0.0006529477871976192
turkish	araba_sevdasi	2	UM	533	0.001115452469795933
turkish	araba_sevdasi	2	GF	145	0.0003034532985373551
turkish	araba_sevdasi	2	RR	586	0.0012263698823647593
turkish	araba_sevdasi	2	AG	849	0.0017767713824704448
turkish	araba_sevdasi	2	MU	492	0.0010296484336577841
turkish	araba_sevdasi	2	HF	115	0.00024066985746066096
turkish	araba_sevdasi	2	MR	33	6.906178518436358e-05
turkish	araba_sevdasi	2	HW	197	0.00041227792973695833
turkish	araba_sevdasi	2	SR	222	0.0004645974639675368
turkish	araba_sevdasi	2	DY	369	0.0007722363252433382
turkish	araba_sevdasi	2	LK	141	0.00029508217306046256
turkish	araba_sevdasi	2	KH	46	9.626794298426438e-05
turkish	araba_sevdasi	2	CL	544	0.0011384730648573873
turkish	araba_sevdasi	2	SL	829	0.0017349157550859819
turkish	araba_sevdasi	2	SV	98	0.0002050925741838676
turkish	araba_sevdasi	2	AA	139	0.00029089661032201625
turkish	araba_sevdasi	2	AH	213	0.00044576243164452854
turkish	araba_sevdasi	2	NJ	34	7.115456655358671e-05
turkish	araba_sevdasi	2	DF	622	0.0013017100116567923
turkish	araba_sevdasi	2	MH	264	0.0005524942814749086
turkish	araba_sevdasi	2	VO	268	0.0005608654069518012
turkish	araba_sevdasi	2	LW	181	0.0003787934278293881
turkish	araba_sevdasi	2	NN	277	0.0005797004392748094
turkish	araba_sevdasi	2	YF	331	0.0006927106332128589
turkish	araba_sevdasi	2	TW	974	0.002038369053623337
turkish	araba_sevdasi	2	RH	807	0.0016888745649630728
turkish	araba_sevdasi	2	TF	383	0.0008015352644124621
turkish	araba_sevdasi	2	SG	260	0.000544123155998016
turkish	araba_sevdasi	2	AY	984	0.0020592968673155683
turkish	araba_sevdasi	2	HH	394	0.0008245558594739167
turkish	araba_sevdasi	2	DM	477	0.000998256713119437
turkish	araba_sevdasi	2	DN	529	0.0011070813443190403
turkish	araba_sevdasi	2	LS	670	0.0014021635173795028
turkish	araba_sevdasi	2	EB	867	0.0018144414471164612
turkish	araba_sevdasi	2	WR	163	0.0003411233631833716
turkish	araba_sevdasi	2	PH	157	0.00032856667496803277
turkish	araba_sevdasi	2	HS	289	0.000604813815705487
turkish	araba_sevdasi	2	TV	30	6.278344107669416e-05
turkish	araba_sevdasi	2	VA	324	0.0006780611636282969
turkish	araba_sevdasi	2	AZ	99	0.00020718535555309072
turkish	araba_sevdasi	2	ID	1320	0.002762471407374543
turkish	araba_sevdasi	2	HL	119	0.0002490409829375535
turkish	araba_sevdasi	2	KO	147	0.0003076388612758014
turkish	araba_sevdasi	2	YI	441	0.0009229165838274041
turkish	araba_sevdasi	2	LC	162	0.00033903058181414844
turkish	araba_sevdasi	2	DV	92	0.00019253588596852876
turkish	araba_sevdasi	2	GI	725	0.0015172664926867755
turkish	araba_sevdasi	2	BO	423	0.0008852465191813877
turkish	araba_sevdasi	2	FM	187	0.00039135011604472694
turkish	araba_sevdasi	2	CU	350	0.0007324734792280985
turkish	araba_sevdasi	2	UP	700	0.001464946958456197
turkish	araba_sevdasi	2	DR	647	0.0013540295458873708
turkish	araba_sevdasi	2	KE	1186	0.0024820387038986423
turkish	araba_sevdasi	2	GP	59	0.00012347410078416518
turkish	araba_sevdasi	2	IP	269	0.0005629581883210243
turkish	araba_sevdasi	2	KS	149	0.00031182442401424764
turkish	araba_sevdasi	2	AQ	34	7.115456655358671e-05
turkish	araba_sevdasi	2	FY	67	0.0001402163517379503
turkish	araba_sevdasi	2	GC	76	0.00015905138406095852
turkish	araba_sevdasi	2	FW	132	0.0002762471407374543
turkish	araba_sevdasi	2	RF	404	0.000845483673166148
turkish	araba_sevdasi	2	SK	261	0.0005462159373672392
turkish	araba_sevdasi	2	FG	108	0.00022602038787609898
turkish	araba_sevdasi	2	PP	378	0.0007910713575663464
turkish	araba_sevdasi	2	SB	449	0.0009396588347811893
turkish	araba_sevdasi	2	WC	39	8.16184733997024e-05
turkish	araba_sevdasi	2	CS	27	5.6505096969024744e-05
turkish	araba_sevdasi	2	YP	189	0.0003955356787831732
turkish	araba_sevdasi	2	GA	889	0.0018604826372393703
turkish	araba_sevdasi	2	DJ	35	7.324734792280985e-05
turkish	araba_sevdasi	2	XP	80	0.0001674225095378511
turkish	araba_sevdasi	2	CG	8	1.674225095378511e-05
turkish	araba_sevdasi	2	ZE	139	0.00029089661032201625
turkish	araba_sevdasi	2	CY	116	0.00024276263882988408
turkish	araba_sevdasi	2	UY	14	2.929893916912394e-05
turkish	araba_sevdasi	2	YW	478	0.0010003494944886603
turkish	araba_sevdasi	2	CK	476	0.000996163931750214
turkish	araba_sevdasi	2	KB	39	8.16184733997024e-05
turkish	araba_sevdasi	2	TK	50	0.00010463906846115694
turkish	araba_sevdasi	2	KN	409	0.0008559475800122637
turkish	araba_sevdasi	2	MN	86	0.00017997919775318991
turkish	araba_sevdasi	2	DK	51	0.00010673184983038006
turkish	araba_sevdasi	2	NB	268	0.0005608654069518012
turkish	araba_sevdasi	2	IK	325	0.0006801539449975201
turkish	araba_sevdasi	2	KY	50	0.00010463906846115694
turkish	araba_sevdasi	2	BI	185	0.00038716455330628063
turkish	araba_sevdasi	2	LG	73	0.0001527730399532891
turkish	araba_sevdasi	2	DG	265	0.0005545870628441317
turkish	araba_sevdasi	2	HY	471	0.0009857000249040983
turkish	araba_sevdasi	2	BS	123	0.00025741210841444603
turkish	araba_sevdasi	2	AK	507	0.0010610401541961312
turkish	araba_sevdasi	2	VY	67	0.0001402163517379503
turkish	araba_sevdasi	2	KF	33	6.906178518436358e-05
turkish	araba_sevdasi	2	MJ	12	2.5113376430677663e-05
turkish	araba_sevdasi	2	NV	86	0.00017997919775318991
turkish	araba_sevdasi	2	WF	55	0.00011510297530727263
turkish	araba_sevdasi	2	HC	83	0.0001737008536455205
turkish	araba_sevdasi	2	GW	155	0.00032438111222958646
turkish	araba_sevdasi	2	NZ	29	6.069065970747102e-05
turkish	araba_sevdasi	2	HM	169	0.0003536800513987104
turkish	araba_sevdasi	2	LJ	6	1.2556688215338832e-05
turkish	araba_sevdasi	2	TG	123	0.00025741210841444603
turkish	araba_sevdasi	2	GB	94	0.00019672144870697502
turkish	araba_sevdasi	2	EZ	19	3.976284601523963e-05
turkish	araba_sevdasi	2	ZU	5	1.0463906846115693e-05
turkish	araba_sevdasi	2	IW	121	0.0002532265456759998
turkish	araba_sevdasi	2	ML	80	0.0001674225095378511
turkish	araba_sevdasi	2	UV	6	1.2556688215338832e-05
turkish	araba_sevdasi	2	HJ	12	2.5113376430677663e-05
turkish	araba_sevdasi	2	ZZ	31	6.48762224459173e-05
turkish	araba_sevdasi	2	ZL	22	4.604119012290905e-05
turkish	araba_sevdasi	2	LB	174	0.00036414395824482614
turkish	araba_sevdasi	2	BB	37	7.743291066125613e-05
turkish	araba_sevdasi	2	IZ	53	0.00011091741256882635
turkish	araba_sevdasi	2	ZO	7	1.464946958456197e-05
turkish	araba_sevdasi	2	KW	65	0.000136030788999504
turkish	araba_sevdasi	2	KL	71	0.00014858747721484283
turkish	araba_sevdasi	2	TD	263	0.0005504015001056854
turkish	araba_sevdasi	2	OZ	10	2.0927813692231386e-05
turkish	araba_sevdasi	2	WM	71	0.00014858747721484283
turkish	araba_sevdasi	2	DQ	51	0.00010673184983038006
turkish	araba_sevdasi	2	FB	94	0.00019672144870697502
turkish	araba_sevdasi	2	HG	71	0.00014858747721484283
turkish	araba_sevdasi	2	MK	10	2.0927813692231386e-05
turkish	araba_sevdasi	2	HB	100	0.00020927813692231387
turkish	araba_sevdasi	2	MF	89	0.00018625754186085933
turkish	araba_sevdasi	2	LN	110	0.00023020595061454526
turkish	araba_sevdasi	2	XH	18	3.7670064646016496e-05
turkish	araba_sevdasi	2	NX	17	3.5577283276793355e-05
turkish	araba_sevdasi	2	TJ	24	5.0226752861355326e-05
turkish	araba_sevdasi	2	MC	36	7.534012929203299e-05
turkish	araba_sevdasi	2	LX	4	8.371125476892555e-06
turkish	araba_sevdasi	2	UO	48	0.00010045350572271065
turkish	araba_sevdasi	2	WT	279	0.0005838860020132557
turkish	araba_sevdasi	2	OQ	15	3.139172053834708e-05
turkish	araba_sevdasi	2	HP	66	0.00013812357036872716
turkish	araba_sevdasi	2	EQ	87	0.00018207197912241307
turkish	araba_sevdasi	2	CW	24	5.0226752861355326e-05
turkish	araba_sevdasi	2	JE	140	0.0002929893916912394
turkish	araba_sevdasi	2	MG	36	7.534012929203299e-05
turkish	araba_sevdasi	2	KR	13	2.72061577999008e-05
turkish	araba_sevdasi	2	KC	24	5.0226752861355326e-05
turkish	araba_sevdasi	2	GY	18	3.7670064646016496e-05
turkish	araba_sevdasi	2	HV	17	3.5577283276793355e-05
turkish	araba_sevdasi	2	UW	60	0.0001255668821533883
turkish	araba_sevdasi	2	LH	198	0.00041437071110618143
turkish	araba_sevdasi	2	AX	14	2.929893916912394e-05
turkish	araba_sevdasi	2	CF	11	2.3020595061454525e-05
turkish	araba_sevdasi	2	OX	10	2.0927813692231386e-05
turkish	araba_sevdasi	2	XA	21	4.3948408753685915e-05
turkish	araba_sevdasi	2	GM	116	0.00024276263882988408
turkish	araba_sevdasi	2	IQ	3	6.278344107669416e-06
turkish	araba_sevdasi	2	RQ	20	4.185562738446277e-05
turkish	araba_sevdasi	2	YD	245	0.000512731435459669
turkish	araba_sevdasi	2	AO	46	9.626794298426438e-05
turkish	araba_sevdasi	2	SY	117	0.0002448554201991072
turkish	araba_sevdasi	2	XQ	44	9.20823802458181e-05
turkish	araba_sevdasi	2	PF	26	5.44123155998016e-05
turkish	araba_sevdasi	2	UF	79	0.00016532972816862796
turkish	araba_sevdasi	2	NQ	50	0.00010463906846115694
turkish	araba_sevdasi	2	UK	9	1.8835032323008248e-05
turkish	araba_sevdasi	2	YJ	23	4.813397149213219e-05
turkish	araba_sevdasi	2	CP	10	2.0927813692231386e-05
turkish	araba_sevdasi	2	WB	55	0.00011510297530727263
turkish	araba_sevdasi	2	FV	30	6.278344107669416e-05
turkish	araba_sevdasi	2	OJ	13	2.72061577999008e-05
turkish	araba_sevdasi	2	XE	68	0.00014230913310717342
turkish	araba_sevdasi	2	PM	18	3.7670064646016496e-05
turkish	araba_sevdasi	2	BJ	43	8.998959887659496e-05
turkish	araba_sevdasi	2	XW	6	1.2556688215338832e-05
turkish	araba_sevdasi	2	UH	45	9.417516161504124e-05
turkish	araba_sevdasi	2	MD	50	0.00010463906846115694
turkish	araba_sevdasi	2	IH	128	0.00026787601526056176
turkish	araba_sevdasi	2	VH	4	8.371125476892555e-06
turkish	araba_sevdasi	2	TQ	21	4.3948408753685915e-05
turkish	araba_sevdasi	2	GV	32	6.696900381514044e-05
turkish	araba_sevdasi	2	CQ	5	1.0463906846115693e-05
turkish	araba_sevdasi	2	KM	29	6.069065970747102e-05
turkish	araba_sevdasi	2	XY	4	8.371125476892555e-06
turkish	araba_sevdasi	2	KU	27	5.6505096969024744e-05
turkish	araba_sevdasi	2	BT	65	0.000136030788999504
turkish	araba_sevdasi	2	KD	16	3.348450190757022e-05
turkish	araba_sevdasi	2	YY	32	6.696900381514044e-05
turkish	araba_sevdasi	2	WL	142	0.00029717495442968566
turkish	araba_sevdasi	2	BV	17	3.5577283276793355e-05
turkish	araba_sevdasi	2	WG	7	1.464946958456197e-05
turkish	araba_sevdasi	2	YV	44	9.20823802458181e-05
turkish	araba_sevdasi	2	FN	48	0.00010045350572271065
turkish	araba_sevdasi	2	MV	3	6.278344107669416e-06
turkish	araba_sevdasi	2	PB	27	5.6505096969024744e-05
turkish	araba_sevdasi	2	CB	5	1.0463906846115693e-05
turkish	araba_sevdasi	2	HN	71	0.00014858747721484283
turkish	araba_sevdasi	2	WQ	2	4.1855627384462775e-06
turkish	araba_sevdasi	2	KP	19	3.976284601523963e-05
turkish	araba_sevdasi	2	SX	7	1.464946958456197e-05
turkish	araba_sevdasi	2	HK	11	2.3020595061454525e-05
turkish	araba_sevdasi	2	BM	11	2.3020595061454525e-05
turkish	araba_sevdasi	2	YQ	8	1.674225095378511e-05
turkish	araba_sevdasi	2	AJ	48	0.00010045350572271065
turkish	araba_sevdasi	2	CD	5	1.0463906846115693e-05
turkish	araba_sevdasi	2	RJ	19	3.976284601523963e-05
turkish	araba_sevdasi	2	LQ	3	6.278344107669416e-06
turkish	araba_sevdasi	2	VU	11	2.3020595061454525e-05
turkish	araba_sevdasi	2	WV	7	1.464946958456197e-05
turkish	araba_sevdasi	2	UZ	25	5.231953423057847e-05
turkish	araba_sevdasi	2	WU	21	4.3948408753685915e-05
turkish	araba_sevdasi	2	WJ	7	1.464946958456197e-05
turkish	araba_sevdasi	2	ZA	9	1.8835032323008248e-05
turkish	araba_sevdasi	2	CN	2	4.1855627384462775e-06
turkish	araba_sevdasi	2	FK	10	2.0927813692231386e-05
turkish	araba_sevdasi	2	WK	2	4.1855627384462775e-06
turkish	araba_sevdasi	2	PC	11	2.3020595061454525e-05
turkish	araba_sevdasi	2	HQ	5	1.0463906846115693e-05
turkish	araba_sevdasi	2	BD	19	3.976284601523963e-05
turkish	araba_sevdasi	2	GJ	5	1.0463906846115693e-05
turkish	araba_sevdasi	2	PK	2	4.1855627384462775e-06
turkish	araba_sevdasi	2	XM	5	1.0463906846115693e-05
turkish	araba_sevdasi	2	BH	8	1.674225095378511e-05
turkish	araba_sevdasi	2	KV	1	2.0927813692231387e-06
turkish	araba_sevdasi	2	UU	1	2.0927813692231387e-06
turkish	araba_sevdasi	2	FQ	1	2.0927813692231387e-06
turkish	araba_sevdasi	2	PD	13	2.72061577999008e-05
turkish	araba_sevdasi	2	CM	2	4.1855627384462775e-06
turkish	araba_sevdasi	2	PQ	1	2.0927813692231387e-06
turkish	araba_sevdasi	2	HX	4	8.371125476892555e-06
turkish	araba_sevdasi	2	GQ	2	4.1855627384462775e-06
turkish	araba_sevdasi	2	BX	1	2.0927813692231387e-06
turkish	araba_sevdasi	2	BN	2	4.1855627384462775e-06
turkish	araba_sevdasi	2	XB	1	2.0927813692231387e-06
turkish	araba_sevdasi	2	VR	1	2.0927813692231387e-06
turkish	araba_sevdasi	2	BP	2	4.1855627384462775e-06
turkish	araba_sevdasi	2	YX	2	4.1855627384462775e-06
turkish	araba_sevdasi	2	ZW	1	2.0927813692231387e-06
turkish	araba_sevdasi	2	XF	3	6.278344107669416e-06
turkish	araba_sevdasi	2	IY	3	6.278344107669416e-06
turkish	araba_sevdasi	2	BW	4	8.371125476892555e-06
turkish	araba_sevdasi	2	BF	4	8.371125476892555e-06
turkish	araba_sevdasi	2	ZF	1	2.0927813692231387e-06
turkish	araba_sevdasi	2	VN	1	2.0927813692231387e-06
turkish	araba_sevdasi	2	MQ	2	4.1855627384462775e-06
turkish	araba_sevdasi	2	UQ	1	2.0927813692231387e-06
turkish	araba_sevdasi	2	VT	2	4.1855627384462775e-06
turkish	araba_sevdasi	2	VW	4	8.371125476892555e-06
turkish	araba_sevdasi	2	XS	1	2.0927813692231387e-06
turkish	araba_sevdasi	2	PJ	2	4.1855627384462775e-06
turkish	araba_sevdasi	2	GK	2	4.1855627384462775e-06
turkish	araba_sevdasi	2	KJ	1	2.0927813692231387e-06
turkish	araba_sevdasi	2	KQ	2	4.1855627384462775e-06
turkish	araba_sevdasi	2	KX	1	2.0927813692231387e-06
turkish	araba_sevdasi	2	VF	1	2.0927813692231387e-06
turkish	mai_ve_siyah	2	PR	127	0.002094361714408219
turkish	mai_ve_siyah	2	RO	272	0.00448556209700028
turkish	mai_ve_siyah	2	OD	156	0.0025726017909266314
turkish	mai_ve_siyah	2	DU	54	0.0008905160045515262
turkish	mai_ve_siyah	2	UC	73	0.0012038457098566928
turkish	mai_ve_siyah	2	CE	152	0.002506637642441333
turkish	mai_ve_siyah	2	ED	945	0.01558403007965171
turkish	mai_ve_siyah	2	DB	165	0.0027210211250185525
turkish	mai_ve_siyah	2	BY	47	0.0007750787447022543
turkish	mai_ve_siyah	2	YJ	5	8.24551856066228e-05
turkish	mai_ve_siyah	2	JO	30	0.0004947311136397368
turkish	mai_ve_siyah	2	OE	17	0.0002803476310625175
turkish	mai_ve_siyah	2	EL	346	0.005705898843978298
turkish	mai_ve_siyah	2	LO	192	0.0031662791272943154
turkish	mai_ve_siyah	2	ON	463	0.007635350187173272
turkish	mai_ve_siyah	2	NG	506	0.008344464783390227
turkish	mai_ve_siyah	2	GO	126	0.0020778706772868944
turkish	mai_ve_siyah	2	EM	249	0.004106268243209816
turkish	mai_ve_siyah	2	MM	17	0.0002803476310625175
turkish	mai_ve_siyah	2	MY	50	0.000824551856066228
turkish	mai_ve_siyah	2	YA	121	0.001995415491680272
turkish	mai_ve_siyah	2	AN	814	0.013423704216758191
turkish	mai_ve_siyah	2	ND	631	0.010405844423555797
turkish	mai_ve_siyah	2	DT	331	0.00545853328715843
turkish	mai_ve_siyah	2	TH	1770	0.029189135704744473
turkish	mai_ve_siyah	2	HE	1798	0.02965088474414156
turkish	mai_ve_siyah	2	EO	187	0.0030838239416876925
turkish	mai_ve_siyah	2	NL	64	0.0010554263757647719
turkish	mai_ve_siyah	2	LI	194	0.0031992612015369648
turkish	mai_ve_siyah	2	IN	850	0.014017381553125876
turkish	mai_ve_siyah	2	NE	421	0.00694272662807764
turkish	mai_ve_siyah	2	DI	344	0.0056729167697356486
turkish	mai_ve_siyah	2	IS	459	0.007569386038687973
turkish	mai_ve_siyah	2	ST	560	0.009234980787941754
turkish	mai_ve_siyah	2	TR	135	0.0022262900113788156
turkish	mai_ve_siyah	2	RI	268	0.004419597948514982
turkish	mai_ve_siyah	2	IB	16	0.00026385659394119297
turkish	mai_ve_siyah	2	BU	141	0.002325236234106763
turkish	mai_ve_siyah	2	UT	278	0.0045845083197282276
turkish	mai_ve_siyah	2	TE	511	0.00842691996899685
turkish	mai_ve_siyah	2	DP	32	0.0005277131878823859
turkish	mai_ve_siyah	2	OO	269	0.0044360889856363064
turkish	mai_ve_siyah	2	OF	342	0.005639934695492999
turkish	mai_ve_siyah	2	FR	76	0.0012533188212206666
turkish	mai_ve_siyah	2	RE	761	0.01254967924932799
turkish	mai_ve_siyah	2	EA	637	0.010504790646283745
turkish	mai_ve_siyah	2	AD	528	0.008707267600059368
turkish	mai_ve_siyah	2	GT	95	0.0015666485265258333
turkish	mai_ve_siyah	2	AM	98	0.0016161216378898068
turkish	mai_ve_siyah	2	MA	197	0.0032487343129009383
turkish	mai_ve_siyah	2	AT	681	0.011230396279622025
turkish	mai_ve_siyah	2	HT	199	0.0032817163871435876
turkish	mai_ve_siyah	2	TT	325	0.005359587064430482
turkish	mai_ve_siyah	2	TP	30	0.0004947311136397368
turkish	mai_ve_siyah	2	PS	26	0.00042876696515443854
turkish	mai_ve_siyah	2	SW	95	0.0015666485265258333
turkish	mai_ve_siyah	2	WW	14	0.00023087451969854383
turkish	mai_ve_siyah	2	WP	3	4.947311136397368e-05
turkish	mai_ve_siyah	2	PG	2	3.298207424264912e-05
turkish	mai_ve_siyah	2	GD	7	0.00011543725984927191
turkish	mai_ve_siyah	2	PN	4	6.596414848529824e-05
turkish	mai_ve_siyah	2	ET	532	0.008773231748544667
turkish	mai_ve_siyah	2	TA	343	0.005656425732614324
turkish	mai_ve_siyah	2	AL	274	0.00451854417124293
turkish	mai_ve_siyah	2	LE	505	0.008327973746268903
turkish	mai_ve_siyah	2	FB	23	0.00037929385379046487
turkish	mai_ve_siyah	2	BE	657	0.010834611388710237
turkish	mai_ve_siyah	2	EN	948	0.015633503191015682
turkish	mai_ve_siyah	2	NN	381	0.006283085143224658
turkish	mai_ve_siyah	2	NY	457	0.007536403964445324
turkish	mai_ve_siyah	2	YB	262	0.004320651725787035
turkish	mai_ve_siyah	2	BA	257	0.004238196540180412
turkish	mai_ve_siyah	2	DG	226	0.0037269743894193506
turkish	mai_ve_siyah	2	GE	321	0.005293622915945184
turkish	mai_ve_siyah	2	ER	1100	0.018140140833457018
turkish	mai_ve_siyah	2	RS	229	0.003776447500783324
turkish	mai_ve_siyah	2	SL	66	0.001088408450007421
turkish	mai_ve_siyah	2	EE	309	0.005095730470489289
turkish	mai_ve_siyah	2	EP	175	0.002885931496231798
turkish	mai_ve_siyah	2	PY	25	0.000412275928033114
turkish	mai_ve_siyah	2	YT	146	0.0024076914197133856
turkish	mai_ve_siyah	2	TI	325	0.005359587064430482
turkish	mai_ve_siyah	2	IM	322	0.0053101139530665085
turkish	mai_ve_siyah	2	ME	380	0.006266594106103333
turkish	mai_ve_siyah	2	ES	535	0.00882270485990864
turkish	mai_ve_siyah	2	RA	334	0.005508006398522403
turkish	mai_ve_siyah	2	DE	321	0.005293622915945184
turkish	mai_ve_siyah	2	AR	351	0.00578835402958492
turkish	mai_ve_siyah	2	RK	62	0.0010224443015221228
turkish	mai_ve_siyah	2	KR	13	0.00021438348257721927
turkish	mai_ve_siyah	2	EG	142	0.0023417272712280873
turkish	mai_ve_siyah	2	GI	92	0.0015171754151618595
turkish	mai_ve_siyah	2	RT	219	0.003611537129570079
turkish	mai_ve_siyah	2	HU	68	0.00112139052425007
turkish	mai_ve_siyah	2	UR	195	0.0032157522386582894
turkish	mai_ve_siyah	2	SC	76	0.0012533188212206666
turkish	mai_ve_siyah	2	CO	293	0.004831873876548096
turkish	mai_ve_siyah	2	OT	402	0.006629396922772473
turkish	mai_ve_siyah	2	TB	149	0.0024571645310773596
turkish	mai_ve_siyah	2	AI	267	0.004403106911393658
turkish	mai_ve_siyah	2	IL	210	0.0034631177954781577
turkish	mai_ve_siyah	2	EY	163	0.002688039050775903
turkish	mai_ve_siyah	2	AU	51	0.0008410428931875525
turkish	mai_ve_siyah	2	HO	357	0.005887300252312868
turkish	mai_ve_siyah	2	OR	444	0.007322020481868105
turkish	mai_ve_siyah	2	FT	147	0.0024241824568347102
turkish	mai_ve_siyah	2	TU	71	0.0011708636356140437
turkish	mai_ve_siyah	2	CK	97	0.0015996306007684824
turkish	mai_ve_siyah	2	KM	9	0.00014841933409192104
turkish	mai_ve_siyah	2	EI	203	0.003347680535628886
turkish	mai_ve_siyah	2	NT	605	0.00997707745840136
turkish	mai_ve_siyah	2	FC	19	0.00031332970530516664
turkish	mai_ve_siyah	2	CU	14	0.00023087451969854383
turkish	mai_ve_siyah	2	UF	10	0.0001649103712132456
turkish	mai_ve_siyah	2	FF	60	0.0009894622272794737
turkish	mai_ve_siyah	2	FY	34	0.000560695262125035
turkish	mai_ve_siyah	2	SK	49	0.0008080608189449034
turkish	mai_ve_siyah	2	KY	20	0.0003298207424264912
turkish	mai_ve_siyah	2	YS	99	0.0016326126750111315
turkish	mai_ve_siyah	2	SQ	59	0.0009729711901581491
turkish	mai_ve_siyah	2	QU	112	0.0018469961575883506
turkish	mai_ve_siyah	2	UI	99	0.0016326126750111315
turkish	mai_ve_siyah	2	IR	200	0.003298207424264912
turkish	mai_ve_siyah	2	RR	112	0.0018469961575883506
turkish	mai_ve_siyah	2	LT	71	0.0011708636356140437
turkish	mai_ve_siyah	2	TO	696	0.011477761836441894
turkish	mai_ve_siyah	2	OM	254	0.004188723428816438
turkish	mai_ve_siyah	2	YF	42	0.0006926235590956315
turkish	mai_ve_siyah	2	FO	314	0.005178185656095912
turkish	mai_ve_siyah	2	OX	57	0.0009399891159155
turkish	mai_ve_siyah	2	XT	25	0.000412275928033114
turkish	mai_ve_siyah	2	FA	128	0.0021108527515295438
turkish	mai_ve_siyah	2	TY	73	0.0012038457098566928
turkish	mai_ve_siyah	2	YC	40	0.0006596414848529824
turkish	mai_ve_siyah	2	BI	31	0.0005112221507610614
turkish	mai_ve_siyah	2	LL	316	0.005211167730338561
turkish	mai_ve_siyah	2	LY	211	0.0034796088325994823
turkish	mai_ve_siyah	2	YW	92	0.0015171754151618595
turkish	mai_ve_siyah	2	WO	135	0.0022262900113788156
turkish	mai_ve_siyah	2	DC	29	0.00047824007651841227
turkish	mai_ve_siyah	2	CH	211	0.0034796088325994823
turkish	mai_ve_siyah	2	KT	28	0.00046174903939708766
turkish	mai_ve_siyah	2	FJ	5	8.24551856066228e-05
turkish	mai_ve_siyah	2	JI	2	3.298207424264912e-05
turkish	mai_ve_siyah	2	YR	29	0.00047824007651841227
turkish	mai_ve_siyah	2	AB	80	0.0013192829697059648
turkish	mai_ve_siyah	2	BB	8	0.00013192829697059648
turkish	mai_ve_siyah	2	IT	361	0.005953264400798166
turkish	mai_ve_siyah	2	FP	9	0.00014841933409192104
turkish	mai_ve_siyah	2	PE	154	0.0025396197166839825
turkish	mai_ve_siyah	2	RM	114	0.001879978231831
turkish	mai_ve_siyah	2	MI	148	0.002440673493956035
turkish	mai_ve_siyah	2	NK	44	0.0007256056333382806
turkish	mai_ve_siyah	2	FS	20	0.0003298207424264912
turkish	mai_ve_siyah	2	SA	336	0.005540988472765052
turkish	mai_ve_siyah	2	DY	81	0.0013357740068272895
turkish	mai_ve_siyah	2	HI	629	0.010372862349313148
turkish	mai_ve_siyah	2	IP	21	0.00034631177954781576
turkish	mai_ve_siyah	2	PM	6	9.894622272794736e-05
turkish	mai_ve_siyah	2	MU	69	0.0011378815613713946
turkish	mai_ve_siyah	2	UN	231	0.0038094295750259735
turkish	mai_ve_siyah	2	BR	41	0.000676132521974307
turkish	mai_ve_siyah	2	OW	269	0.0044360889856363064
turkish	mai_ve_siyah	2	WN	52	0.0008575339303088771
turkish	mai_ve_siyah	2	NI	108	0.0017810320091030524
turkish	mai_ve_siyah	2	IE	182	0.00300136875608107
turkish	mai_ve_siyah	2	EB	152	0.002506637642441333
turkish	mai_ve_siyah	2	AV	159	0.002622074902290605
turkish	mai_ve_siyah	2	VE	398	0.006563432774287175
turkish	mai_ve_siyah	2	PA	92	0.0015171754151618595
turkish	mai_ve_siyah	2	DD	77	0.0012698098583419912
turkish	mai_ve_siyah	2	YM	38	0.0006266594106103333
turkish	mai_ve_siyah	2	US	246	0.004056795131845842
turkish	mai_ve_siyah	2	FE	102	0.001682085786375105
turkish	mai_ve_siyah	2	RD	108	0.0017810320091030524
turkish	mai_ve_siyah	2	NA	143	0.002358218308349412
turkish	mai_ve_siyah	2	DF	64	0.0010554263757647719
turkish	mai_ve_siyah	2	OG	83	0.0013687560810699386
turkish	mai_ve_siyah	2	FD	16	0.00026385659394119297
turkish	mai_ve_siyah	2	IC	109	0.001797523046224377
turkish	mai_ve_siyah	2	KI	66	0.001088408450007421
turkish	mai_ve_siyah	2	MO	197	0.0032487343129009383
turkish	mai_ve_siyah	2	OU	826	0.013621596662214087
turkish	mai_ve_siyah	2	SE	442	0.007289038407625455
turkish	mai_ve_siyah	2	HY	23	0.00037929385379046487
turkish	mai_ve_siyah	2	TL	115	0.0018964692689523244
turkish	mai_ve_siyah	2	FM	20	0.0003298207424264912
turkish	mai_ve_siyah	2	AJ	6	9.894622272794736e-05
turkish	mai_ve_siyah	2	KE	216	0.003562064018206105
turkish	mai_ve_siyah	2	LU	44	0.0007256056333382806
turkish	mai_ve_siyah	2	IO	68	0.00112139052425007
turkish	mai_ve_siyah	2	NB	56	0.0009234980787941753
turkish	mai_ve_siyah	2	YD	32	0.0005277131878823859
turkish	mai_ve_siyah	2	DO	278	0.0045845083197282276
turkish	mai_ve_siyah	2	SN	95	0.0015666485265258333
turkish	mai_ve_siyah	2	IK	36	0.0005936773363676842
turkish	mai_ve_siyah	2	MR	201	0.0033146984613862365
turkish	mai_ve_siyah	2	RC	144	0.0023747093454707367
turkish	mai_ve_siyah	2	OY	150	0.002473655568198684
turkish	mai_ve_siyah	2	YO	418	0.006893253516713666
turkish	mai_ve_siyah	2	SS	183	0.0030178597932023943
turkish	mai_ve_siyah	2	SI	199	0.0032817163871435876
turkish	mai_ve_siyah	2	GS	88	0.0014512112666765613
turkish	mai_ve_siyah	2	RB	48	0.0007915697818235789
turkish	mai_ve_siyah	2	YH	95	0.0015666485265258333
turkish	mai_ve_siyah	2	HA	857	0.014132818812975147
turkish	mai_ve_siyah	2	RY	134	0.002209798974257491
turkish	mai_ve_siyah	2	YL	37	0.0006101683734890087
turkish	mai_ve_siyah	2	LS	79	0.0013027919325846403
turkish	mai_ve_siyah	2	SM	87	0.0014347202295552368
turkish	mai_ve_siyah	2	HN	6	9.894622272794736e-05
turkish	mai_ve_siyah	2	EW	342	0.005639934695492999
turkish	mai_ve_siyah	2	WY	13	0.00021438348257721927
turkish	mai_ve_siyah	2	KG	1	1.649103712132456e-05
turkish	mai_ve_siyah	2	GR	148	0.002440673493956035
turkish	mai_ve_siyah	2	OS	173	0.002852949421989149
turkish	mai_ve_siyah	2	TD	54	0.0008905160045515262
turkish	mai_ve_siyah	2	LA	223	0.003677501278055377
turkish	mai_ve_siyah	2	AP	122	0.002011906528801596
turkish	mai_ve_siyah	2	PP	95	0.0015666485265258333
turkish	mai_ve_siyah	2	PU	24	0.00039578489091178943
turkish	mai_ve_siyah	2	UB	32	0.0005277131878823859
turkish	mai_ve_siyah	2	BL	58	0.0009564801530368245
turkish	mai_ve_siyah	2	SH	302	0.004980293210640017
turkish	mai_ve_siyah	2	EU	21	0.00034631177954781576
turkish	mai_ve_siyah	2	DS	170	0.0028034763106251754
turkish	mai_ve_siyah	2	SO	283	0.004666963505334851
turkish	mai_ve_siyah	2	CA	131	0.0021603258628935173
turkish	mai_ve_siyah	2	AC	138	0.002275763122742789
turkish	mai_ve_siyah	2	OP	80	0.0013192829697059648
turkish	mai_ve_siyah	2	IG	221	0.0036445192038127277
turkish	mai_ve_siyah	2	GH	297	0.0048978380250333945
turkish	mai_ve_siyah	2	YG	11	0.00018140140833457016
turkish	mai_ve_siyah	2	PC	3	4.947311136397368e-05
turkish	mai_ve_siyah	2	TS	149	0.0024571645310773596
turkish	mai_ve_siyah	2	PT	45	0.0007420966704596052
turkish	mai_ve_siyah	2	RP	47	0.0007750787447022543
turkish	mai_ve_siyah	2	AG	114	0.001879978231831
turkish	mai_ve_siyah	2	IA	17	0.0002803476310625175
turkish	mai_ve_siyah	2	GG	70	0.0011543725984927192
turkish	mai_ve_siyah	2	II	31	0.0005112221507610614
turkish	mai_ve_siyah	2	IH	22	0.0003628028166691403
turkish	mai_ve_siyah	2	GF	29	0.00047824007651841227
turkish	mai_ve_siyah	2	NO	333	0.005491515361401078
turkish	mai_ve_siyah	2	IV	50	0.000824551856066228
turkish	mai_ve_siyah	2	VM	2	3.298207424264912e-05
turkish	mai_ve_siyah	2	SV	17	0.0002803476310625175
turkish	mai_ve_siyah	2	VS	2	3.298207424264912e-05
turkish	mai_ve_siyah	2	SP	115	0.0018964692689523244
turkish	mai_ve_siyah	2	AK	83	0.0013687560810699386
turkish	mai_ve_siyah	2	FG	9	0.00014841933409192104
turkish	mai_ve_siyah	2	VI	84	0.001385247118191263
turkish	mai_ve_siyah	2	TN	48	0.0007915697818235789
turkish	mai_ve_siyah	2	MB	49	0.0008080608189449034
turkish	mai_ve_siyah	2	AW	108	0.0017810320091030524
turkish	mai_ve_siyah	2	WA	399	0.006579923811408499
turkish	mai_ve_siyah	2	TC	77	0.0012698098583419912
turkish	mai_ve_siyah	2	DA	252	0.004155741354573789
turkish	mai_ve_siyah	2	IX	10	0.0001649103712132456
turkish	mai_ve_siyah	2	XA	21	0.00034631177954781576
turkish	mai_ve_siyah	2	LP	33	0.0005442042250037105
turkish	mai_ve_siyah	2	RX	1	1.649103712132456e-05
turkish	mai_ve_siyah	2	WX	2	3.298207424264912e-05
turkish	mai_ve_siyah	2	XI	23	0.00037929385379046487
turkish	mai_ve_siyah	2	SX	5	8.24551856066228e-05
turkish	mai_ve_siyah	2	EC	189	0.003116806015930342
turkish	mai_ve_siyah	2	NX	5	8.24551856066228e-05
turkish	mai_ve_siyah	2	ID	260	0.004287669651544385
turkish	mai_ve_siyah	2	TX	2	3.298207424264912e-05
turkish	mai_ve_siyah	2	VA	5	8.24551856066228e-05
turkish	mai_ve_siyah	2	AQ	5	8.24551856066228e-05
turkish	mai_ve_siyah	2	UE	33	0.0005442042250037105
turkish	mai_ve_siyah	2	OV	53	0.0008740249674302016
turkish	mai_ve_siyah	2	YX	4	6.596414848529824e-05
turkish	mai_ve_siyah	2	XV	8	0.00013192829697059648
turkish	mai_ve_siyah	2	VB	2	3.298207424264912e-05
turkish	mai_ve_siyah	2	WL	45	0.0007420966704596052
turkish	mai_ve_siyah	2	LX	2	3.298207424264912e-05
turkish	mai_ve_siyah	2	PO	94	0.0015501574894045086
turkish	mai_ve_siyah	2	OI	95	0.0015666485265258333
turkish	mai_ve_siyah	2	GA	143	0.002358218308349412
turkish	mai_ve_siyah	2	EX	59	0.0009729711901581491
turkish	mai_ve_siyah	2	GV	15	0.0002473655568198684
turkish	mai_ve_siyah	2	AY	151	0.0024901466053200085
turkish	mai_ve_siyah	2	XP	14	0.00023087451969854383
turkish	mai_ve_siyah	2	PL	135	0.0022262900113788156
turkish	mai_ve_siyah	2	AS	601	0.00991111330991606
turkish	mai_ve_siyah	2	XX	8	0.00013192829697059648
turkish	mai_ve_siyah	2	NC	103	0.0016985768234964297
turkish	mai_ve_siyah	2	WH	314	0.005178185656095912
turkish	mai_ve_siyah	2	KF	16	0.00026385659394119297
turkish	mai_ve_siyah	2	NV	9	0.00014841933409192104
turkish	mai_ve_siyah	2	RH	137	0.002259272085621465
turkish	mai_ve_siyah	2	NS	100	0.001649103712132456
turkish	mai_ve_siyah	2	SF	47	0.0007750787447022543
turkish	mai_ve_siyah	2	RL	38	0.0006266594106103333
turkish	mai_ve_siyah	2	EH	315	0.005194676693217237
turkish	mai_ve_siyah	2	HD	7	0.00011543725984927191
turkish	mai_ve_siyah	2	DR	48	0.0007915697818235789
turkish	mai_ve_siyah	2	YP	25	0.000412275928033114
turkish	mai_ve_siyah	2	RN	66	0.001088408450007421
turkish	mai_ve_siyah	2	HB	54	0.0008905160045515262
turkish	mai_ve_siyah	2	BO	118	0.0019459423803162982
turkish	mai_ve_siyah	2	NJ	9	0.00014841933409192104
turkish	mai_ve_siyah	2	YE	67	0.0011048994871287454
turkish	mai_ve_siyah	2	MP	37	0.0006101683734890087
turkish	mai_ve_siyah	2	HM	11	0.00018140140833457016
turkish	mai_ve_siyah	2	DH	245	0.004040304094724517
turkish	mai_ve_siyah	2	IF	108	0.0017810320091030524
turkish	mai_ve_siyah	2	MT	49	0.0008080608189449034
turkish	mai_ve_siyah	2	WI	166	0.002737512162139877
turkish	mai_ve_siyah	2	LD	217	0.0035785550553274295
turkish	mai_ve_siyah	2	UL	207	0.003413644684114184
turkish	mai_ve_siyah	2	DN	150	0.002473655568198684
turkish	mai_ve_siyah	2	BT	13	0.00021438348257721927
turkish	mai_ve_siyah	2	NF	35	0.0005771862992463596
turkish	mai_ve_siyah	2	RW	71	0.0011708636356140437
turkish	mai_ve_siyah	2	OB	99	0.0016326126750111315
turkish	mai_ve_siyah	2	YI	60	0.0009894622272794737
turkish	mai_ve_siyah	2	FH	67	0.0011048994871287454
turkish	mai_ve_siyah	2	EK	30	0.0004947311136397368
turkish	mai_ve_siyah	2	KN	57	0.0009399891159155
turkish	mai_ve_siyah	2	UG	129	0.0021273437886508684
turkish	mai_ve_siyah	2	HH	49	0.0008080608189449034
turkish	mai_ve_siyah	2	CI	23	0.00037929385379046487
turkish	mai_ve_siyah	2	LN	9	0.00014841933409192104
turkish	mai_ve_siyah	2	EV	149	0.0024571645310773596
turkish	mai_ve_siyah	2	YN	24	0.00039578489091178943
turkish	mai_ve_siyah	2	OK	98	0.0016161216378898068
turkish	mai_ve_siyah	2	DW	80	0.0013192829697059648
turkish	mai_ve_siyah	2	WE	122	0.002011906528801596
turkish	mai_ve_siyah	2	NH	107	0.001764540971981728
turkish	mai_ve_siyah	2	PI	48	0.0007915697818235789
turkish	mai_ve_siyah	2	OH	82	0.001352265043948614
turkish	mai_ve_siyah	2	SB	86	0.0014182291924339121
turkish	mai_ve_siyah	2	WB	7	0.00011543725984927191
turkish	mai_ve_siyah	2	NR	8	0.00013192829697059648
turkish	mai_ve_siyah	2	AF	70	0.0011543725984927192
turkish	mai_ve_siyah	2	MN	8	0.00013192829697059648
turkish	mai_ve_siyah	2	WT	36	0.0005936773363676842
turkish	mai_ve_siyah	2	RF	90	0.0014841933409192104
turkish	mai_ve_siyah	2	OL	200	0.003298207424264912
turkish	mai_ve_siyah	2	LK	23	0.00037929385379046487
turkish	mai_ve_siyah	2	KW	11	0.00018140140833457016
turkish	mai_ve_siyah	2	OA	49	0.0008080608189449034
turkish	mai_ve_siyah	2	DM	94	0.0015501574894045086
turkish	mai_ve_siyah	2	FI	71	0.0011708636356140437
turkish	mai_ve_siyah	2	GW	27	0.0004452580022757631
turkish	mai_ve_siyah	2	FU	46	0.0007585877075809297
turkish	mai_ve_siyah	2	LB	26	0.00042876696515443854
turkish	mai_ve_siyah	2	TW	133	0.0021933079371361667
turkish	mai_ve_siyah	2	GC	6	9.894622272794736e-05
turkish	mai_ve_siyah	2	CL	39	0.0006431504477316578
turkish	mai_ve_siyah	2	WS	34	0.000560695262125035
turkish	mai_ve_siyah	2	TF	53	0.0008740249674302016
turkish	mai_ve_siyah	2	FL	28	0.00046174903939708766
turkish	mai_ve_siyah	2	JU	29	0.00047824007651841227
turkish	mai_ve_siyah	2	EF	156	0.0025726017909266314
turkish	mai_ve_siyah	2	TG	16	0.00026385659394119297
turkish	mai_ve_siyah	2	MS	60	0.0009894622272794737
turkish	mai_ve_siyah	2	KS	14	0.00023087451969854383
turkish	mai_ve_siyah	2	BJ	7	0.00011543725984927191
turkish	mai_ve_siyah	2	JE	11	0.00018140140833457016
turkish	mai_ve_siyah	2	CT	52	0.0008575339303088771
turkish	mai_ve_siyah	2	VO	14	0.00023087451969854383
turkish	mai_ve_siyah	2	AH	40	0.0006596414848529824
turkish	mai_ve_siyah	2	GB	43	0.0007091145962169561
turkish	mai_ve_siyah	2	KH	11	0.00018140140833457016
turkish	mai_ve_siyah	2	MF	9	0.00014841933409192104
turkish	mai_ve_siyah	2	MW	22	0.0003628028166691403
turkish	mai_ve_siyah	2	KL	14	0.00023087451969854383
turkish	mai_ve_siyah	2	LV	4	6.596414848529824e-05
turkish	mai_ve_siyah	2	UP	66	0.001088408450007421
turkish	mai_ve_siyah	2	TM	103	0.0016985768234964297
turkish	mai_ve_siyah	2	SU	99	0.0016326126750111315
turkish	mai_ve_siyah	2	XC	18	0.0002968386681838421
turkish	mai_ve_siyah	2	WK	2	3.298207424264912e-05
turkish	mai_ve_siyah	2	VY	3	4.947311136397368e-05
turkish	mai_ve_siyah	2	UA	27	0.0004452580022757631
turkish	mai_ve_siyah	2	OC	24	0.00039578489091178943
turkish	mai_ve_siyah	2	TK	8	0.00013192829697059648
turkish	mai_ve_siyah	2	WM	19	0.00031332970530516664
turkish	mai_ve_siyah	2	HW	13	0.00021438348257721927
turkish	mai_ve_siyah	2	NP	10	0.0001649103712132456
turkish	mai_ve_siyah	2	IZ	5	8.24551856066228e-05
turkish	mai_ve_siyah	2	ZI	2	3.298207424264912e-05
turkish	mai_ve_siyah	2	LJ	3	4.947311136397368e-05
turkish	mai_ve_siyah	2	JA	8	0.00013192829697059648
turkish	mai_ve_siyah	2	CR	53	0.0008740249674302016
turkish	mai_ve_siyah	2	MG	13	0.00021438348257721927
turkish	mai_ve_siyah	2	YK	7	0.00011543725984927191
turkish	mai_ve_siyah	2	DJ	12	0.00019789244545589471
turkish	mai_ve_siyah	2	ML	3	4.947311136397368e-05
turkish	mai_ve_siyah	2	SD	33	0.0005442042250037105
turkish	mai_ve_siyah	2	LF	55	0.0009070070416728508
turkish	mai_ve_siyah	2	KO	19	0.00031332970530516664
turkish	mai_ve_siyah	2	KA	32	0.0005277131878823859
turkish	mai_ve_siyah	2	PW	8	0.00013192829697059648
turkish	mai_ve_siyah	2	SY	20	0.0003298207424264912
turkish	mai_ve_siyah	2	KP	3	4.947311136397368e-05
turkish	mai_ve_siyah	2	HS	18	0.0002968386681838421
turkish	mai_ve_siyah	2	VD	1	1.649103712132456e-05
turkish	mai_ve_siyah	2	HC	1	1.649103712132456e-05
turkish	mai_ve_siyah	2	LM	21	0.00034631177954781576
turkish	mai_ve_siyah	2	RU	53	0.0008740249674302016
turkish	mai_ve_siyah	2	KU	1	1.649103712132456e-05
turkish	mai_ve_siyah	2	LW	20	0.0003298207424264912
turkish	mai_ve_siyah	2	DL	67	0.0011048994871287454
turkish	mai_ve_siyah	2	MH	28	0.00046174903939708766
turkish	mai_ve_siyah	2	PH	20	0.0003298207424264912
turkish	mai_ve_siyah	2	GN	14	0.00023087451969854383
turkish	mai_ve_siyah	2	UM	42	0.0006926235590956315
turkish	mai_ve_siyah	2	SJ	7	0.00011543725984927191
turkish	mai_ve_siyah	2	FW	8	0.00013192829697059648
turkish	mai_ve_siyah	2	UW	19	0.00031332970530516664
turkish	mai_ve_siyah	2	LH	30	0.0004947311136397368
turkish	mai_ve_siyah	2	NM	28	0.00046174903939708766
turkish	mai_ve_siyah	2	RG	27	0.0004452580022757631
turkish	mai_ve_siyah	2	HP	4	6.596414848529824e-05
turkish	mai_ve_siyah	2	HR	30	0.0004947311136397368
turkish	mai_ve_siyah	2	GL	33	0.0005442042250037105
turkish	mai_ve_siyah	2	HF	13	0.00021438348257721927
turkish	mai_ve_siyah	2	NU	15	0.0002473655568198684
turkish	mai_ve_siyah	2	KB	10	0.0001649103712132456
turkish	mai_ve_siyah	2	SG	23	0.00037929385379046487
turkish	mai_ve_siyah	2	NW	36	0.0005936773363676842
turkish	mai_ve_siyah	2	DV	14	0.00023087451969854383
turkish	mai_ve_siyah	2	PF	7	0.00011543725984927191
turkish	mai_ve_siyah	2	UD	50	0.000824551856066228
turkish	mai_ve_siyah	2	GU	21	0.00034631177954781576
turkish	mai_ve_siyah	2	LC	6	9.894622272794736e-05
turkish	mai_ve_siyah	2	GJ	2	3.298207424264912e-05
turkish	mai_ve_siyah	2	KJ	1	1.649103712132456e-05
turkish	mai_ve_siyah	2	KD	9	0.00014841933409192104
turkish	mai_ve_siyah	2	HG	10	0.0001649103712132456
turkish	mai_ve_siyah	2	WF	7	0.00011543725984927191
turkish	mai_ve_siyah	2	LG	6	9.894622272794736e-05
turkish	mai_ve_siyah	2	WC	5	8.24551856066228e-05
turkish	mai_ve_siyah	2	AZ	9	0.00014841933409192104
turkish	mai_ve_siyah	2	ZY	5	8.24551856066228e-05
turkish	mai_ve_siyah	2	MD	6	9.894622272794736e-05
turkish	mai_ve_siyah	2	IW	18	0.0002968386681838421
turkish	mai_ve_siyah	2	YU	4	6.596414848529824e-05
turkish	mai_ve_siyah	2	WJ	1	1.649103712132456e-05
turkish	mai_ve_siyah	2	GP	6	9.894622272794736e-05
turkish	mai_ve_siyah	2	SR	7	0.00011543725984927191
turkish	mai_ve_siyah	2	FV	4	6.596414848529824e-05
turkish	mai_ve_siyah	2	HL	3	4.947311136397368e-05
turkish	mai_ve_siyah	2	GM	20	0.0003298207424264912
turkish	mai_ve_siyah	2	YY	20	0.0003298207424264912
turkish	mai_ve_siyah	2	PK	5	8.24551856066228e-05
turkish	mai_ve_siyah	2	PB	6	9.894622272794736e-05
turkish	mai_ve_siyah	2	YV	7	0.00011543725984927191
turkish	mai_ve_siyah	2	IQ	1	1.649103712132456e-05
turkish	mai_ve_siyah	2	UV	7	0.00011543725984927191
turkish	mai_ve_siyah	2	WD	6	9.894622272794736e-05
turkish	mai_ve_siyah	2	TV	4	6.596414848529824e-05
turkish	mai_ve_siyah	2	MQ	2	3.298207424264912e-05
turkish	mai_ve_siyah	2	EQ	7	0.00011543725984927191
turkish	mai_ve_siyah	2	EJ	5	8.24551856066228e-05
turkish	mai_ve_siyah	2	FN	4	6.596414848529824e-05
turkish	mai_ve_siyah	2	NQ	11	0.00018140140833457016
turkish	mai_ve_siyah	2	WG	1	1.649103712132456e-05
turkish	mai_ve_siyah	2	UK	6	9.894622272794736e-05
turkish	mai_ve_siyah	2	MC	6	9.894622272794736e-05
turkish	mai_ve_siyah	2	OZ	4	6.596414848529824e-05
turkish	mai_ve_siyah	2	ZE	11	0.00018140140833457016
turkish	mai_ve_siyah	2	DQ	5	8.24551856066228e-05
turkish	mai_ve_siyah	2	BS	1	1.649103712132456e-05
turkish	mai_ve_siyah	2	XB	8	0.00013192829697059648
turkish	mai_ve_siyah	2	KV	2	3.298207424264912e-05
turkish	mai_ve_siyah	2	OQ	3	4.947311136397368e-05
turkish	mai_ve_siyah	2	XE	5	8.24551856066228e-05
turkish	mai_ve_siyah	2	OJ	7	0.00011543725984927191
turkish	mai_ve_siyah	2	UZ	3	4.947311136397368e-05
turkish	mai_ve_siyah	2	ZZ	3	4.947311136397368e-05
turkish	mai_ve_siyah	2	ZL	3	4.947311136397368e-05
turkish	mai_ve_siyah	2	HV	1	1.649103712132456e-05
turkish	mai_ve_siyah	2	GY	5	8.24551856066228e-05
turkish	mai_ve_siyah	2	CS	1	1.649103712132456e-05
turkish	mai_ve_siyah	2	DK	4	6.596414848529824e-05
turkish	mai_ve_siyah	2	CC	5	8.24551856066228e-05
turkish	mai_ve_siyah	2	LR	13	0.00021438348257721927
turkish	mai_ve_siyah	2	UH	7	0.00011543725984927191
turkish	mai_ve_siyah	2	PJ	1	1.649103712132456e-05
turkish	mai_ve_siyah	2	RQ	2	3.298207424264912e-05
turkish	mai_ve_siyah	2	GQ	3	4.947311136397368e-05
turkish	mai_ve_siyah	2	DX	3	4.947311136397368e-05
turkish	mai_ve_siyah	2	HJ	1	1.649103712132456e-05
turkish	mai_ve_siyah	2	KQ	2	3.298207424264912e-05
turkish	mai_ve_siyah	2	MX	1	1.649103712132456e-05
turkish	mai_ve_siyah	2	XW	9	0.00014841933409192104
turkish	mai_ve_siyah	2	FQ	1	1.649103712132456e-05
turkish	mai_ve_siyah	2	XL	3	4.947311136397368e-05
turkish	mai_ve_siyah	2	XS	4	6.596414848529824e-05
turkish	mai_ve_siyah	2	XR	4	6.596414848529824e-05
turkish	mai_ve_siyah	2	YQ	2	3.298207424264912e-05
turkish	mai_ve_siyah	2	XG	1	1.649103712132456e-05
turkish	mai_ve_siyah	2	TJ	2	3.298207424264912e-05
turkish	mai_ve_siyah	2	TQ	8	0.00013192829697059648
turkish	mai_ve_siyah	2	XD	2	3.298207424264912e-05
turkish	mai_ve_siyah	2	XH	3	4.947311136397368e-05
turkish	mai_ve_siyah	2	MK	1	1.649103712132456e-05
turkish	mai_ve_siyah	2	XO	3	4.947311136397368e-05
turkish	mai_ve_siyah	2	XN	1	1.649103712132456e-05
turkish	mai_ve_siyah	2	RV	5	8.24551856066228e-05
turkish	mai_ve_siyah	2	FX	1	1.649103712132456e-05
turkish	mai_ve_siyah	2	RJ	4	6.596414848529824e-05
turkish	mai_ve_siyah	2	AO	2	3.298207424264912e-05
turkish	mai_ve_siyah	2	WR	11	0.00018140140833457016
turkish	mai_ve_siyah	2	LQ	1	1.649103712132456e-05
turkish	mai_ve_siyah	2	UO	1	1.649103712132456e-05
turkish	mai_ve_siyah	2	UU	1	1.649103712132456e-05
turkish	mai_ve_siyah	2	AA	1	1.649103712132456e-05
turkish	mai_ve_siyah	2	KC	1	1.649103712132456e-05
turkish	mai_ve_siyah	2	CY	1	1.649103712132456e-05
turkish	mai_ve_siyah	2	PD	1	1.649103712132456e-05
turkish	mai_ve_siyah	2	UJ	1	1.649103712132456e-05
turkish	mai_ve_siyah	2	UY	2	3.298207424264912e-05
turkish	mai_ve_siyah	2	WV	1	1.649103712132456e-05
turkish	mai_ve_siyah	2	IU	1	1.649103712132456e-05
turkish	mai_ve_siyah	2	MJ	1	1.649103712132456e-05
turkish	mai_ve_siyah	2	FK	1	1.649103712132456e-05
turkish	mai_ve_siyah	2	BV	2	3.298207424264912e-05
turkish	serguzest	2	ET	3025	0.008192436958859071
turkish	serguzest	2	TE	2690	0.007285175345233355
turkish	serguzest	2	EX	306	0.0008287225485655788
turkish	serguzest	2	XT	46	0.00012457920664711315
turkish	serguzest	2	TP	164	0.00044415195413318603
turkish	serguzest	2	PR	774	0.002096180564018817
turkish	serguzest	2	RE	5096	0.013801209501601927
turkish	serguzest	2	EP	951	0.002575539685247926
turkish	serguzest	2	PA	603	0.0016330709045262876
turkish	serguzest	2	AR	2582	0.006992685033974916
turkish	serguzest	2	ED	4369	0.011832316387852987
turkish	serguzest	2	DB	647	0.001752233623927874
turkish	serguzest	2	BY	483	0.001308081669794688
turkish	serguzest	2	YA	648	0.0017549418675506373
turkish	serguzest	2	AL	2141	0.005798349596336288
turkish	serguzest	2	LH	125	0.00033853045284541614
turkish	serguzest	2	HA	5384	0.014581183664957765
turkish	serguzest	2	AI	1275	0.003453010619023245
turkish	serguzest	2	IN	6632	0.017961071706166398
turkish	serguzest	2	NE	2174	0.0058877216358874775
turkish	serguzest	2	ES	4186	0.011336707804887297
turkish	serguzest	2	ST	3773	0.010218203188686041
turkish	serguzest	2	TH	10855	0.02939798452509594
turkish	serguzest	2	HE	9123	0.024707306570469854
turkish	serguzest	2	PO	827	0.0022397174760252735
turkish	serguzest	2	OM	2026	0.005486901579718505
turkish	serguzest	2	MP	321	0.0008693462029070288
turkish	serguzest	2	OF	2450	0.006635196875770156
turkish	serguzest	2	FY	129	0.0003493634273364695
turkish	serguzest	2	YE	586	0.001587030762939311
turkish	serguzest	2	ER	6112	0.01655278502232947
turkish	serguzest	2	RD	719	0.0019472271647668338
turkish	serguzest	2	DA	1527	0.004135488011959604
turkish	serguzest	2	AY	917	0.002483459402073973
turkish	serguzest	2	YB	323	0.0008747626901525554
turkish	serguzest	2	YJ	27	7.312257781460989e-05
turkish	serguzest	2	JO	119	0.0003222809911088362
turkish	serguzest	2	OS	1039	0.0028138651240510993
turkish	serguzest	2	SE	2626	0.007111847753376503
turkish	serguzest	2	PH	95	0.00025728314416251626
turkish	serguzest	2	HH	220	0.0005958135970079324
turkish	serguzest	2	HO	2040	0.0055248169904371916
turkish	serguzest	2	OC	302	0.0008178895740745255
turkish	serguzest	2	CK	566	0.0015328658904840444
turkish	serguzest	2	KI	583	0.001578906032071021
turkish	serguzest	2	NG	3635	0.009844465568744703
turkish	serguzest	2	GA	697	0.0018876458050660406
turkish	serguzest	2	AU	478	0.0012945404516808714
turkish	serguzest	2	UT	1972	0.0053406564240892854
turkish	serguzest	2	OR	2983	0.008078690726703011
turkish	serguzest	2	RO	1475	0.003994659343575911
turkish	serguzest	2	FA	809	0.0021909690908155336
turkish	serguzest	2	LL	2278	0.006169378972654864
turkish	serguzest	2	LF	237	0.000641853738594909
turkish	serguzest	2	FO	1417	0.0038375812134556378
turkish	serguzest	2	RA	1530	0.0041436127428278935
turkish	serguzest	2	AS	3718	0.010069249789434059
turkish	serguzest	2	SC	612	0.0016574450971311575
turkish	serguzest	2	CR	337	0.000912678100871242
turkish	serguzest	2	AP	671	0.001817231470874194
turkish	serguzest	2	FP	55	0.0001489533992519831
turkish	serguzest	2	PE	956	0.0025890809033617427
turkish	serguzest	2	DE	1773	0.004801715943159383
turkish	serguzest	2	EA	4000	0.010832974491053316
turkish	serguzest	2	RT	1260	0.003412386964681795
turkish	serguzest	2	AN	5608	0.015187830236456751
turkish	serguzest	2	NL	417	0.0011293375906923082
turkish	serguzest	2	LI	2065	0.005592523081006275
turkish	serguzest	2	IF	753	0.002039307447940787
turkish	serguzest	2	FE	848	0.0022965905921033033
turkish	serguzest	2	EC	1586	0.00429527438570264
turkish	serguzest	2	CU	464	0.0012566250409621847
turkish	serguzest	2	UR	1687	0.004568806991601736
turkish	serguzest	2	TA	1950	0.0052810750643884925
turkish	serguzest	2	NO	2665	0.007217469254664273
turkish	serguzest	2	FF	286	0.0007745576761103122
turkish	serguzest	2	FI	932	0.002524083056415423
turkish	serguzest	2	IR	992	0.0026865776737812225
turkish	serguzest	2	EE	1803	0.004882963251842283
turkish	serguzest	2	TC	287	0.0007772659197330755
turkish	serguzest	2	CF	4	1.0832974491053318e-05
turkish	serguzest	2	RF	259	0.0007014350982957022
turkish	serguzest	2	AM	1043	0.0028246980985421524
turkish	serguzest	2	ME	3230	0.008747626901525554
turkish	serguzest	2	DO	1517	0.004108405575731971
turkish	serguzest	2	OU	5296	0.014342858226154592
turkish	serguzest	2	RN	542	0.0014678680435377244
turkish	serguzest	2	NA	1345	0.0036425876726166777
turkish	serguzest	2	AV	1059	0.0028680299965063655
turkish	serguzest	2	VI	602	0.0016303626609035242
turkish	serguzest	2	IE	1292	0.0034990507606102216
turkish	serguzest	2	SM	443	0.001199751924884155
turkish	serguzest	2	EL	2311	0.006258751012206054
turkish	serguzest	2	LT	622	0.0016845275333587908
turkish	serguzest	2	AW	540	0.0014624515562921979
turkish	serguzest	2	WA	2422	0.0065593660543327836
turkish	serguzest	2	YO	2316	0.0062722922303198704
turkish	serguzest	2	ON	3814	0.010329241177219338
turkish	serguzest	2	ND	4171	0.011296084150545846
turkish	serguzest	2	DU	265	0.0007176845600322823
turkish	serguzest	2	UN	982	0.002659495237553589
turkish	serguzest	2	DH	808	0.00218826084719277
turkish	serguzest	2	AD	1800	0.0048748385209739925
turkish	serguzest	2	DL	418	0.0011320458343150716
turkish	serguzest	2	LA	1222	0.0033094737070167883
turkish	serguzest	2	DS	1055	0.0028571970220153124
turkish	serguzest	2	SI	2080	0.005633146735347725
turkish	serguzest	2	NK	423	0.0011455870524288883
turkish	serguzest	2	KS	131	0.00035477991458199613
turkish	serguzest	2	EF	926	0.0025078335946788427
turkish	serguzest	2	LO	1504	0.004073198408636047
turkish	serguzest	2	OA	352	0.0009533017552126919
turkish	serguzest	2	YI	683	0.001849730394347354
turkish	serguzest	2	IS	3509	0.009503226872276522
turkish	serguzest	2	SO	1809	0.004899212713578863
turkish	serguzest	2	EW	2055	0.0055654406447786416
turkish	serguzest	2	WI	1243	0.0033663468230948185
turkish	serguzest	2	IT	3148	0.00852555092445896
turkish	serguzest	2	HN	55	0.0001489533992519831
turkish	serguzest	2	NI	1262	0.0034178034519273216
turkish	serguzest	2	EV	1005	0.002721784840877146
turkish	serguzest	2	VE	2753	0.007455794693467446
turkish	serguzest	2	EH	1277	0.0034584271062687716
turkish	serguzest	2	DT	1689	0.004574223478847264
turkish	serguzest	2	TY	712	0.0019282694594074904
turkish	serguzest	2	YR	90	0.00024374192604869965
turkish	serguzest	2	EG	577	0.001562656570334441
turkish	serguzest	2	GO	985	0.0026676199684218796
turkish	serguzest	2	OD	652	0.0017657748420416906
turkish	serguzest	2	FT	997	0.002700118891895039
turkish	serguzest	2	EN	4242	0.011488369447762043
turkish	serguzest	2	AT	4324	0.011710445424828636
turkish	serguzest	2	TI	3410	0.009235110753622953
turkish	serguzest	2	IO	975	0.0026405375321942462
turkish	serguzest	2	NS	1232	0.0033365561432444216
turkish	serguzest	2	SS	1337	0.003620921723634571
turkish	serguzest	2	SP	985	0.0026676199684218796
turkish	serguzest	2	EU	152	0.00041165303066002606
turkish	serguzest	2	US	1574	0.00426277546222948
turkish	serguzest	2	SY	187	0.0005064415574567426
turkish	serguzest	2	TL	685	0.0018551468815928805
turkish	serguzest	2	LE	1936	0.005243159653669806
turkish	serguzest	2	TW	1038	0.0028111568804283357
turkish	serguzest	2	WE	1689	0.004574223478847264
turkish	serguzest	2	RG	328	0.0008883039082663721
turkish	serguzest	2	GE	1487	0.004027158267049071
turkish	serguzest	2	TR	838	0.00226950815587567
turkish	serguzest	2	RU	324	0.0008774709337753187
turkish	serguzest	2	UD	285	0.0007718494324875488
turkish	serguzest	2	DY	472	0.0012782909899442913
turkish	serguzest	2	DK	34	9.20802831739532e-05
turkish	serguzest	2	IP	94	0.00025457490053975294
turkish	serguzest	2	PL	798	0.0021611784109651366
turkish	serguzest	2	GH	1458	0.003948619201988934
turkish	serguzest	2	DD	381	0.0010318408202728284
turkish	serguzest	2	TO	4038	0.010935887748718323
turkish	serguzest	2	UG	831	0.0022505504505163265
turkish	serguzest	2	HT	1057	0.002862613509260839
turkish	serguzest	2	NN	217	0.0005876888661396425
turkish	serguzest	2	WY	52	0.00014082866838369313
turkish	serguzest	2	RK	183	0.0004956085829656893
turkish	serguzest	2	KT	175	0.00047394263398358263
turkish	serguzest	2	NT	3624	0.009814674888894306
turkish	serguzest	2	OJ	15	4.062365434144994e-05
turkish	serguzest	2	GS	321	0.0008693462029070288
turkish	serguzest	2	SG	175	0.00047394263398358263
turkish	serguzest	2	GR	467	0.0012647497718304749
turkish	serguzest	2	RS	1213	0.0032850995144119185
turkish	serguzest	2	RI	2070	0.0056060642991200916
turkish	serguzest	2	SA	2464	0.006673112286488843
turkish	serguzest	2	IC	1502	0.004067781921390521
turkish	serguzest	2	CE	1352	0.003661545377976021
turkish	serguzest	2	EO	1102	0.0029844844722851887
turkish	serguzest	2	HR	213	0.0005768558916485891
turkish	serguzest	2	FG	68	0.0001841605663479064
turkish	serguzest	2	GL	327	0.0008855956646436087
turkish	serguzest	2	RY	947	0.002564706710756873
turkish	serguzest	2	YT	737	0.0019959755499765735
turkish	serguzest	2	MM	181	0.0004901920957201626
turkish	serguzest	2	MY	803	0.0021747196290789533
turkish	serguzest	2	EM	1743	0.004720468634476483
turkish	serguzest	2	MA	1994	0.005400237783790078
turkish	serguzest	2	ID	1517	0.004108405575731971
turkish	serguzest	2	OT	2167	0.0058687639305281345
turkish	serguzest	2	SB	438	0.0011862107067703383
turkish	serguzest	2	GF	329	0.0008910121518891353
turkish	serguzest	2	AC	1088	0.0029465690615665023
turkish	serguzest	2	CI	300	0.0008124730868289988
turkish	serguzest	2	FU	287	0.0007772659197330755
turkish	serguzest	2	UL	1200	0.0032498923473159953
turkish	serguzest	2	OE	164	0.00044415195413318603
turkish	serguzest	2	RM	673	0.0018226479581197207
turkish	serguzest	2	MO	941	0.0025484572490202927
turkish	serguzest	2	OO	1208	0.003271558296298102
turkish	serguzest	2	DF	326	0.0008828874210208453
turkish	serguzest	2	IL	1409	0.0038159152644735308
turkish	serguzest	2	LD	1458	0.003948619201988934
turkish	serguzest	2	SR	146	0.00039540356892344607
turkish	serguzest	2	OH	496	0.0013432888368906113
turkish	serguzest	2	FD	48	0.00012999569389263982
turkish	serguzest	2	MI	938	0.002540332518152003
turkish	serguzest	2	CW	3	8.124730868289989e-06
turkish	serguzest	2	OL	981	0.002656786993930826
turkish	serguzest	2	OW	1646	0.00445776900306844
turkish	serguzest	2	WT	223	0.0006039383278762224
turkish	serguzest	2	MD	38	0.00010291325766500651
turkish	serguzest	2	BA	332	0.0008991368827574253
turkish	serguzest	2	GT	631	0.0017089017259636608
turkish	serguzest	2	DC	228	0.0006174795459900391
turkish	serguzest	2	SL	406	0.0010995469108419117
turkish	serguzest	2	TU	500	0.0013541218113816646
turkish	serguzest	2	SN	476	0.0012891239644353448
turkish	serguzest	2	TT	1971	0.005337948180466522
turkish	serguzest	2	SU	764	0.0020690981277911836
turkish	serguzest	2	IM	1332	0.0036073805055207545
turkish	serguzest	2	UC	343	0.000928927562607822
turkish	serguzest	2	CC	120	0.00032498923473159953
turkish	serguzest	2	SW	845	0.0022884658612350134
turkish	serguzest	2	LB	189	0.0005118580447022692
turkish	serguzest	2	BE	2408	0.006521450643614097
turkish	serguzest	2	OV	422	0.0011428788088061249
turkish	serguzest	2	LY	1622	0.00439277115612212
turkish	serguzest	2	FN	33	8.937203955118986e-05
turkish	serguzest	2	TM	602	0.0016303626609035242
turkish	serguzest	2	HW	140	0.0003791541071868661
turkish	serguzest	2	WH	2324	0.0062939581793019774
turkish	serguzest	2	HI	3637	0.009849882055990229
turkish	serguzest	2	CH	1120	0.0030332328574949287
turkish	serguzest	2	PU	144	0.0003899870816779194
turkish	serguzest	2	RR	364	0.0009858006786858519
turkish	serguzest	2	IG	808	0.00218826084719277
turkish	serguzest	2	GI	582	0.0015761977884482577
turkish	serguzest	2	CO	1692	0.004582348209715553
turkish	serguzest	2	NV	109	0.0002951985548812029
turkish	serguzest	2	CT	527	0.0014272443891962746
turkish	serguzest	2	TF	336	0.0009099698572484786
turkish	serguzest	2	ML	45	0.00012187096302434982
turkish	serguzest	2	RL	371	0.001004758384045195
turkish	serguzest	2	FS	131	0.00035477991458199613
turkish	serguzest	2	HB	65	0.0001760358354796164
turkish	serguzest	2	YG	122	0.0003304057219771262
turkish	serguzest	2	LS	339	0.0009180945881167687
turkish	serguzest	2	RW	393	0.0010643397437459885
turkish	serguzest	2	IA	717	0.001941810677521307
turkish	serguzest	2	MR	27	7.312257781460989e-05
turkish	serguzest	2	OB	389	0.0010535067692549352
turkish	serguzest	2	TS	1125	0.0030467740756087453
turkish	serguzest	2	NM	280	0.0007583082143737322
turkish	serguzest	2	RC	320	0.0008666379592842654
turkish	serguzest	2	HC	31	8.39555523056632e-05
turkish	serguzest	2	PI	288	0.0007799741633558388
turkish	serguzest	2	NW	497	0.0013459970805133746
turkish	serguzest	2	II	111	0.0003006150421267296
turkish	serguzest	2	OG	254	0.0006878938801818857
turkish	serguzest	2	GG	185	0.000501025070211216
turkish	serguzest	2	EB	790	0.00213951246198303
turkish	serguzest	2	BB	21	5.6873116078029915e-05
turkish	serguzest	2	BH	2	5.416487245526659e-06
turkish	serguzest	2	AB	856	0.00231825654108541
turkish	serguzest	2	YN	248	0.0006716444184453056
turkish	serguzest	2	IV	607	0.0016439038790173408
turkish	serguzest	2	CA	1130	0.003060315293722562
turkish	serguzest	2	PT	296	0.0008016401123379454
turkish	serguzest	2	DV	61	0.0001652028609885631
turkish	serguzest	2	VH	2	5.416487245526659e-06
turkish	serguzest	2	WO	943	0.0025538737362658195
turkish	serguzest	2	KE	1114	0.003016983395758349
turkish	serguzest	2	CL	223	0.0006039383278762224
turkish	serguzest	2	DG	483	0.001308081669794688
turkish	serguzest	2	UM	519	0.0014055784402141678
turkish	serguzest	2	MB	664	0.0017982737655148507
turkish	serguzest	2	YV	25	6.770609056908323e-05
turkish	serguzest	2	LU	316	0.0008558049847932121
turkish	serguzest	2	IB	246	0.000666227931199779
turkish	serguzest	2	SD	226	0.0006120630587445124
turkish	serguzest	2	DR	329	0.0008910121518891353
turkish	serguzest	2	OP	397	0.0010751727182370418
turkish	serguzest	2	PP	344	0.0009316358062305853
turkish	serguzest	2	IX	26	7.041433419184657e-05
turkish	serguzest	2	XE	16	4.333189796421327e-05
turkish	serguzest	2	EI	1831	0.004958794073279656
turkish	serguzest	2	GX	3	8.124730868289989e-06
turkish	serguzest	2	NC	780	0.0021124300257553967
turkish	serguzest	2	SX	8	2.1665948982106635e-05
turkish	serguzest	2	XI	84	0.00022749246431211966
turkish	serguzest	2	YX	4	1.0832974491053318e-05
turkish	serguzest	2	DN	686	0.001857855125215644
turkish	serguzest	2	CX	1	2.7082436227633294e-06
turkish	serguzest	2	XV	24	6.499784694631991e-05
turkish	serguzest	2	VD	2	5.416487245526659e-06
turkish	serguzest	2	VO	156	0.00042248600515107934
turkish	serguzest	2	SH	1627	0.004406312374235936
turkish	serguzest	2	BO	645	0.0017468171366823474
turkish	serguzest	2	WD	62	0.0001679111046113264
turkish	serguzest	2	PM	21	5.6873116078029915e-05
turkish	serguzest	2	TX	3	8.124730868289989e-06
turkish	serguzest	2	AG	675	0.0018280644453652472
turkish	serguzest	2	XA	31	8.39555523056632e-05
turkish	serguzest	2	YS	527	0.0014272443891962746
turkish	serguzest	2	LN	109	0.0002951985548812029
turkish	serguzest	2	XX	60	0.00016249461736579976
turkish	serguzest	2	LM	279	0.0007555999707509689
turkish	serguzest	2	MC	87	0.00023561719518040965
turkish	serguzest	2	SV	108	0.00029249031125843955
turkish	serguzest	2	DI	2129	0.005765850672863128
turkish	serguzest	2	LV	48	0.00012999569389263982
turkish	serguzest	2	VA	128	0.00034665518371370616
turkish	serguzest	2	AK	463	0.0012539167973394214
turkish	serguzest	2	VW	2	5.416487245526659e-06
turkish	serguzest	2	HY	290	0.0007853906506013655
turkish	serguzest	2	YD	181	0.0004901920957201626
turkish	serguzest	2	DX	1	2.7082436227633294e-06
turkish	serguzest	2	IW	542	0.0014678680435377244
turkish	serguzest	2	NX	37	0.00010020501404224318
turkish	serguzest	2	WX	1	2.7082436227633294e-06
turkish	serguzest	2	XC	76	0.00020582651533001303
turkish	serguzest	2	VM	2	5.416487245526659e-06
turkish	serguzest	2	AF	487	0.0013189146442857413
turkish	serguzest	2	BS	41	0.00011103798853329651
turkish	serguzest	2	LX	1	2.7082436227633294e-06
turkish	serguzest	2	XS	2	5.416487245526659e-06
turkish	serguzest	2	TB	514	0.0013920372221003512
turkish	serguzest	2	XL	6	1.6249461736579977e-05
turkish	serguzest	2	NU	199	0.0005389404809299026
turkish	serguzest	2	NF	233	0.0006310207641038557
turkish	serguzest	2	YF	246	0.000666227931199779
turkish	serguzest	2	WF	58	0.0001570781301202731
turkish	serguzest	2	LC	77	0.00020853475895277635
turkish	serguzest	2	VU	13	3.520716709592328e-05
turkish	serguzest	2	DW	668	0.001809106740005904
turkish	serguzest	2	BL	469	0.0012701662590760014
turkish	serguzest	2	NR	85	0.00023020070793488298
turkish	serguzest	2	UE	226	0.0006120630587445124
turkish	serguzest	2	YC	191	0.0005172745319477959
turkish	serguzest	2	FC	177	0.0004793591212291093
turkish	serguzest	2	UF	88	0.00023832543880317298
turkish	serguzest	2	YW	517	0.0014001619529686413
turkish	serguzest	2	SF	359	0.0009722594605720352
turkish	serguzest	2	DM	518	0.0014028701965914045
turkish	serguzest	2	TD	263	0.0007122680727867556
turkish	serguzest	2	DP	182	0.0004929003393429259
turkish	serguzest	2	EQ	87	0.00023561719518040965
turkish	serguzest	2	QU	297	0.0008043483559607088
turkish	serguzest	2	NY	543	0.0014705762871604878
turkish	serguzest	2	YM	297	0.0008043483559607088
turkish	serguzest	2	HS	156	0.00042248600515107934
turkish	serguzest	2	IH	566	0.0015328658904840444
turkish	serguzest	2	SK	297	0.0008043483559607088
turkish	serguzest	2	FW	144	0.0003899870816779194
turkish	serguzest	2	BU	1038	0.0028111568804283357
turkish	serguzest	2	GP	50	0.00013541218113816646
turkish	serguzest	2	MS	264	0.0007149763164095189
turkish	serguzest	2	MU	331	0.000896428639134662
turkish	serguzest	2	TV	22	5.9581359700793244e-05
turkish	serguzest	2	TN	249	0.000674352662068069
turkish	serguzest	2	IK	364	0.0009858006786858519
turkish	serguzest	2	HV	4	1.0832974491053318e-05
turkish	serguzest	2	MH	97	0.00026269963140804296
turkish	serguzest	2	UA	351	0.0009505935115899286
turkish	serguzest	2	LP	121	0.00032769747835436285
turkish	serguzest	2	NQ	29	7.853906506013655e-05
turkish	serguzest	2	RB	265	0.0007176845600322823
turkish	serguzest	2	OK	629	0.001703485238718134
turkish	serguzest	2	KN	552	0.0014949504797653577
turkish	serguzest	2	WN	245	0.0006635196875770157
turkish	serguzest	2	NB	199	0.0005389404809299026
turkish	serguzest	2	FR	564	0.0015274494032385178
turkish	serguzest	2	MT	244	0.0006608114439542523
turkish	serguzest	2	XP	140	0.0003791541071868661
turkish	serguzest	2	WR	97	0.00026269963140804296
turkish	serguzest	2	YP	158	0.00042790249239660604
turkish	serguzest	2	GW	217	0.0005876888661396425
turkish	serguzest	2	PV	4	1.0832974491053318e-05
turkish	serguzest	2	LG	58	0.0001570781301202731
turkish	serguzest	2	OI	590	0.0015978637374303643
turkish	serguzest	2	UB	195	0.0005281075064388492
turkish	serguzest	2	BT	80	0.00021665948982106634
turkish	serguzest	2	IZ	127	0.00034394694009094284
turkish	serguzest	2	ZE	119	0.0003222809911088362
turkish	serguzest	2	HM	139	0.00037644586356410276
turkish	serguzest	2	NP	134	0.00036290464545028615
turkish	serguzest	2	GU	180	0.0004874838520973993
turkish	serguzest	2	AO	25	6.770609056908323e-05
turkish	serguzest	2	DJ	55	0.0001489533992519831
turkish	serguzest	2	GM	137	0.0003710293763185761
turkish	serguzest	2	RH	380	0.001029132576650065
turkish	serguzest	2	PS	169	0.00045769317224700264
turkish	serguzest	2	AH	125	0.00033853045284541614
turkish	serguzest	2	HU	199	0.0005389404809299026
turkish	serguzest	2	CQ	5	1.3541218113816646e-05
turkish	serguzest	2	HF	47	0.00012728745026987647
turkish	serguzest	2	NH	549	0.0014868257488970678
turkish	serguzest	2	EY	851	0.002304715322971593
turkish	serguzest	2	CS	10	2.7082436227633293e-05
turkish	serguzest	2	MF	59	0.00015978637374303642
turkish	serguzest	2	GY	81	0.00021936773344382967
turkish	serguzest	2	EJ	78	0.00021124300257553967
turkish	serguzest	2	JU	186	0.0005037333138339792
turkish	serguzest	2	GJ	8	2.1665948982106635e-05
turkish	serguzest	2	UW	166	0.0004495684413787127
turkish	serguzest	2	MV	6	1.6249461736579977e-05
turkish	serguzest	2	WB	53	0.00014353691200645646
turkish	serguzest	2	SQ	43	0.00011645447577882317
turkish	serguzest	2	UI	352	0.0009533017552126919
turkish	serguzest	2	KL	59	0.00015978637374303642
turkish	serguzest	2	BJ	15	4.062365434144994e-05
turkish	serguzest	2	JE	37	0.00010020501404224318
turkish	serguzest	2	OY	292	0.0007908071378468921
turkish	serguzest	2	UH	136	0.0003683211326958128
turkish	serguzest	2	RV	111	0.0003006150421267296
turkish	serguzest	2	UX	3	8.124730868289989e-06
turkish	serguzest	2	FL	145	0.00039269532530068275
turkish	serguzest	2	YY	121	0.00032769747835436285
turkish	serguzest	2	FM	174	0.0004712343903608193
turkish	serguzest	2	KA	217	0.0005876888661396425
turkish	serguzest	2	UP	417	0.0011293375906923082
turkish	serguzest	2	RP	168	0.0004549849286242393
turkish	serguzest	2	YK	30	8.124730868289988e-05
turkish	serguzest	2	TG	159	0.00043061073601936937
turkish	serguzest	2	GN	88	0.00023832543880317298
turkish	serguzest	2	TK	123	0.0003331139655998895
turkish	serguzest	2	WL	62	0.0001679111046113264
turkish	serguzest	2	WK	18	4.874838520973993e-05
turkish	serguzest	2	KW	126	0.0003412386964681795
turkish	serguzest	2	KM	48	0.00012999569389263982
turkish	serguzest	2	YH	422	0.0011428788088061249
turkish	serguzest	2	WM	82	0.00022207597706659302
turkish	serguzest	2	FH	201	0.0005443569681754292
turkish	serguzest	2	HG	43	0.00011645447577882317
turkish	serguzest	2	CB	7	1.8957705359343306e-05
turkish	serguzest	2	GB	120	0.00032498923473159953
turkish	serguzest	2	BR	273	0.0007393505090143889
turkish	serguzest	2	YL	162	0.00043873546688765933
turkish	serguzest	2	UZ	3	8.124730868289989e-06
turkish	serguzest	2	ZZ	6	1.6249461736579977e-05
turkish	serguzest	2	ZL	4	1.0832974491053318e-05
turkish	serguzest	2	UK	93	0.0002518666569169896
turkish	serguzest	2	KH	99	0.0002681161186535696
turkish	serguzest	2	LK	140	0.0003791541071868661
turkish	serguzest	2	UV	21	5.6873116078029915e-05
turkish	serguzest	2	HL	61	0.0001652028609885631
turkish	serguzest	2	AA	30	8.124730868289988e-05
turkish	serguzest	2	LW	150	0.0004062365434144994
turkish	serguzest	2	NJ	38	0.00010291325766500651
turkish	serguzest	2	WW	149	0.0004035282997917361
turkish	serguzest	2	BN	2	5.416487245526659e-06
turkish	serguzest	2	KB	43	0.00011645447577882317
turkish	serguzest	2	PY	30	8.124730868289988e-05
turkish	serguzest	2	WC	29	7.853906506013655e-05
turkish	serguzest	2	PB	18	4.874838520973993e-05
turkish	serguzest	2	BI	271	0.0007339340217688622
turkish	serguzest	2	KO	140	0.0003791541071868661
turkish	serguzest	2	LR	76	0.00020582651533001303
turkish	serguzest	2	HP	45	0.00012187096302434982
turkish	serguzest	2	WP	15	4.062365434144994e-05
turkish	serguzest	2	IU	27	7.312257781460989e-05
turkish	serguzest	2	KP	30	8.124730868289988e-05
turkish	serguzest	2	FJ	14	3.791541071868661e-05
turkish	serguzest	2	WS	191	0.0005172745319477959
turkish	serguzest	2	GC	55	0.0001489533992519831
turkish	serguzest	2	TJ	26	7.041433419184657e-05
turkish	serguzest	2	ZI	14	3.791541071868661e-05
turkish	serguzest	2	UU	12	3.2498923473159954e-05
turkish	serguzest	2	GV	16	4.333189796421327e-05
turkish	serguzest	2	FB	54	0.00014624515562921978
turkish	serguzest	2	UQ	2	5.416487245526659e-06
turkish	serguzest	2	RQ	8	2.1665948982106635e-05
turkish	serguzest	2	PZ	1	2.7082436227633294e-06
turkish	serguzest	2	KF	28	7.583082143737322e-05
turkish	serguzest	2	CY	45	0.00012187096302434982
turkish	serguzest	2	MG	60	0.00016249461736579976
turkish	serguzest	2	MW	120	0.00032498923473159953
turkish	serguzest	2	PC	8	2.1665948982106635e-05
turkish	serguzest	2	MN	81	0.00021936773344382967
turkish	serguzest	2	MJ	9	2.4374192604869964e-05
turkish	serguzest	2	EK	135	0.00036561288907304947
turkish	serguzest	2	UJ	5	1.3541218113816646e-05
turkish	serguzest	2	MQ	6	1.6249461736579977e-05
turkish	serguzest	2	GD	59	0.00015978637374303642
turkish	serguzest	2	WQ	2	5.416487245526659e-06
turkish	serguzest	2	OQ	4	1.0832974491053318e-05
turkish	serguzest	2	AQ	14	3.791541071868661e-05
turkish	serguzest	2	KY	73	0.00019770178446172303
turkish	serguzest	2	PF	19	5.145662883250326e-05
turkish	serguzest	2	XH	6	1.6249461736579977e-05
turkish	serguzest	2	JA	57	0.00015436988649750977
turkish	serguzest	2	IJ	21	5.6873116078029915e-05
turkish	serguzest	2	KU	18	4.874838520973993e-05
turkish	serguzest	2	SJ	36	9.749677041947986e-05
turkish	serguzest	2	KC	29	7.853906506013655e-05
turkish	serguzest	2	AX	7	1.8957705359343306e-05
turkish	serguzest	2	XD	1	2.7082436227633294e-06
turkish	serguzest	2	LJ	3	8.124730868289989e-06
turkish	serguzest	2	IQ	14	3.791541071868661e-05
turkish	serguzest	2	CP	2	5.416487245526659e-06
turkish	serguzest	2	HD	29	7.853906506013655e-05
turkish	serguzest	2	HJ	4	1.0832974491053318e-05
turkish	serguzest	2	AJ	22	5.9581359700793244e-05
turkish	serguzest	2	YU	28	7.583082143737322e-05
turkish	serguzest	2	UO	35	9.478852679671652e-05
turkish	serguzest	2	TQ	21	5.6873116078029915e-05
turkish	serguzest	2	ZA	23	6.228960332355657e-05
turkish	serguzest	2	WU	9	2.4374192604869964e-05
turkish	serguzest	2	VY	17	4.60401415869766e-05
turkish	serguzest	2	DQ	32	8.666379592842654e-05
turkish	serguzest	2	HK	2	5.416487245526659e-06
turkish	serguzest	2	PW	29	7.853906506013655e-05
turkish	serguzest	2	UY	29	7.853906506013655e-05
turkish	serguzest	2	KD	14	3.791541071868661e-05
turkish	serguzest	2	OZ	5	1.3541218113816646e-05
turkish	serguzest	2	PD	4	1.0832974491053318e-05
turkish	serguzest	2	WG	14	3.791541071868661e-05
turkish	serguzest	2	CN	7	1.8957705359343306e-05
turkish	serguzest	2	CM	2	5.416487245526659e-06
turkish	serguzest	2	HQ	6	1.6249461736579977e-05
turkish	serguzest	2	PN	10	2.7082436227633293e-05
turkish	serguzest	2	WJ	4	1.0832974491053318e-05
turkish	serguzest	2	GK	4	1.0832974491053318e-05
turkish	serguzest	2	AZ	14	3.791541071868661e-05
turkish	serguzest	2	ZY	3	8.124730868289989e-06
turkish	serguzest	2	KJ	2	5.416487245526659e-06
turkish	serguzest	2	YQ	10	2.7082436227633293e-05
turkish	serguzest	2	FV	15	4.062365434144994e-05
turkish	serguzest	2	KG	12	3.2498923473159954e-05
turkish	serguzest	2	KV	4	1.0832974491053318e-05
turkish	serguzest	2	BW	6	1.6249461736579977e-05
turkish	serguzest	2	BM	7	1.8957705359343306e-05
turkish	serguzest	2	LQ	3	8.124730868289989e-06
turkish	serguzest	2	RX	33	8.937203955118986e-05
turkish	serguzest	2	BF	1	2.7082436227633294e-06
turkish	serguzest	2	WV	6	1.6249461736579977e-05
turkish	serguzest	2	PG	2	5.416487245526659e-06
turkish	serguzest	2	TZ	7	1.8957705359343306e-05
turkish	serguzest	2	KQ	6	1.6249461736579977e-05
turkish	serguzest	2	RJ	16	4.333189796421327e-05
turkish	serguzest	2	BD	2	5.416487245526659e-06
turkish	serguzest	2	XF	3	8.124730868289989e-06
turkish	serguzest	2	CD	3	8.124730868289989e-06
turkish	serguzest	2	IY	1	2.7082436227633294e-06
turkish	serguzest	2	ZO	2	5.416487245526659e-06
turkish	serguzest	2	FK	6	1.6249461736579977e-05
turkish	serguzest	2	MK	4	1.0832974491053318e-05
turkish	serguzest	2	KR	12	3.2498923473159954e-05
turkish	serguzest	2	OX	4	1.0832974491053318e-05
turkish	serguzest	2	AE	3	8.124730868289989e-06
turkish	serguzest	2	FQ	1	2.7082436227633294e-06
turkish	serguzest	2	GQ	4	1.0832974491053318e-05
turkish	serguzest	2	YZ	1	2.7082436227633294e-06
turkish	serguzest	2	PQ	2	5.416487245526659e-06
turkish	serguzest	2	XO	1	2.7082436227633294e-06
turkish	serguzest	2	PK	1	2.7082436227633294e-06
turkish	serguzest	2	EZ	2	5.416487245526659e-06
turkish	serguzest	2	KK	2	5.416487245526659e-06
turkish	serguzest	2	ZF	1	2.7082436227633294e-06
turkish	serguzest	2	CZ	6	1.6249461736579977e-05
turkish	serguzest	2	CG	2	5.416487245526659e-06
turkish	serguzest	2	QA	2	5.416487245526659e-06
turkish	serguzest	2	NZ	3	8.124730868289989e-06
turkish	serguzest	2	PJ	1	2.7082436227633294e-06
turkish	serguzest	2	ZN	3	8.124730868289989e-06
turkish	serguzest	2	XM	2	5.416487245526659e-06
